{"name":"t:sections.group.aside.name","type":"aside","sections":{"product-labels-and-badges":{"type":"product-labels-and-badges","blocks":{"product-labels-and-badges-0":{"type":"sale-label","settings":{"show_on_product_card":true,"show_on_product_page":true,"icon":"none","custom_icon":"","content":"-{sale}","display_type":"round","font_size":80,"font_size_mobile":90,"size":1,"size_mobile":2,"opacity":100,"position":"top-left","horizontal_position":95,"vertical_position":5,"background_color":"#e12b28","text_color":"#ffffff","border_color":"rgba(0,0,0,0)","background_color_dark":"#e12b28","text_color_dark":"#ffffff","border_color_dark":"rgba(0,0,0,0)"}},"product-labels-and-badges-1":{"type":"sold-out-label","settings":{"show_on_product_card":true,"show_on_product_page":false,"icon":"none","custom_icon":"","content":"Sold out","display_type":"round","font_size":80,"font_size_mobile":90,"size":1,"size_mobile":2,"opacity":100,"position":"top-left","horizontal_position":5,"vertical_position":5,"background_color":"#d7e5e5","text_color":"#618482","border_color":"rgba(0,0,0,0)","background_color_dark":"#d7e5e5","text_color_dark":"#618482","border_color_dark":"rgba(0,0,0,0)"}}},"block_order":["product-labels-and-badges-0","product-labels-and-badges-1"],"settings":{"enable":true}},"quick-view":{"type":"quick-view","blocks":{"ddc0171b-7de1-4b50-b04a-6d693125a5f0":{"type":"vendor","settings":{}},"ecdb0844-04b3-4f77-a3e5-de3beef32f1d":{"type":"product_name","settings":{"title_size":100,"heading_tag":"h2"}},"badges":{"type":"badges","settings":{}},"price":{"type":"price","settings":{"show_tax_and_shipping":false}},"description":{"type":"description","settings":{"show_in_tab":false,"open_by_default":false,"make_content_center":false,"read_more_label":"Read more"}},"variant-picker":{"type":"variant_picker","settings":{"picker_type":"button","show_variant_option":true,"enable_color_swatches":true}},"quantity-selector":{"type":"quantity_selector","settings":{}},"buy-buttons":{"type":"buy_buttons","settings":{"show_dynamic_checkout":true,"preorder_show":"no","preorder_button_label":"","preorder_message":"<p>This product will be available for sale in 2 weeks, but you can pre-order now to receive 10% discount!<\/p>","preorder_show_dynamic_button":false,"show_background":false,"box_type":"square","background_color_light":"rgba(0,0,0,0)","message_color_light":"rgba(0,0,0,0)","background_color_dark":"rgba(0,0,0,0)","message_color_dark":"rgba(0,0,0,0)","button_light":"rgba(0,0,0,0)","button_text_light":"rgba(0,0,0,0)","button_hover_light":"rgba(0,0,0,0)","button_text_hover_light":"rgba(0,0,0,0)","secondary_button_light":"rgba(0,0,0,0)","secondary_button_text_light":"rgba(0,0,0,0)","button_dark":"rgba(0,0,0,0)","button_text_dark":"rgba(0,0,0,0)","button_hover_dark":"rgba(0,0,0,0)","button_text_hover_dark":"rgba(0,0,0,0)","secondary_button_dark":"rgba(0,0,0,0)","secondary_button_text_dark":"rgba(0,0,0,0)"}}},"block_order":["ddc0171b-7de1-4b50-b04a-6d693125a5f0","ecdb0844-04b3-4f77-a3e5-de3beef32f1d","badges","price","description","variant-picker","quantity-selector","buy-buttons"],"settings":{"product":"","show_product_name":false,"title_size":100,"heading_tag":"h2","show_vendor":false,"make_content_center":false,"desktop_layout":"right","image_ratio":"natural","show_arrow_button":true,"show_thumbnails":true,"thumbnail_position":"horizontal","enable_video_autoplay":true,"enable_video_loop":false,"show_first_image_avaiable":true,"show_media_with_variant_selected":false,"option_to_classify_variant_media":"","color_button":"#f7f7f7","color_text_button":"#687373","color_button_hover":"rgba(0,0,0,0)","color_text_button_hover":"rgba(0,0,0,0)","show_atc_button":true,"quickadd_mobile_position":"top","enable_quickview":true,"quickview_label":"Quick view"}},"cookie-banner":{"type":"cookie-banner","settings":{"cookie_enabled":true,"cookie_notice":"<p>We use cookies and similar technologies to provide the best experience on our website. <\/p>","cookie_delay":4,"content_alignment":"","button_accept":"Got it!","button_decline":"Decline","background_color_cookie_light":"#334354","text_color_cookie_light":"#ffffff","accept_button_background":"#2cb29b","accept_button_text":"#ffffff","background_color_cookie_dark":"#334354","text_color_cookie_dark":"#ffffff","accept_button_background_dark":"#2cb29b","accept_button_text_dark":"#ffffff"}},"popup-age-verification":{"type":"popup-age-verification","blocks":{"content-0":{"type":"content","settings":{"heading":"Confirm your age","text":"<p>Please verify that you are 18 years of age or older to enter this site.<\/p>","heading_color":"rgba(0,0,0,0)","text_color_light":"rgba(0,0,0,0)","heading_color_dark":"rgba(0,0,0,0)","text_color_dark":"rgba(0,0,0,0)"}},"buttons-0":{"type":"buttons","settings":{"decline_button_label":"Disagree","decline_button_link":"","open_new_window":false,"accept_button_label":"Agree","accept_button_background":"rgba(0,0,0,0)","accept_button_text":"rgba(0,0,0,0)","accept_button_background_dark":"rgba(0,0,0,0)","accept_button_text_dark":"rgba(0,0,0,0)"}}},"block_order":["content-0","buttons-0"],"disabled":true,"settings":{"overlay_opacity":80,"content_alignment":"center","reappear_after":1,"background_color_light":"#f8f8f8","background_color_dark":"#171f1e"}}},"order":["product-labels-and-badges","quick-view","cookie-banner","popup-age-verification"]}