{"name":"t:sections.group.aside.name","type":"aside","sections":{"product-labels-and-badges":{"type":"product-labels-and-badges","blocks":{"product-labels-and-badges-0":{"type":"sale-label","settings":{"show_on_product_page":true,"content":"Save {sale}","display_type":"square","font_size":90,"size":2,"opacity":100,"position":"top-left","horizontal_position":95,"vertical_position":5,"background_color":"#ce021e","text_color":"#ffffff","background_color_dark":"#ce021e","text_color_dark":"#ffffff"}},"product-labels-and-badges-1":{"type":"sold-out-label","settings":{"show_on_product_page":false,"content":"Sold out","display_type":"square","font_size":90,"size":2,"opacity":100,"position":"top-left","horizontal_position":5,"vertical_position":5,"background_color":"#525151","text_color":"#ffffff","background_color_dark":"#525151","text_color_dark":"#ffffff"}}},"block_order":["product-labels-and-badges-0","product-labels-and-badges-1"],"settings":{"enable":true}},"quick-view":{"type":"quick-view","blocks":{"price":{"type":"price","settings":{"show_tax_and_shipping":false}},"badges":{"type":"badges","settings":{}},"description":{"type":"description","settings":{"show_in_tab":false}},"variant-picker":{"type":"variant_picker","settings":{"picker_type":"button","show_variant_option":true,"enable_color_swatches":true}},"quantity-selector":{"type":"quantity_selector","settings":{}},"buy-buttons":{"type":"buy_buttons","settings":{"show_dynamic_checkout":true}}},"block_order":["price","badges","description","variant-picker","quantity-selector","buy-buttons"],"settings":{"show_vendor":true,"desktop_layout":"right","image_ratio":"natural","show_thumbnails":true,"thumbnail_position":"horizontal","enable_video_autoplay":true,"color_button":"#f2f2f2","color_text_button":"#625D5D","color_button_hover":"rgba(0,0,0,0)","color_text_button_hover":"rgba(0,0,0,0)","enable_quickview":true,"quickview_label":"Quick view"}},"popup-promotion":{"type":"popup-promotion","blocks":{"sections--18371362324774__2eca4af3-5277-406b-a4de-c52946c34b5f-1680002178ae4a2c07-0":{"type":"heading","settings":{"subheading":"","heading":"$10 off your first order","heading_color":"#000000","heading_color_dark":"#FFFFFF"}},"sections--18371362324774__2eca4af3-5277-406b-a4de-c52946c34b5f-1680002178ae4a2c07-1":{"type":"text","settings":{"text":"<p>Simply enter code coupon_code at checkout<\/p>"}},"sections--18371362324774__2eca4af3-5277-406b-a4de-c52946c34b5f-1680002178ae4a2c07-2":{"type":"button","settings":{"button_label":"SHOP NOW","button_link":"","button_color":"rgba(0,0,0,0)","button_text_color":"rgba(0,0,0,0)","button_color_dark":"rgba(0,0,0,0)","button_text_color_dark":"rgba(0,0,0,0)"}}},"block_order":["sections--18371362324774__2eca4af3-5277-406b-a4de-c52946c34b5f-1680002178ae4a2c07-0","sections--18371362324774__2eca4af3-5277-406b-a4de-c52946c34b5f-1680002178ae4a2c07-1","sections--18371362324774__2eca4af3-5277-406b-a4de-c52946c34b5f-1680002178ae4a2c07-2"],"settings":{"popup_position":"bottom-left","content_position":"left","content_alignment":"center","background_color_light":"#F6F6F6","text_color_light":"#000000","background_color_dark":"#2A2A2A","text_color_dark":"#FFFFFF","show_for_guests_only":true,"show_on_mobile":false,"schedule_enabled":false,"delay":5,"reappear_after":7}},"popup-age-verification":{"type":"popup-age-verification","blocks":{"content-0":{"type":"content","settings":{"heading":"Confirm your age","text":"<p>Please verify that you are 18 years of age or older to enter this site.<\/p>","heading_color":"rgba(0,0,0,0)","text_color_light":"rgba(0,0,0,0)","heading_color_dark":"rgba(0,0,0,0)","text_color_dark":"rgba(0,0,0,0)"}},"buttons-0":{"type":"buttons","settings":{"decline_button_label":"Disagree","decline_button_link":"","accept_button_label":"Agree","accept_button_background":"rgba(0,0,0,0)","accept_button_text":"rgba(0,0,0,0)","accept_button_background_dark":"rgba(0,0,0,0)","accept_button_text_dark":"rgba(0,0,0,0)"}}},"block_order":["content-0","buttons-0"],"disabled":true,"settings":{"overlay_opacity":80,"content_alignment":"center","reappear_after":1,"background_color_light":"#f6f6f6","background_color_dark":"#2a2a2a"}},"cookie-banner":{"type":"cookie-banner","settings":{"cookie_enabled":true,"cookie_notice":"<p>We use cookies and similar technologies to provide the best experience on our website. <\/p>","cookie_delay":4,"content_alignment":"","button_accept":"Got it!","button_decline":"Decline","background_color_cookie_light":"#000000","text_color_cookie_light":"#999999","accept_button_background":"#FB8500","accept_button_text":"#000000","background_color_cookie_dark":"#ffffff","text_color_cookie_dark":"#525151","accept_button_background_dark":"#FB8500","accept_button_text_dark":"#000000"}}},"order":["product-labels-and-badges","quick-view","popup-promotion","popup-age-verification","cookie-banner"]}