{"name":"t:sections.group.aside.name","type":"aside","sections":{"product-labels-and-badges":{"type":"product-labels-and-badges","blocks":{"db437385-f419-4af9-9154-0a7b80de9329":{"type":"text-label","settings":{"show_on_product_card":true,"show_on_product_page":true,"applied_products":[],"applied_collections":[],"icon":"none","custom_icon":"","content":"New In","display_type":"rounded-full","font_size":90,"size":2,"opacity":100,"position":"top-left","horizontal_position":5,"vertical_position":5,"background_color":"#1c1794","text_color":"#ffffff","border_color":"rgba(0,0,0,0)","background_color_dark":"#1c1794","text_color_dark":"#ffffff","border_color_dark":"rgba(0,0,0,0)","schedule_enabled":false,"timezone":"-4","start_year":2023,"start_month":"1","start_day":"1","start_hour":"0","start_minute":"0","end_year":2023,"end_month":"1","end_day":"1","end_hour":"0","end_minute":"0"}},"product-labels-and-badges-0":{"type":"sale-label","settings":{"show_on_product_card":true,"show_on_product_page":true,"icon":"none","custom_icon":"","content":"Save {sale}","display_type":"rounded-full","font_size":90,"size":2,"opacity":100,"position":"top-left","horizontal_position":95,"vertical_position":5,"background_color":"#970000","text_color":"#ffffff","border_color":"rgba(0,0,0,0)","background_color_dark":"#970000","text_color_dark":"#ffffff","border_color_dark":"rgba(0,0,0,0)"}},"product-labels-and-badges-1":{"type":"sold-out-label","settings":{"show_on_product_card":true,"show_on_product_page":false,"icon":"none","custom_icon":"","content":"Sold out","display_type":"rounded-full","font_size":90,"size":2,"opacity":100,"position":"top-left","horizontal_position":5,"vertical_position":5,"background_color":"#eaeaf5","text_color":"#0d0d0d","border_color":"rgba(0,0,0,0)","background_color_dark":"#eaeaf5","text_color_dark":"#0d0d0d","border_color_dark":"rgba(0,0,0,0)"}}},"block_order":["db437385-f419-4af9-9154-0a7b80de9329","product-labels-and-badges-0","product-labels-and-badges-1"],"settings":{"enable":true}},"quick-view":{"type":"quick-view","blocks":{"badges":{"type":"badges","settings":{}},"price":{"type":"price","settings":{"show_tax_and_shipping":false}},"gift_wrapping_pRkiQk":{"type":"gift_wrapping","settings":{"text_gift":"","color_icon_light":"rgba(0,0,0,0)","color_icon_dark":"rgba(0,0,0,0)"}},"variant-picker":{"type":"variant_picker","settings":{"picker_type":"button","show_variant_option":true,"enable_color_swatches":true}},"quantity-selector":{"type":"quantity_selector","settings":{}},"buy-buttons":{"type":"buy_buttons","settings":{"show_dynamic_checkout":true,"preorder_show":"no","preorder_button_label":"","preorder_message":"<p>This product will be available for sale in 2 weeks, but you can pre-order now to receive 10% discount!<\/p>","preorder_show_dynamic_button":false,"show_background":false,"box_type":"square","background_color_light":"rgba(0,0,0,0)","message_color_light":"rgba(0,0,0,0)","background_color_dark":"rgba(0,0,0,0)","message_color_dark":"rgba(0,0,0,0)","button_light":"rgba(0,0,0,0)","button_text_light":"rgba(0,0,0,0)","button_hover_light":"rgba(0,0,0,0)","button_text_hover_light":"rgba(0,0,0,0)","secondary_button_light":"rgba(0,0,0,0)","secondary_button_text_light":"rgba(0,0,0,0)","button_dark":"rgba(0,0,0,0)","button_text_dark":"rgba(0,0,0,0)","button_hover_dark":"rgba(0,0,0,0)","button_text_hover_dark":"rgba(0,0,0,0)","secondary_button_dark":"rgba(0,0,0,0)","secondary_button_text_dark":"rgba(0,0,0,0)"}}},"block_order":["badges","price","gift_wrapping_pRkiQk","variant-picker","quantity-selector","buy-buttons"],"settings":{"product":"","show_product_name":true,"title_size":100,"heading_tag":"h2","show_vendor":true,"desktop_layout":"right","image_ratio":"natural","show_arrow_button":true,"show_thumbnails":true,"thumbnail_position":"horizontal","enable_video_autoplay":true,"enable_video_loop":false,"show_first_image_avaiable":true,"color_button":"#f5f0e7","color_text_button":"#766b65","color_button_hover":"rgba(0,0,0,0)","color_text_button_hover":"rgba(0,0,0,0)","show_atc_button":true,"quickadd_mobile_position":"top","enable_quickview":true,"quickview_label":"Quick view"}},"popup-promotion":{"type":"popup-promotion","blocks":{"sections--18371362324774__2eca4af3-5277-406b-a4de-c52946c34b5f-1680002178ae4a2c07-0":{"type":"heading","settings":{"subheading":"","heading":"$10 off your first order","heading_color":"#000000","heading_color_dark":"#ffffff"}},"sections--18371362324774__2eca4af3-5277-406b-a4de-c52946c34b5f-1680002178ae4a2c07-1":{"type":"text","settings":{"text":"<p>Simply enter code coupon_code at checkout<\/p>","coupon_code":"SIMPLY10","coupon_color":"rgba(0,0,0,0)","coupon_color_dark":"rgba(0,0,0,0)"}},"sections--18371362324774__2eca4af3-5277-406b-a4de-c52946c34b5f-1680002178ae4a2c07-2":{"type":"button","settings":{"button_label":"SHOP NOW","button_link":"","open_new_window":false,"button_color":"rgba(0,0,0,0)","button_text_color":"rgba(0,0,0,0)","button_color_dark":"rgba(0,0,0,0)","button_text_color_dark":"rgba(0,0,0,0)"}}},"block_order":["sections--18371362324774__2eca4af3-5277-406b-a4de-c52946c34b5f-1680002178ae4a2c07-0","sections--18371362324774__2eca4af3-5277-406b-a4de-c52946c34b5f-1680002178ae4a2c07-1","sections--18371362324774__2eca4af3-5277-406b-a4de-c52946c34b5f-1680002178ae4a2c07-2"],"settings":{"popup_position":"bottom-left","content_position":"left","content_alignment":"center","background_color_light":"#f7f7f7","text_color_light":"#2e2e2e","background_color_dark":"#1f1f1f","text_color_dark":"#999999","show_for_guests_only":true,"show_on_mobile":false,"schedule_enabled":false,"delay":5,"reappear_after":7,"enable_desktop":true,"default_style":"minimal","enable_mobile":false,"default_style_mobile":"minimal","minimal_title":"","minimal_subtitle":""}},"popup-age-verification":{"type":"popup-age-verification","blocks":{"content-0":{"type":"content","settings":{"heading":"Confirm your age","text":"<p>Please verify that you are 18 years of age or older to enter this site.<\/p>","heading_color":"rgba(0,0,0,0)","text_color_light":"rgba(0,0,0,0)","heading_color_dark":"rgba(0,0,0,0)","text_color_dark":"rgba(0,0,0,0)"}},"buttons-0":{"type":"buttons","settings":{"decline_button_label":"Disagree","decline_button_link":"","open_new_window":false,"accept_button_label":"Agree","accept_button_background":"rgba(0,0,0,0)","accept_button_text":"rgba(0,0,0,0)","accept_button_background_dark":"rgba(0,0,0,0)","accept_button_text_dark":"rgba(0,0,0,0)"}}},"block_order":["content-0","buttons-0"],"disabled":true,"settings":{"overlay_opacity":80,"content_alignment":"center","reappear_after":1,"background_color_light":"#ffffff","background_color_dark":"#292929"}},"cookie-banner":{"type":"cookie-banner","settings":{"cookie_enabled":true,"cookie_notice":"<p>We use cookies and similar technologies to provide the best experience on our website. <\/p>","cookie_delay":4,"content_alignment":"","button_accept":"Got it!","button_decline":"Decline","background_color_cookie_light":"#292929","text_color_cookie_light":"#999999","accept_button_background":"#0c1b54","accept_button_text":"#ffffff","background_color_cookie_dark":"#ffffff","text_color_cookie_dark":"#2e2e2e","accept_button_background_dark":"#0c1b54","accept_button_text_dark":"#ffffff"}}},"order":["product-labels-and-badges","quick-view","popup-promotion","popup-age-verification","cookie-banner"]}