{"name":"t:sections.footer.name","type":"footer","sections":{"footer":{"type":"footer","blocks":{"footer-2":{"type":"text","settings":{"heading_text":"ABOUT US","subtext":"<p>Discover the artistic collaboration and love story that have lasted over half a century.<\/p>","show_social_icons":false}},"footer-0":{"type":"link_list","settings":{"heading_menu":"EXPLORE","menu":"explore","show_social_icons":false}},"footer-1":{"type":"link_list","settings":{"heading_menu":"SHOP","menu":"shop","show_social_icons":false}},"link_list_JMLJPG":{"type":"link_list","settings":{"heading_menu":"INFORMATION","menu":"information","show_social_icons":false}},"text_yLqzqQ":{"type":"text","settings":{"heading_text":"LET’S CONNECT","subtext":"<p>Follow us on our Social Media Channels.<\/p>","show_social_icons":true}}},"block_order":["footer-2","footer-0","footer-1","link_list_JMLJPG","text_yLqzqQ"],"settings":{"columns_desktop":5,"show_language_selector":true,"show_currency_selector":true,"show_social_icons":false,"payment_enable":true,"show_copyright":true,"add_copyright_text":"","additional_layout":"vertical","show_powered":true,"enable_follow_on_shop":false,"top_padding":0,"bottom_padding":40,"top_padding_mobile":0,"bottom_padding_mobile":28}}},"order":["footer"]}