{"name":"t:sections.header.name","type":"header","sections":{"announcement-bar":{"type":"announcement-bar","blocks":{"announcement-bar-0":{"type":"announcement","settings":{"icon":"none","custom_icon":"","text":"Valentine's day -20% off on the website","text_size":110,"link":"","open_new_window":false,"button_label_or_code":"Shop Now","button_link":"","open_new_window_button":false,"button_color":"rgba(0,0,0,0)","button_text_color":"#ffffff","button_color_dark":"rgba(0,0,0,0)","button_text_color_dark":"#ffffff","timezone":"-4","end_year":2023,"end_month":"1","end_day":"1","end_hour":"1","end_minute":"0"}},"announcement-bar-1":{"type":"announcement","settings":{"icon":"none","custom_icon":"","text":"FREESHIP FOR ORDERS FROM $100","text_size":110,"link":"","open_new_window":false,"button_label_or_code":"","button_link":"","open_new_window_button":false,"button_color":"rgba(0,0,0,0)","button_text_color":"rgba(0,0,0,0)","button_color_dark":"rgba(0,0,0,0)","button_text_color_dark":"rgba(0,0,0,0)","timezone":"-4","end_year":2023,"end_month":"1","end_day":"1","end_hour":"1","end_minute":"0"}}},"block_order":["announcement-bar-0","announcement-bar-1"],"settings":{"enable":true,"show_only_on_homepage":false,"enable_carousel_on_desktop":true,"backgound_color":"#3e2b21","text_color":"#ffffff","textlink_color_light":"#c2a27a","backgound_color_dark":"#2e1c13","text_color_dark":"#ffffff","textlink_color_dark":"#c2a27a","auto_switch_bar":true,"change_bar_every":5,"show_navigation":true,"show_social_icons":true,"alignment":"right","show_language_selector":false,"show_currency_selector":false,"text_size_toolbar":90}},"header":{"type":"header","settings":{"menu":"main-menu","full_width":true,"logo_position":"center-left","sticky_header_type":"on-scroll-up","logo_width":130,"logo_width_mobile":100,"show_social_icons":false,"enable_on_homepage":true,"enable_on_collection_page":false,"shadow":50,"text_color_light":"#ffffff","textlink_color_light":"#c2a27a","text_color_dark":"#ffffff","textlink_color_dark":"#c2a27a","shadow_color":"#ffffff","shadow_color_dark":"#ffffff","header_show_language_selector":false,"header_show_currency_selector":false,"show_section_divider":false,"padding_top":24,"padding_bottom":24,"show_section_divider_mobile":false,"padding_top_mobile":16,"padding_bottom_mobile":16}},"mobile-navigation":{"type":"mobile-navigation","blocks":{"mobile-navigation-2":{"type":"account","settings":{}},"mobile-navigation-3":{"type":"social","settings":{}}},"block_order":["mobile-navigation-2","mobile-navigation-3"],"settings":{"menu":"main-menu","show_language_selector":true,"show_currency_selector":true,"background_color":"#ffffff","text_color":"#2e2e2e","divider_color":"#f2f2f2","background_color_dark":"#292929","text_color_dark":"#999999","divider_color_dark":"#333333"}}},"order":["announcement-bar","header","mobile-navigation"]}