{"sections":{"cart-items":{"type":"main-cart-items","settings":{"heading_tag":"h1","padding_top":44,"padding_bottom":0,"padding_top_mobile":36,"padding_bottom_mobile":0}},"cart-footer":{"type":"main-cart-footer","blocks":{"subtotal":{"type":"subtotal","settings":{}},"dr_shipping_calculator_cart_summary_9BnxRW":{"type":"shopify:\/\/apps\/dr-cart-shipping-rates\/blocks\/cart-summary\/6fdcf202-26c0-4288-be36-8b389f5d262c","settings":{"alignment":"right","button_color":"#000000","button_text_color":"#ffffff","text_color":"#000000","font_size":16,"include_padding":true,"max_width":650}},"buttons":{"type":"buttons","settings":{}}},"block_order":["subtotal","dr_shipping_calculator_cart_summary_9BnxRW","buttons"],"settings":{"padding_top":40,"padding_bottom":84,"padding_top_mobile":40,"padding_bottom_mobile":84}},"cart-upsell":{"type":"main-cart-upsell","settings":{"heading_tag":"h2","number_of_columns_on_desktop":4,"show_quickview":true,"spacing":28,"padding_top":64,"padding_bottom":16,"spacing_mobile":16,"padding_top_mobile":52,"padding_bottom_mobile":12}}},"order":["cart-items","cart-footer","cart-upsell"]}