{"sections":{"banner":{"type":"main-collection-banner","blocks":{"breadcrumbs":{"type":"breadcrumbs","settings":{"show_breadcrumbs_border":false,"full_width_breadcrumb":true,"desktop_content_alignment":"text-center","mobile_content_alignment":"text-center","background_color_light":"#f2f2f2","text_color_light":"rgba(0,0,0,0)","textlink_color_light":"rgba(0,0,0,0)","background_color_dark":"#313131","text_color_dark":"rgba(0,0,0,0)","textlink_color_dark":"rgba(0,0,0,0)"}},"description":{"type":"description","settings":{"full_width":true,"desktop_content_alignment":"text-center","mobile_content_alignment":"text-center","background_color_light":"rgba(0,0,0,0)","text_color_light":"rgba(0,0,0,0)","background_color_dark":"rgba(0,0,0,0)","text_color_dark":"rgba(0,0,0,0)","padding_top":60,"padding_bottom":0}}},"block_order":["breadcrumbs","description"],"settings":{"show_collection_image":false,"image_overlay_opacity":20,"title_position":"text-center","size_title":110,"full_width_title":true,"desktop_height":"550px","full_width":true,"padding_top":0,"padding_bottom":36,"mobile_height":"300px","full_width_mobile":true,"padding_top_mobile":0,"padding_bottom_mobile":32}},"rich_text_8QeJPk":{"type":"rich-text","blocks":{"heading_LzqKzi":{"type":"heading","settings":{"heading":"SKIN CARE","heading_size":100}},"text_knHGRi":{"type":"text","settings":{"text":"<p>Dedicated to the latest women's fashion trends, beauty, and accessories. Dedicated to the latest women's fashion trends, beauty, and accessories. Dedicated to the latest women's fashion trends, beauty, and accessories. Dedicated to the latest women's fashion trends, beauty, and accessories.<\/p>"}}},"block_order":["heading_LzqKzi","text_knHGRi"],"settings":{"heading_light":"rgba(0,0,0,0)","text_light":"rgba(0,0,0,0)","background_color_light":"","heading_dark":"rgba(0,0,0,0)","text_dark":"rgba(0,0,0,0)","background_color_dark":"","content_alignment":"center","show_section_divider":false,"make_full_page_width":false,"padding_top":20,"padding_bottom":60,"content_alignment_mobile":"center","show_section_divider_mobile":false,"padding_top_mobile":28,"padding_bottom_mobile":28}},"9f05d7f2-771d-4719-b577-9d92b6324fe2":{"type":"media-gallery","blocks":{"template--21913657868603__9f05d7f2-771d-4719-b577-9d92b6324fe2-media-1":{"type":"media","settings":{"image_link":"","open_new_window":false,"video_url":"","enable_video_autoplay":true,"video_alt_text":"","enable_content_overlay":true,"content_position":"bottom","overlay_opacity":0,"number_of_columns":1,"number_of_row":1,"icon":"none","custom_icon":"","icon_size":45,"sub_title":"","title":"","title_size":80,"text":"","text_size":130,"text_align":"center","media_position":"top","button_label":"Skin Care","button_link":"","open_new_window_button":false,"color_overlay":"rgba(0,0,0,0)","title_color":"rgba(0,0,0,0)","text_color":"rgba(0,0,0,0)","color_button":"#000000","background_button":"#ffffff","color_button_hover":"rgba(0,0,0,0)","background_button_hover":"rgba(0,0,0,0)","color_button_secondary":"rgba(0,0,0,0)","secondary_button_text":"rgba(0,0,0,0)"}},"template--21913657868603__9f05d7f2-771d-4719-b577-9d92b6324fe2-media-2":{"type":"media","settings":{"image_link":"","open_new_window":false,"video_url":"","enable_video_autoplay":true,"video_alt_text":"","enable_content_overlay":true,"content_position":"bottom","overlay_opacity":0,"number_of_columns":1,"number_of_row":1,"icon":"none","custom_icon":"","icon_size":45,"sub_title":"","title":"","title_size":80,"text":"","text_size":130,"text_align":"center","media_position":"top","button_label":"Moisturizing","button_link":"","open_new_window_button":false,"color_overlay":"rgba(0,0,0,0)","title_color":"rgba(0,0,0,0)","text_color":"rgba(0,0,0,0)","color_button":"#000000","background_button":"#ffffff","color_button_hover":"rgba(0,0,0,0)","background_button_hover":"rgba(0,0,0,0)","color_button_secondary":"rgba(0,0,0,0)","secondary_button_text":"rgba(0,0,0,0)"}},"template--21913657868603__9f05d7f2-771d-4719-b577-9d92b6324fe2-media-3":{"type":"media","settings":{"image_link":"","open_new_window":false,"video_url":"","enable_video_autoplay":true,"video_alt_text":"","enable_content_overlay":true,"content_position":"bottom","overlay_opacity":0,"number_of_columns":1,"number_of_row":1,"icon":"none","custom_icon":"","icon_size":45,"sub_title":"","title":"","title_size":80,"text":"","text_size":130,"text_align":"center","media_position":"top","button_label":"Body","button_link":"","open_new_window_button":false,"color_overlay":"rgba(0,0,0,0)","title_color":"rgba(0,0,0,0)","text_color":"rgba(0,0,0,0)","color_button":"#000000","background_button":"#ffffff","color_button_hover":"rgba(0,0,0,0)","background_button_hover":"rgba(0,0,0,0)","color_button_secondary":"rgba(0,0,0,0)","secondary_button_text":"rgba(0,0,0,0)"}},"1b00f2cc-675f-4dd3-8fb9-a88e22b0cb43":{"type":"media","settings":{"image_link":"","open_new_window":false,"video_url":"","enable_video_autoplay":true,"video_alt_text":"","enable_content_overlay":true,"content_position":"bottom","overlay_opacity":0,"number_of_columns":1,"number_of_row":1,"icon":"none","custom_icon":"","icon_size":45,"sub_title":"","title":"","title_size":80,"text":"","text_size":130,"text_align":"center","media_position":"top","button_label":"White Skin","button_link":"","open_new_window_button":false,"color_overlay":"rgba(0,0,0,0)","title_color":"rgba(0,0,0,0)","text_color":"rgba(0,0,0,0)","color_button":"#000000","background_button":"#ffffff","color_button_hover":"rgba(0,0,0,0)","background_button_hover":"rgba(0,0,0,0)","color_button_secondary":"rgba(0,0,0,0)","secondary_button_text":"rgba(0,0,0,0)"}}},"block_order":["template--21913657868603__9f05d7f2-771d-4719-b577-9d92b6324fe2-media-1","template--21913657868603__9f05d7f2-771d-4719-b577-9d92b6324fe2-media-2","template--21913657868603__9f05d7f2-771d-4719-b577-9d92b6324fe2-media-3","1b00f2cc-675f-4dd3-8fb9-a88e22b0cb43"],"settings":{"heading":"","heading_size":100,"heading_alignment":"center","subheading":"","text":"","max_columns":4,"spacing":30,"height_desktop":440,"show_section_divider":false,"full_width":true,"padding_full_width":true,"padding_top":0,"padding_bottom":100,"min_columns_mobile":"1","spacing_mobile":16,"height_mobile":250,"show_section_divider_mobile":false,"full_width_mobile":false,"padding_top_mobile":28,"padding_bottom_mobile":28}},"product-grid":{"type":"main-collection-product-grid","blocks":{"a59e424d-3ee8-4334-9173-d22fbfeb78ac":{"type":"promotion_block","settings":{"subheading":"","heading":"Bundle & Save","title_size":80,"content":"","text_size":100,"image_overlay_opacity":10,"position":7,"button_label":"Shop Bundle","button_link":"","open_new_window":true,"alignment":"left","content_position":"end","background_color_light":"#f6f6f6","text_color_light":"#000000","background_color_dark":"#2a2a2a","text_color_dark":"#ffffff","color_button":"rgba(0,0,0,0)","color_text_button":"rgba(0,0,0,0)","color_button_hover":"rgba(0,0,0,0)","color_text_button_hover":"rgba(0,0,0,0)","color_button_secondary":"rgba(0,0,0,0)","secondary_button_text":"rgba(0,0,0,0)","number_of_columns":2,"number_of_row":1,"number_of_columns_mobile":"1","number_of_row_mobile":"1"}}},"block_order":["a59e424d-3ee8-4334-9173-d22fbfeb78ac"],"settings":{"enable_filtering":true,"sticky_filtering":false,"filter_type":"above","expand_filter":false,"enable_collection_count":true,"enable_sorting":true,"products_per_page":"18;26;30","products_per_row_on_desktop":4,"products_per_row_on_mobile":"2","paginate_type":"circle","show_vendor":false,"show_rating":false,"show_quickview":true,"full_width":true,"spacing_col":30,"spacing_row":60,"padding_top":0,"padding_bottom":100,"spacing_col_mobile":16,"spacing_row_mobile":32,"padding_top_mobile":0,"padding_bottom_mobile":48}},"6801164d-ffd6-4c86-a5b1-f6547f6df061":{"type":"collage","blocks":{"7f1df546-16b3-46dd-b25f-4d4d23b8246a":{"type":"image","settings":{"overlay_opacity":0,"image_link":"","open_new_window":false,"image_padding":false,"number_of_columns":2,"number_of_row":2,"title":"","title_size":80,"text":"","text_size":100,"button_label":"","button_link":"","open_new_window_button":false,"text_align":"center","content_position":"center","title_color":"rgba(0,0,0,0)","text_color":"rgba(0,0,0,0)","color_button":"rgba(0,0,0,0)","color_text_button":"rgba(0,0,0,0)","color_button_hover":"rgba(0,0,0,0)","color_text_button_hover":"rgba(0,0,0,0)","color_button_secondary":"rgba(0,0,0,0)","secondary_button_text":"rgba(0,0,0,0)"}},"template--21913163563323__6801164d-ffd6-4c86-a5b1-f6547f6df061-product-1":{"type":"product","settings":{"product":"","show_quickview":true,"info_alignment":"center","desktop_size":"large","number_of_columns":1,"number_of_row":1}},"dca464e9-b8ec-4ef0-9869-87ba918404e2":{"type":"product","settings":{"product":"","show_quickview":true,"info_alignment":"center","desktop_size":"large","number_of_columns":1,"number_of_row":1}},"4a27205d-d1fb-4cd3-bec9-8126113190dc":{"type":"product","settings":{"product":"","show_quickview":true,"info_alignment":"center","desktop_size":"large","number_of_columns":1,"number_of_row":1}},"06aa9103-922e-4ade-bfcf-543ff4d65763":{"type":"product","settings":{"product":"","show_quickview":true,"info_alignment":"center","desktop_size":"large","number_of_columns":1,"number_of_row":1}}},"block_order":["7f1df546-16b3-46dd-b25f-4d4d23b8246a","template--21913163563323__6801164d-ffd6-4c86-a5b1-f6547f6df061-product-1","dca464e9-b8ec-4ef0-9869-87ba918404e2","4a27205d-d1fb-4cd3-bec9-8126113190dc","06aa9103-922e-4ade-bfcf-543ff4d65763"],"settings":{"heading":"EXCLUSIVELY FOR YOU","heading_size":100,"heading_alignment":"center","subheading":"DISCOVER THIS WEEK’S","text":"","background_color_light":"rgba(0,0,0,0)","background_color_dark":"rgba(0,0,0,0)","show_vendor":false,"show_rating":false,"max_columns":4,"spacing":30,"full_width":true,"show_section_divider":false,"padding_top":0,"padding_bottom":100,"min_columns_mobile":"2","spacing_mobile":20,"full_width_mobile":false,"show_section_divider_mobile":false,"padding_top_mobile":28,"padding_bottom_mobile":28}},"452b73dc-329c-4733-af44-416b15bd417c":{"type":"multicolumn","blocks":{"template--21913163563323__452b73dc-329c-4733-af44-416b15bd417c-column-1":{"type":"column","settings":{"icon":"flower","custom_icon":"","title":"SKINCARE BENEFITS","title_link":"","open_new_window":false,"heading_size":100,"text":"<p>EWG VERIFIED™, made with 99.9%+ natural origin ingredients* including phytoglycogen.<\/p>"}},"template--21913163563323__452b73dc-329c-4733-af44-416b15bd417c-column-2":{"type":"column","settings":{"icon":"feather","custom_icon":"","title":"PLASTIC-FREE MAKEUP","title_link":"","open_new_window":false,"heading_size":100,"text":"<p>Eco-innovative plastic-free packaging made from FSC-certified biodegradable cardboard.<\/p>"}},"template--21913163563323__452b73dc-329c-4733-af44-416b15bd417c-column-3":{"type":"column","settings":{"icon":"flower","custom_icon":"","title":"NATURAL GLOWY LOOK","title_link":"","open_new_window":false,"heading_size":100,"text":"<p>EWG VERIFIED™, made with 99.9%+ natural origin ingredients* including phytoglycogen.<\/p>"}},"template--21913163563323__452b73dc-329c-4733-af44-416b15bd417c-column-4":{"type":"column","settings":{"icon":"truck","custom_icon":"","title":"SWIPE, BLEND, GO","title_link":"","open_new_window":false,"heading_size":100,"text":"<p>Buildable makeup sticks that blend naturally for all skin tones. Swipe, blend, go!<\/p>"}}},"block_order":["template--21913163563323__452b73dc-329c-4733-af44-416b15bd417c-column-1","template--21913163563323__452b73dc-329c-4733-af44-416b15bd417c-column-2","template--21913163563323__452b73dc-329c-4733-af44-416b15bd417c-column-3","template--21913163563323__452b73dc-329c-4733-af44-416b15bd417c-column-4"],"settings":{"title":"","heading_size":100,"secondary_background":"section","border_column":"none","column_content_alignment":"center","icon_position":"above","icon_size":90,"enable_desktop_slider":false,"swiper_on_mobile":false,"change_bar_every":5,"background_color_light":"#eae1d2","heading_light":"rgba(0,0,0,0)","text_light":"rgba(0,0,0,0)","line_border_light":"rgba(0,0,0,0)","color_icon_light":"rgba(0,0,0,0)","background_color_dark":"#2a2a2a","heading_dark":"rgba(0,0,0,0)","text_dark":"rgba(0,0,0,0)","line_border_dark":"rgba(0,0,0,0)","color_icon_dark":"rgba(0,0,0,0)","column_layout_desktop":"lg:w-1\/4","section_height_desktop":"md:py-7","spacing_desktop":28,"full_width":false,"padding_full_width":false,"show_section_divider":false,"padding_top":0,"padding_bottom":0,"column_layout_mobile":"w-full","section_height_mobile":"py-5","spacing_mobile":16,"full_width_mobile":false,"show_section_divider_mobile":false,"padding_top_mobile":20,"padding_bottom_mobile":20}},"2e4a4d21-3575-4e0a-856f-6019f708f7d8":{"type":"media-gallery","blocks":{"template--21913163563323__2e4a4d21-3575-4e0a-856f-6019f708f7d8-media-1":{"type":"media","settings":{"image_link":"","open_new_window":false,"video_url":"","enable_video_autoplay":true,"video_alt_text":"","enable_content_overlay":true,"content_position":"center","overlay_opacity":0,"number_of_columns":2,"number_of_row":1,"icon":"none","custom_icon":"","icon_size":45,"sub_title":"","title":"","title_size":70,"text":"<h2>Follow us on <\/h2><h2>Instagram<\/h2>","text_size":130,"text_align":"right","media_position":"top","button_label":"Follow @Eurus","button_link":"","open_new_window_button":true,"color_overlay":"rgba(0,0,0,0)","title_color":"#ffffff","text_color":"#ffffff","color_button":"#000000","background_button":"#ffffff","color_button_hover":"rgba(0,0,0,0)","background_button_hover":"rgba(0,0,0,0)","color_button_secondary":"rgba(0,0,0,0)","secondary_button_text":"rgba(0,0,0,0)"}},"template--21913163563323__2e4a4d21-3575-4e0a-856f-6019f708f7d8-media-2":{"type":"media","settings":{"image_link":"","open_new_window":false,"video_url":"","enable_video_autoplay":true,"video_alt_text":"","enable_content_overlay":true,"content_position":"center","overlay_opacity":0,"number_of_columns":1,"number_of_row":1,"icon":"none","custom_icon":"","icon_size":45,"sub_title":"","title":"","title_size":80,"text":"","text_size":130,"text_align":"center","media_position":"top","button_label":"","button_link":"","open_new_window_button":false,"color_overlay":"rgba(0,0,0,0)","title_color":"rgba(0,0,0,0)","text_color":"rgba(0,0,0,0)","color_button":"rgba(0,0,0,0)","background_button":"rgba(0,0,0,0)","color_button_hover":"rgba(0,0,0,0)","background_button_hover":"rgba(0,0,0,0)","color_button_secondary":"rgba(0,0,0,0)","secondary_button_text":"rgba(0,0,0,0)"}},"template--21913163563323__2e4a4d21-3575-4e0a-856f-6019f708f7d8-media-3":{"type":"media","settings":{"image_link":"","open_new_window":false,"video_url":"","enable_video_autoplay":true,"video_alt_text":"","enable_content_overlay":true,"content_position":"center","overlay_opacity":0,"number_of_columns":1,"number_of_row":1,"icon":"none","custom_icon":"","icon_size":45,"sub_title":"","title":"","title_size":80,"text":"","text_size":130,"text_align":"center","media_position":"top","button_label":"","button_link":"","open_new_window_button":false,"color_overlay":"rgba(0,0,0,0)","title_color":"rgba(0,0,0,0)","text_color":"rgba(0,0,0,0)","color_button":"rgba(0,0,0,0)","background_button":"rgba(0,0,0,0)","color_button_hover":"rgba(0,0,0,0)","background_button_hover":"rgba(0,0,0,0)","color_button_secondary":"rgba(0,0,0,0)","secondary_button_text":"rgba(0,0,0,0)"}},"8e3a9e9c-aaff-4d31-ac05-780afaaf8394":{"type":"media","settings":{"image_link":"","open_new_window":false,"video_url":"","enable_video_autoplay":true,"video_alt_text":"","enable_content_overlay":true,"content_position":"center","overlay_opacity":0,"number_of_columns":1,"number_of_row":1,"icon":"none","custom_icon":"","icon_size":45,"sub_title":"","title":"","title_size":80,"text":"","text_size":130,"text_align":"center","media_position":"top","button_label":"","button_link":"","open_new_window_button":false,"color_overlay":"rgba(0,0,0,0)","title_color":"rgba(0,0,0,0)","text_color":"rgba(0,0,0,0)","color_button":"rgba(0,0,0,0)","background_button":"rgba(0,0,0,0)","color_button_hover":"rgba(0,0,0,0)","background_button_hover":"rgba(0,0,0,0)","color_button_secondary":"rgba(0,0,0,0)","secondary_button_text":"rgba(0,0,0,0)"}},"c2624e42-5856-42c8-b38c-d7436c71aa67":{"type":"media","settings":{"image_link":"","open_new_window":false,"video_url":"","enable_video_autoplay":true,"video_alt_text":"","enable_content_overlay":true,"content_position":"center","overlay_opacity":0,"number_of_columns":1,"number_of_row":1,"icon":"none","custom_icon":"","icon_size":45,"sub_title":"","title":"","title_size":80,"text":"","text_size":130,"text_align":"center","media_position":"top","button_label":"","button_link":"","open_new_window_button":false,"color_overlay":"rgba(0,0,0,0)","title_color":"rgba(0,0,0,0)","text_color":"rgba(0,0,0,0)","color_button":"rgba(0,0,0,0)","background_button":"rgba(0,0,0,0)","color_button_hover":"rgba(0,0,0,0)","background_button_hover":"rgba(0,0,0,0)","color_button_secondary":"rgba(0,0,0,0)","secondary_button_text":"rgba(0,0,0,0)"}},"7b555bfa-bb9a-48c7-b502-a87470f1c3e5":{"type":"media","settings":{"image_link":"","open_new_window":false,"video_url":"","enable_video_autoplay":true,"video_alt_text":"","enable_content_overlay":true,"content_position":"center","overlay_opacity":0,"number_of_columns":1,"number_of_row":1,"icon":"none","custom_icon":"","icon_size":45,"sub_title":"","title":"","title_size":80,"text":"","text_size":130,"text_align":"center","media_position":"top","button_label":"","button_link":"","open_new_window_button":false,"color_overlay":"rgba(0,0,0,0)","title_color":"rgba(0,0,0,0)","text_color":"rgba(0,0,0,0)","color_button":"rgba(0,0,0,0)","background_button":"rgba(0,0,0,0)","color_button_hover":"rgba(0,0,0,0)","background_button_hover":"rgba(0,0,0,0)","color_button_secondary":"rgba(0,0,0,0)","secondary_button_text":"rgba(0,0,0,0)"}},"9db4c863-85b7-424f-bfdf-eb2aef2e3fc4":{"type":"media","settings":{"image_link":"","open_new_window":false,"video_url":"","enable_video_autoplay":true,"video_alt_text":"","enable_content_overlay":true,"content_position":"center","overlay_opacity":0,"number_of_columns":1,"number_of_row":1,"icon":"none","custom_icon":"","icon_size":45,"sub_title":"","title":"","title_size":80,"text":"","text_size":130,"text_align":"center","media_position":"top","button_label":"","button_link":"","open_new_window_button":false,"color_overlay":"rgba(0,0,0,0)","title_color":"rgba(0,0,0,0)","text_color":"rgba(0,0,0,0)","color_button":"rgba(0,0,0,0)","background_button":"rgba(0,0,0,0)","color_button_hover":"rgba(0,0,0,0)","background_button_hover":"rgba(0,0,0,0)","color_button_secondary":"rgba(0,0,0,0)","secondary_button_text":"rgba(0,0,0,0)"}},"87f54d23-b3ac-4b90-aa9d-1738920abddd":{"type":"media","settings":{"image_link":"","open_new_window":false,"video_url":"","enable_video_autoplay":true,"video_alt_text":"","enable_content_overlay":true,"content_position":"center","overlay_opacity":0,"number_of_columns":1,"number_of_row":1,"icon":"none","custom_icon":"","icon_size":45,"sub_title":"","title":"","title_size":80,"text":"","text_size":130,"text_align":"center","media_position":"top","button_label":"","button_link":"","open_new_window_button":false,"color_overlay":"rgba(0,0,0,0)","title_color":"rgba(0,0,0,0)","text_color":"rgba(0,0,0,0)","color_button":"rgba(0,0,0,0)","background_button":"rgba(0,0,0,0)","color_button_hover":"rgba(0,0,0,0)","background_button_hover":"rgba(0,0,0,0)","color_button_secondary":"rgba(0,0,0,0)","secondary_button_text":"rgba(0,0,0,0)"}},"bd238dec-e903-4459-9f71-d9c78f1a73dd":{"type":"media","settings":{"image_link":"","open_new_window":false,"video_url":"","enable_video_autoplay":true,"video_alt_text":"","enable_content_overlay":true,"content_position":"center","overlay_opacity":0,"number_of_columns":1,"number_of_row":1,"icon":"none","custom_icon":"","icon_size":45,"sub_title":"","title":"","title_size":80,"text":"","text_size":130,"text_align":"center","media_position":"top","button_label":"","button_link":"","open_new_window_button":false,"color_overlay":"rgba(0,0,0,0)","title_color":"rgba(0,0,0,0)","text_color":"rgba(0,0,0,0)","color_button":"rgba(0,0,0,0)","background_button":"rgba(0,0,0,0)","color_button_hover":"rgba(0,0,0,0)","background_button_hover":"rgba(0,0,0,0)","color_button_secondary":"rgba(0,0,0,0)","secondary_button_text":"rgba(0,0,0,0)"}}},"block_order":["template--21913163563323__2e4a4d21-3575-4e0a-856f-6019f708f7d8-media-1","template--21913163563323__2e4a4d21-3575-4e0a-856f-6019f708f7d8-media-2","template--21913163563323__2e4a4d21-3575-4e0a-856f-6019f708f7d8-media-3","8e3a9e9c-aaff-4d31-ac05-780afaaf8394","c2624e42-5856-42c8-b38c-d7436c71aa67","7b555bfa-bb9a-48c7-b502-a87470f1c3e5","9db4c863-85b7-424f-bfdf-eb2aef2e3fc4","87f54d23-b3ac-4b90-aa9d-1738920abddd","bd238dec-e903-4459-9f71-d9c78f1a73dd"],"settings":{"heading":"IMAGE GALLERY","heading_size":100,"heading_alignment":"center","subheading":"","text":"<p>This is an image gallery block but you can use this block as an Instagram Feed by installing an Instagram App.<\/p>","max_columns":5,"spacing":28,"height_desktop":350,"show_section_divider":false,"full_width":true,"padding_full_width":true,"padding_top":100,"padding_bottom":32,"min_columns_mobile":"1","spacing_mobile":30,"height_mobile":250,"show_section_divider_mobile":false,"full_width_mobile":false,"padding_top_mobile":28,"padding_bottom_mobile":28}}},"order":["banner","rich_text_8QeJPk","9f05d7f2-771d-4719-b577-9d92b6324fe2","product-grid","6801164d-ffd6-4c86-a5b1-f6547f6df061","452b73dc-329c-4733-af44-416b15bd417c","2e4a4d21-3575-4e0a-856f-6019f708f7d8"]}