{"sections":{"banner":{"type":"main-collection-banner","blocks":{"breadcrumbs":{"type":"breadcrumbs","settings":{"show_breadcrumbs_border":true,"full_width_breadcrumb":true,"desktop_content_alignment":"text-left","mobile_content_alignment":"text-left","background_color_light":"#f8f8f8","text_color_light":"rgba(0,0,0,0)","textlink_color_light":"rgba(0,0,0,0)","background_color_dark":"#171f1e","text_color_dark":"rgba(0,0,0,0)","textlink_color_dark":"rgba(0,0,0,0)"}},"a979fcda-0be4-4397-884b-7743b7b6e5b7":{"type":"description","settings":{"full_width":false,"desktop_content_alignment":"text-center","mobile_content_alignment":"text-center","background_color_light":"rgba(0,0,0,0)","text_color_light":"rgba(0,0,0,0)","background_color_dark":"rgba(0,0,0,0)","text_color_dark":"rgba(0,0,0,0)","padding_top":32,"padding_bottom":0}}},"block_order":["breadcrumbs","a979fcda-0be4-4397-884b-7743b7b6e5b7"],"custom_css":[],"settings":{"show_collection_image":true,"image_overlay_opacity":20,"title_position":"text-center","size_title":170,"full_width_title":true,"desktop_height":"450px","full_width":true,"padding_top":0,"padding_bottom":32,"mobile_height":"300px","full_width_mobile":true,"padding_top_mobile":0,"padding_bottom_mobile":20}},"82dfdaa3-4415-4564-99f3-1b204e64b7ab":{"type":"collection-list","blocks":{"template--15966942822500__82dfdaa3-4415-4564-99f3-1b204e64b7ab-featured_collection-1":{"type":"featured_collection","settings":{"collection":""}},"template--15966942822500__82dfdaa3-4415-4564-99f3-1b204e64b7ab-featured_collection-2":{"type":"featured_collection","settings":{"collection":""}},"template--15966942822500__82dfdaa3-4415-4564-99f3-1b204e64b7ab-featured_collection-3":{"type":"featured_collection","settings":{"collection":""}},"template--15966942822500__82dfdaa3-4415-4564-99f3-1b204e64b7ab-featured_collection-4":{"type":"featured_collection","settings":{"collection":""}}},"block_order":["template--15966942822500__82dfdaa3-4415-4564-99f3-1b204e64b7ab-featured_collection-1","template--15966942822500__82dfdaa3-4415-4564-99f3-1b204e64b7ab-featured_collection-2","template--15966942822500__82dfdaa3-4415-4564-99f3-1b204e64b7ab-featured_collection-3","template--15966942822500__82dfdaa3-4415-4564-99f3-1b204e64b7ab-featured_collection-4"],"settings":{"heading":"","heading_size":80,"heading_alignment":"center","show_view_all":false,"background_color_light":"","background_color_dark":"","image_ratio":"rectangle","title_size":80,"show_text_overlay":false,"content_alignment":"center","content_position":"bottom","image_overlay_opacity":5,"title_color":"rgba(0,0,0,0)","text_light":"rgba(0,0,0,0)","title_color_dark":"rgba(0,0,0,0)","text_dark":"rgba(0,0,0,0)","show_item_count":true,"columns_desktop":4,"columns_mobile":"2","enable_desktop_slider":false,"swiper_on_mobile":true,"spacing":30,"show_section_divider":false,"full_width":false,"padding_top":32,"padding_bottom":32,"spacing_mobile":20,"show_section_divider_mobile":false,"padding_top_mobile":20,"padding_bottom_mobile":20}},"product-grid":{"type":"main-collection-product-grid","settings":{"enable_filtering":true,"sticky_filtering":false,"filter_type":"drawer","enable_collection_count":true,"enable_sorting":true,"products_per_page":"8;16;32","products_per_row_on_desktop":4,"products_per_row_on_mobile":"2","paginate_type":"circle","show_vendor":false,"show_rating":true,"show_quickview":true,"full_width":false,"spacing_col":30,"spacing_row":30,"padding_top":32,"padding_bottom":32,"spacing_col_mobile":20,"spacing_row_mobile":20,"padding_top_mobile":20,"padding_bottom_mobile":20}},"a91c6011-3b7e-46e3-a097-c0f5e4b9a52b":{"type":"image-with-text","blocks":{"template--15967261655140__a91c6011-3b7e-46e3-a097-c0f5e4b9a52b-heading-1":{"type":"heading","settings":{"subheading":"Trending","heading":"Item for Family Outdoor","heading_base_size":100,"text":"<p>Our summer sale is here, it's time to revamp your summer wardrobe. Whether you're heading to the beach or a backyard barbecue, we've got you covered. Our summer sale is here, it's time to revamp your summer wardrobe.<\/p>","heading_light":"rgba(0,0,0,0)","text_light":"rgba(0,0,0,0)","heading_dark":"rgba(0,0,0,0)","text_dark":"rgba(0,0,0,0)"}},"template--15967261655140__a91c6011-3b7e-46e3-a097-c0f5e4b9a52b-button-1":{"type":"button","settings":{"button_label":"DISCOVER NOW","button_link":"","open_new_window":false,"button_light":"rgba(0,0,0,0)","button_text_light":"rgba(0,0,0,0)","button_hover_light":"rgba(0,0,0,0)","button_text_hover_light":"rgba(0,0,0,0)","button_dark":"rgba(0,0,0,0)","button_text_dark":"rgba(0,0,0,0)","button_hover_dark":"rgba(0,0,0,0)","button_text_hover_dark":"rgba(0,0,0,0)"}}},"block_order":["template--15967261655140__a91c6011-3b7e-46e3-a097-c0f5e4b9a52b-heading-1","template--15967261655140__a91c6011-3b7e-46e3-a097-c0f5e4b9a52b-button-1"],"settings":{"video_alt_text":"","enable_video_autoplay":false,"desktop_height":"450px","mobile_height":"250px","desktop_image_width":"medium","image_layout":"normal","image_corner_radius":10,"content_layout":"no-overlap","text_position":"center","text_alignment":"start","background_color_light":"rgba(0,0,0,0)","background_color_dark":"rgba(0,0,0,0)","image_alignment":"left","full_width":false,"top_padding":32,"bottom_padding":4,"image_alignment_mobile":"left","full_width_mobile":false,"top_padding_mobile":20,"bottom_padding_mobile":8}},"7c9f2ba8-855a-4dc1-91f0-8f20a5e8f7b4":{"type":"image-with-text","blocks":{"template--15967261655140__7c9f2ba8-855a-4dc1-91f0-8f20a5e8f7b4-heading-1":{"type":"heading","settings":{"subheading":"Trending","heading":"New Pushchair Bundles","heading_base_size":100,"text":"<p>Our summer sale is here, it's time to revamp your summer wardrobe. Whether you're heading to the beach or a backyard barbecue, we've got you covered. Our summer sale is here, it's time to revamp your summer wardrobe.<\/p>","heading_light":"rgba(0,0,0,0)","text_light":"rgba(0,0,0,0)","heading_dark":"rgba(0,0,0,0)","text_dark":"rgba(0,0,0,0)"}},"template--15967261655140__7c9f2ba8-855a-4dc1-91f0-8f20a5e8f7b4-button-1":{"type":"button","settings":{"button_label":"DISCOVER NOW","button_link":"","open_new_window":false,"button_light":"rgba(0,0,0,0)","button_text_light":"rgba(0,0,0,0)","button_hover_light":"rgba(0,0,0,0)","button_text_hover_light":"rgba(0,0,0,0)","button_dark":"rgba(0,0,0,0)","button_text_dark":"rgba(0,0,0,0)","button_hover_dark":"rgba(0,0,0,0)","button_text_hover_dark":"rgba(0,0,0,0)"}}},"block_order":["template--15967261655140__7c9f2ba8-855a-4dc1-91f0-8f20a5e8f7b4-heading-1","template--15967261655140__7c9f2ba8-855a-4dc1-91f0-8f20a5e8f7b4-button-1"],"settings":{"video_alt_text":"","enable_video_autoplay":false,"desktop_height":"450px","mobile_height":"250px","desktop_image_width":"medium","image_layout":"normal","image_corner_radius":10,"content_layout":"no-overlap","text_position":"center","text_alignment":"start","background_color_light":"rgba(0,0,0,0)","background_color_dark":"rgba(0,0,0,0)","image_alignment":"left","full_width":false,"top_padding":0,"bottom_padding":32,"image_alignment_mobile":"left","full_width_mobile":false,"top_padding_mobile":0,"bottom_padding_mobile":20}},"b209ca21-b8ac-4e4e-8fde-26e4d83ce9c7":{"type":"testimonials","blocks":{"template--15967261655140__b209ca21-b8ac-4e4e-8fde-26e4d83ce9c7-testimonial-1":{"type":"testimonial","settings":{"icon_star":"5_star","custom_icon":"","title":"Very pleased!","text":"<p>This is such a beautiful shirt! In person it is very vibrant, and I’m very impressed with the quality! I’m very impressed with the quality! When it arrived it...<\/p>","author_image":"","author":"Sammy","author_note":"<p>Bostom, MA<\/p>"}},"template--15967261655140__b209ca21-b8ac-4e4e-8fde-26e4d83ce9c7-testimonial-2":{"type":"testimonial","settings":{"icon_star":"5_star","custom_icon":"","title":"Melanin Shirt","text":"<p>This is such a beautiful shirt! In person it is very vibrant, and I’m very impressed with the quality! I’m very impressed with the quality! When it arrived it...<\/p>","author_image":"","author":"Jonson","author_note":"<p>Bostom, MA<\/p>"}},"template--15967261655140__b209ca21-b8ac-4e4e-8fde-26e4d83ce9c7-testimonial-3":{"type":"testimonial","settings":{"icon_star":"5_star","custom_icon":"","title":"Beautiful and Well Made!","text":"<p>Thank you so much for my shirts! They definitely exceeded my expectations. They are very soft and comfortable They are very soft and comfortable to ...<\/p>","author_image":"","author":"Haley","author_note":"<p>Bostom, MA<\/p>"}},"template--15967261655140__b209ca21-b8ac-4e4e-8fde-26e4d83ce9c7-testimonial-4":{"type":"testimonial","settings":{"icon_star":"5_star","custom_icon":"","title":"Melanin Shirt","text":"<p>Thank you so much for my shirts! They definitely exceeded my expectations. They are very soft and comfortable They are very soft and comfortable to ...<\/p>","author_image":"","author":"Haley","author_note":"<p>Bostom, MA<\/p>"}}},"block_order":["template--15967261655140__b209ca21-b8ac-4e4e-8fde-26e4d83ce9c7-testimonial-1","template--15967261655140__b209ca21-b8ac-4e4e-8fde-26e4d83ce9c7-testimonial-2","template--15967261655140__b209ca21-b8ac-4e4e-8fde-26e4d83ce9c7-testimonial-3","template--15967261655140__b209ca21-b8ac-4e4e-8fde-26e4d83ce9c7-testimonial-4"],"settings":{"heading":"WHAT PEOPLE ARE SAYING","heading_size":80,"text_alignment":"center","testimonial_items_view":"multiple","show_arrow":true,"show_pagination":false,"show_author_image":true,"background_color_light":"rgba(0,0,0,0)","item_background_color_light":"#ffffff","heading_and_title_light":"rgba(0,0,0,0)","item_text_color_light":"rgba(0,0,0,0)","background_color_dark":"rgba(0,0,0,0)","item_background_color_dark":"#000000","heading_and_title_dark":"rgba(0,0,0,0)","item_text_color_dark":"rgba(0,0,0,0)","show_section_divider":false,"top_padding":32,"bottom_padding":32,"show_section_divider_mobile":false,"top_padding_mobile":20,"bottom_padding_mobile":20}},"f56480c9-5866-41d3-b8f0-2ef38829aa00":{"type":"featured-blog","settings":{"heading":"ON THE BLOG","heading_size":100,"heading_alignment":"center","blog":"","post_limit":3,"columns_desktop":3,"show_view_all":false,"view_all_position":"top","content_alignment":"left","show_image":true,"image_ratio":"75","item_secondary_background":false,"show_author":false,"show_name":false,"show_date":true,"show_excerpt":true,"show_tag":true,"show_comment_counts":true,"enable_desktop_slider":false,"swiper_on_mobile":true,"auto_play":false,"change_slides_speed":5,"full_width":false,"spacing":30,"show_section_divider":true,"padding_top":32,"padding_bottom":64,"columns_mobile":"1","spacing_mobile":20,"show_section_divider_mobile":false,"padding_top_mobile":20,"padding_bottom_mobile":40}},"68be7518-e4d5-4884-a809-378cec647d8b":{"type":"newsletter","blocks":{"template--15967261655140__68be7518-e4d5-4884-a809-378cec647d8b-heading-1":{"type":"heading","settings":{"heading":"SUBCRIBE TO OUR EMAILS","heading_size":80}},"template--15967261655140__68be7518-e4d5-4884-a809-378cec647d8b-paragraph-1":{"type":"paragraph","settings":{"text":"<p>Apply for our free membership to receive exclusive deals, news and events.<\/p>"}},"template--15967261655140__68be7518-e4d5-4884-a809-378cec647d8b-email_form-1":{"type":"email_form","settings":{"button_label":"Subscribe","form_width":"large"}}},"block_order":["template--15967261655140__68be7518-e4d5-4884-a809-378cec647d8b-heading-1","template--15967261655140__68be7518-e4d5-4884-a809-378cec647d8b-paragraph-1","template--15967261655140__68be7518-e4d5-4884-a809-378cec647d8b-email_form-1"],"settings":{"background_color_light":"","heading_light":"rgba(0,0,0,0)","text_light":"rgba(0,0,0,0)","button_light":"rgba(0,0,0,0)","button_text_light":"rgba(0,0,0,0)","button_hover_light":"rgba(0,0,0,0)","button_text_hover_light":"rgba(0,0,0,0)","line_border":"rgba(0,0,0,0)","background_color_dark":"","heading_dark":"rgba(0,0,0,0)","text_dark":"rgba(0,0,0,0)","button_dark":"rgba(0,0,0,0)","button_text_dark":"rgba(0,0,0,0)","button_hover_dark":"rgba(0,0,0,0)","button_text_hover_dark":"rgba(0,0,0,0)","line_border_dark":"rgba(0,0,0,0)","show_section_divider":true,"padding_top":64,"padding_bottom":80,"show_section_divider_mobile":true,"padding_top_mobile":40,"padding_bottom_mobile":60}}},"order":["banner","82dfdaa3-4415-4564-99f3-1b204e64b7ab","product-grid","a91c6011-3b7e-46e3-a097-c0f5e4b9a52b","7c9f2ba8-855a-4dc1-91f0-8f20a5e8f7b4","b209ca21-b8ac-4e4e-8fde-26e4d83ce9c7","f56480c9-5866-41d3-b8f0-2ef38829aa00","68be7518-e4d5-4884-a809-378cec647d8b"]}