{"sections":{"banner":{"type":"main-collection-banner","blocks":{"breadcrumbs":{"type":"breadcrumbs","settings":{"show_breadcrumbs_border":false,"full_width_breadcrumb":true,"desktop_content_alignment":"text-center","mobile_content_alignment":"text-center","background_color_light":"#f2f2f2","text_color_light":"rgba(0,0,0,0)","textlink_color_light":"rgba(0,0,0,0)","background_color_dark":"#313131","text_color_dark":"rgba(0,0,0,0)","textlink_color_dark":"rgba(0,0,0,0)"}},"description":{"type":"description","settings":{"read_more_label":"Read more","full_width":true,"desktop_content_alignment":"text-center","mobile_content_alignment":"text-center","background_color_light":"rgba(0,0,0,0)","text_color_light":"rgba(0,0,0,0)","background_color_dark":"rgba(0,0,0,0)","text_color_dark":"rgba(0,0,0,0)","padding_top":60,"padding_bottom":0}}},"block_order":["breadcrumbs","description"],"disabled":true,"settings":{"show_collection_image":false,"image_overlay_opacity":20,"show_collection_name":false,"title_position":"text-center","size_title":110,"heading_tag":"h1","full_width_title":true,"desktop_height":"550px","full_width":true,"padding_top":0,"padding_bottom":36,"mobile_height":"300px","full_width_mobile":true,"padding_top_mobile":0,"padding_bottom_mobile":0}},"collection_list_Ed7yUp":{"type":"collection-list","blocks":{"featured_collection_mhjMKJ":{"type":"featured_collection","settings":{"collection":"volume-discount-large-format-tiles-1"}},"featured_collection_e4UKMm":{"type":"featured_collection","settings":{"collection":"shipping-discount-performance-flooring"}},"featured_collection_yj3rXT":{"type":"featured_collection","disabled":true,"settings":{"collection":"volume-discount-large-format-tiles"}},"featured_collection_PGaaTW":{"type":"featured_collection","disabled":true,"settings":{"collection":"sale-pavers"}},"featured_collection_x6q6cQ":{"type":"featured_collection","disabled":true,"settings":{"collection":"shipping-discount-large-format-tiles"}},"featured_collection_HVrTnH":{"type":"featured_collection","settings":{"collection":"black-friday-discount-dv"}}},"block_order":["featured_collection_mhjMKJ","featured_collection_e4UKMm","featured_collection_yj3rXT","featured_collection_PGaaTW","featured_collection_x6q6cQ","featured_collection_HVrTnH"],"custom_css":[".collection-item-title p {font-family: serif !important; font-size: 18px;}","h2 {font-family: serif !important; font-size: 40px; color: #1c4070; font-weight: bold;}"],"settings":{"heading":"Our Current Deals","heading_size":70,"heading_tag":"h2","heading_alignment":"center","show_view_all":false,"background_color_light":"","background_color_dark":"","image_ratio":"square","title_size":50,"show_text_overlay":false,"content_alignment":"center","content_position":"center","image_overlay_opacity":5,"title_color":"rgba(0,0,0,0)","text_light":"rgba(0,0,0,0)","title_color_dark":"rgba(0,0,0,0)","text_dark":"rgba(0,0,0,0)","show_item_count":false,"columns_desktop":3,"columns_mobile":"2","enable_desktop_slider":true,"swiper_on_mobile":false,"spacing":20,"show_section_divider":false,"full_width":true,"padding_top":28,"padding_bottom":16,"spacing_mobile":5,"show_section_divider_mobile":false,"padding_top_mobile":16,"padding_bottom_mobile":16}},"featured_collection_PHQhfw":{"type":"featured-collection","blocks":{"collection_c7c4DJ":{"type":"collection","settings":{"collection":"volume-discount-large-format-tiles-1","show_description":true,"description":"","read_more_label":"Read more","show_vendor":false,"show_rating":false,"show_quickview":true,"show_promotion":false,"promotion_position":"left","card_link":"","open_new_window":false,"enable_text_overlay":false,"overlay_opacity":0,"image_ratio":"100","video_url":"","enable_video_autoplay":false,"video_alt_text":"","product_card":"","heading":"Featured collection","heading_size":70,"content":"<p>10% OFF<\/p>","text_size":100,"content_alignment":"center","content_position":"bottom","button_label":"See more","button_link":"","open_new_window_button":false,"show_button_style":"primary","background_color":"rgba(0,0,0,0)","color_text":"rgba(0,0,0,0)","color_button":"rgba(0,0,0,0)","color_text_button":"rgba(0,0,0,0)","color_button_hover":"rgba(0,0,0,0)","color_text_button_hover":"rgba(0,0,0,0)","color_button_secondary":"rgba(0,0,0,0)","secondary_button_text":"rgba(0,0,0,0)","colors_text_link":"rgba(0,0,0,0)"}}},"block_order":["collection_c7c4DJ"],"custom_css":["h2 {font-family: serif !important; font-size: 30px; color: #1c4070; font-weight: bold;}"],"settings":{"title":"Black Friday Discount","heading_size":70,"heading_tag":"h2","heading_alignment":"center","subheading":"","text":"","show_view_all":true,"view_all_position":"top","title_size":120,"title_style":"none","enable_desktop_slider":true,"slider_style":"horizontal","swiper_on_mobile":false,"auto_play":false,"change_slides_speed":5,"columns_desktop":5,"rows_desktop":2,"spacing":28,"full_width":false,"show_section_divider":false,"padding_top":28,"padding_bottom":28,"columns_mobile":"2","spacing_mobile":8,"full_width_mobile":false,"show_section_divider_mobile":false,"padding_top_mobile":28,"padding_bottom_mobile":28}},"featured_collection_PCB7Xq":{"type":"featured-collection","blocks":{"collection_ehtLdT":{"type":"collection","settings":{"collection":"black-friday-discount-dv","show_description":true,"description":"","read_more_label":"Read more","show_vendor":false,"show_rating":false,"show_quickview":true,"show_promotion":false,"promotion_position":"left","card_link":"","open_new_window":false,"enable_text_overlay":false,"overlay_opacity":0,"image_ratio":"100","video_url":"","enable_video_autoplay":false,"video_alt_text":"","product_card":"","heading":"Featured collection","heading_size":70,"content":"<p>10% OFF<\/p>","text_size":100,"content_alignment":"center","content_position":"bottom","button_label":"See more","button_link":"","open_new_window_button":false,"show_button_style":"primary","background_color":"rgba(0,0,0,0)","color_text":"rgba(0,0,0,0)","color_button":"rgba(0,0,0,0)","color_text_button":"rgba(0,0,0,0)","color_button_hover":"rgba(0,0,0,0)","color_text_button_hover":"rgba(0,0,0,0)","color_button_secondary":"rgba(0,0,0,0)","secondary_button_text":"rgba(0,0,0,0)","colors_text_link":"rgba(0,0,0,0)"}}},"block_order":["collection_ehtLdT"],"custom_css":["h2 {font-family: serif !important; font-size: 30px; color: #1c4070; font-weight: bold;}"],"settings":{"title":"End of the year discount - Our lowest prices yet!","heading_size":100,"heading_tag":"h2","heading_alignment":"center","subheading":"","text":"","show_view_all":true,"view_all_position":"top","title_size":120,"title_style":"none","enable_desktop_slider":true,"slider_style":"horizontal","swiper_on_mobile":false,"auto_play":false,"change_slides_speed":5,"columns_desktop":5,"rows_desktop":1,"spacing":28,"full_width":false,"show_section_divider":false,"padding_top":28,"padding_bottom":28,"columns_mobile":"2","spacing_mobile":8,"full_width_mobile":false,"show_section_divider_mobile":false,"padding_top_mobile":28,"padding_bottom_mobile":28}},"featured_collection_QqyKNd":{"type":"featured-collection","blocks":{"collection_QrEF7B":{"type":"collection","settings":{"collection":"shipping-discount-performance-flooring","show_description":true,"description":"","read_more_label":"Read more","show_vendor":false,"show_rating":false,"show_quickview":true,"show_promotion":false,"promotion_position":"left","card_link":"","open_new_window":false,"enable_text_overlay":false,"overlay_opacity":0,"image_ratio":"100","video_url":"","enable_video_autoplay":false,"video_alt_text":"","product_card":"","heading":"Featured collection","heading_size":70,"content":"<p>10% OFF<\/p>","text_size":100,"content_alignment":"center","content_position":"bottom","button_label":"See more","button_link":"","open_new_window_button":false,"show_button_style":"primary","background_color":"rgba(0,0,0,0)","color_text":"rgba(0,0,0,0)","color_button":"rgba(0,0,0,0)","color_text_button":"rgba(0,0,0,0)","color_button_hover":"rgba(0,0,0,0)","color_text_button_hover":"rgba(0,0,0,0)","color_button_secondary":"rgba(0,0,0,0)","secondary_button_text":"rgba(0,0,0,0)","colors_text_link":"rgba(0,0,0,0)"}}},"block_order":["collection_QrEF7B"],"custom_css":["h2 {font-family: serif !important; font-size: 30px; color: #1c4070; font-weight: bold;}"],"settings":{"title":"Buy more to save on shipping on our Performance Flooring items!","heading_size":70,"heading_tag":"h2","heading_alignment":"center","subheading":"","text":"","show_view_all":true,"view_all_position":"top","title_size":120,"title_style":"none","enable_desktop_slider":true,"slider_style":"horizontal","swiper_on_mobile":false,"auto_play":false,"change_slides_speed":5,"columns_desktop":5,"rows_desktop":1,"spacing":28,"full_width":false,"show_section_divider":false,"padding_top":28,"padding_bottom":28,"columns_mobile":"2","spacing_mobile":8,"full_width_mobile":false,"show_section_divider_mobile":false,"padding_top_mobile":28,"padding_bottom_mobile":28}},"product-grid":{"type":"main-collection-product-grid","disabled":true,"custom_css":[".sold-by-text {text-align: center !important;}"],"settings":{"collection_label":"{{ collection.metafields.custom.main_collection_name.value }}","collections":"{{ collection.metafields.custom.subcategory.value }}","enable_filtering":true,"filter_alignment":"ACCESSORIES,BORDER,COLOR,CORNER,FIELD TILE,FINISH,MATERIAL,MOLDINGS\/TRIMS,MOSAIC,SIZE,TYPE","sticky_filtering":false,"filter_type":"aside","expand_filter":false,"enable_collection_count":false,"enable_sorting":true,"products_per_page":"21,24,27,30,33,36,39,60","products_per_row_on_desktop":4,"products_per_row_on_mobile":"2","paginate_type":"circle","show_vendor":false,"show_rating":false,"show_quickview":true,"enable_advanced_filter":false,"key_value":"","hide_unavaiable_filter":true,"columns_desktop_1":4,"desktop_image_width_1":150,"columns_desktop_2":4,"desktop_image_width_2":150,"enable_desktop_slider":false,"image_ratio_filter":"square","full_width":true,"spacing_col":30,"spacing_row":60,"padding_top":0,"padding_bottom":100,"spacing_col_mobile":16,"spacing_row_mobile":32,"padding_top_mobile":0,"padding_bottom_mobile":48}},"custom_liquid_VB9diN":{"type":"custom-liquid","settings":{"custom_liquid":"<div class=\"elfsight-sapp-0506b398-b409-4d76-93bb-a1733c635d46\"><\/div>","full_width":true,"show_section_divider":true,"padding_top":28,"padding_bottom":28,"full_width_mobile":false,"show_section_divider_mobile":false,"padding_top_mobile":28,"padding_bottom_mobile":28}}},"order":["banner","collection_list_Ed7yUp","featured_collection_PHQhfw","featured_collection_PCB7Xq","featured_collection_QqyKNd","product-grid","custom_liquid_VB9diN"]}