{"sections":{"banner":{"type":"main-collection-banner","blocks":{"breadcrumbs":{"type":"breadcrumbs","settings":{"show_breadcrumbs_border":false,"full_width_breadcrumb":true,"desktop_content_alignment":"text-center","mobile_content_alignment":"text-center","background_color_light":"#f2f2f2","text_color_light":"rgba(0,0,0,0)","textlink_color_light":"rgba(0,0,0,0)","background_color_dark":"#313131","text_color_dark":"rgba(0,0,0,0)","textlink_color_dark":"rgba(0,0,0,0)"}},"description":{"type":"description","settings":{"read_more_label":"Read more","full_width":true,"desktop_content_alignment":"text-center","mobile_content_alignment":"text-center","background_color_light":"rgba(0,0,0,0)","text_color_light":"rgba(0,0,0,0)","background_color_dark":"rgba(0,0,0,0)","text_color_dark":"rgba(0,0,0,0)","padding_top":60,"padding_bottom":0}}},"block_order":["breadcrumbs","description"],"settings":{"show_collection_image":true,"image_overlay_opacity":30,"show_collection_name":true,"title_position":"text-left","size_title":110,"heading_tag":"h1","full_width_title":true,"desktop_height":"450px","full_width":true,"padding_top":0,"padding_bottom":36,"mobile_height":"300px","full_width_mobile":true,"padding_top_mobile":0,"padding_bottom_mobile":32}},"profile_collection_iJGB9j":{"type":"profile-collection","blocks":{"profile_GyG4pH":{"type":"profile","repeater":"{{ collection.metafields.custom.collection_list.value }}","settings":{"collection":"{{ block.repeater.select_collection.value }}","title":"","url":""}}},"block_order":["profile_GyG4pH"],"settings":{"bg":"rgba(0,0,0,0)","title":"{{ collection.title }}","image_size":20,"text_size":18,"br":3,"margin":0,"br_color":"#fff"}},"product-grid":{"type":"main-collection-product-grid","settings":{"enable_filtering":true,"sticky_filtering":true,"filter_type":"aside","expand_filter":true,"enable_collection_count":true,"enable_sorting":true,"products_per_page":"20;30;50;100;150","products_per_row_on_desktop":4,"products_per_row_on_mobile":"2","paginate_type":"circle","show_vendor":false,"show_rating":false,"show_quickview":true,"enable_advanced_filter":true,"key_value":"","hide_unavaiable_filter":false,"columns_desktop_1":4,"desktop_image_width_1":150,"columns_desktop_2":4,"desktop_image_width_2":150,"enable_desktop_slider":false,"image_ratio_filter":"round","full_width":true,"spacing_col":30,"spacing_row":60,"padding_top":0,"padding_bottom":100,"spacing_col_mobile":16,"spacing_row_mobile":32,"padding_top_mobile":0,"padding_bottom_mobile":48}}},"order":["banner","profile_collection_iJGB9j","product-grid"]}