{"sections":{"banner":{"type":"main-collection-banner","blocks":{"breadcrumbs":{"type":"breadcrumbs","settings":{"show_breadcrumbs_border":true,"full_width_breadcrumb":true,"desktop_content_alignment":"text-center","mobile_content_alignment":"text-center","background_color_light":"rgba(0,0,0,0)","text_color_light":"rgba(0,0,0,0)","textlink_color_light":"rgba(0,0,0,0)","background_color_dark":"rgba(0,0,0,0)","text_color_dark":"rgba(0,0,0,0)","textlink_color_dark":"rgba(0,0,0,0)"}},"description":{"type":"description","settings":{"desktop_content_alignment":"text-center","mobile_content_alignment":"text-center","background_color_light":"rgba(0,0,0,0)","text_color_light":"rgba(0,0,0,0)","background_color_dark":"rgba(0,0,0,0)","text_color_dark":"rgba(0,0,0,0)","padding_top":56,"padding_bottom":20}}},"block_order":["breadcrumbs","description"],"settings":{"show_collection_image":true,"image_overlay_opacity":20,"title_position":"text-center","size_title":170,"desktop_height":"450px","full_width":true,"padding_top":0,"padding_bottom":32,"mobile_height":"300px","full_width_mobile":true,"padding_top_mobile":0,"padding_bottom_mobile":16}},"product-grid":{"type":"main-collection-product-grid","blocks":{"955184c7-9450-4725-bcd6-01206eae4b24":{"type":"promotion_block","settings":{"heading":"Office Plant","title_size":70,"content":"<p>Upto 40% Off<\/p>","text_size":100,"image":"","image_overlay_opacity":10,"position":8,"button_label":"Shop Now","button_link":"","open_new_window":false,"alignment":"center","content_position":"center","background_color_light":"#f6f6f0","text_color_light":"#4b4949","background_color_dark":"#272727","text_color_dark":"#999999"}}},"block_order":["955184c7-9450-4725-bcd6-01206eae4b24"],"settings":{"enable_filtering":true,"sticky_filtering":false,"filter_type":"aside","enable_collection_count":true,"enable_sorting":true,"products_per_page":"11","products_per_row_on_desktop":4,"products_per_row_on_mobile":"2","paginate_type":"underline","show_vendor":false,"show_rating":false,"show_quickview":true,"full_width":true,"spacing_col":20,"spacing_row":30,"padding_top":0,"padding_bottom":80,"spacing_col_mobile":14,"spacing_row_mobile":20,"padding_top_mobile":0,"padding_bottom_mobile":64}}},"order":["banner","product-grid"]}