{"sections":{"banner":{"type":"main-collection-banner","blocks":{"breadcrumbs":{"type":"breadcrumbs","settings":{"show_breadcrumbs_border":true,"full_width_breadcrumb":true,"desktop_content_alignment":"text-center","mobile_content_alignment":"text-center","background_color_light":"rgba(0,0,0,0)","text_color_light":"rgba(0,0,0,0)","textlink_color_light":"rgba(0,0,0,0)","background_color_dark":"rgba(0,0,0,0)","text_color_dark":"rgba(0,0,0,0)","textlink_color_dark":"rgba(0,0,0,0)"}},"description":{"type":"description","settings":{"desktop_content_alignment":"text-center","mobile_content_alignment":"text-center","background_color_light":"rgba(0,0,0,0)","text_color_light":"rgba(0,0,0,0)","background_color_dark":"rgba(0,0,0,0)","text_color_dark":"rgba(0,0,0,0)","padding_top":56,"padding_bottom":20}}},"block_order":["breadcrumbs","description"],"settings":{"show_collection_image":true,"image_overlay_opacity":20,"title_position":"text-center","size_title":170,"desktop_height":"450px","full_width":true,"padding_top":0,"padding_bottom":20,"mobile_height":"300px","full_width_mobile":true,"padding_top_mobile":0,"padding_bottom_mobile":16}},"6748aaa0-b80b-4949-a77c-8d29b7c20d44":{"type":"media-gallery","blocks":{"template--21416149385517__6748aaa0-b80b-4949-a77c-8d29b7c20d44-media-1":{"type":"media","settings":{"image":"","image_link":"","open_new_window":false,"video_url":"","enable_video_autoplay":true,"video_alt_text":"","content_position":"bottom","overlay_opacity":0,"number_of_columns":2,"number_of_row":2,"title":"Animal Friendly Plants","title_size":70,"text":"<p>Only On Our Store!<\/p>","text_size":100,"text_align":"center","button_label":"Explore Now","button_link":"","open_new_window_button":false,"color_overlay":"rgba(0,0,0,0)","title_color":"#ffffff","text_color":"#ffffff","color_button":"#4b4949","background_button":"#f6f6f0","color_button_hover":"rgba(0,0,0,0)","background_button_hover":"rgba(0,0,0,0)"}},"5da5b703-e372-4ac4-b489-ee2f32b2ba66":{"type":"media","settings":{"image":"","image_link":"","open_new_window":false,"video_url":"","enable_video_autoplay":true,"video_alt_text":"","content_position":"bottom","overlay_opacity":0,"number_of_columns":1,"number_of_row":1,"title":"Green Houseplants","title_size":70,"text":"<p>Fresh Flower<\/p>","text_size":100,"text_align":"left","button_label":"Explore Now","button_link":"","open_new_window_button":false,"color_overlay":"rgba(0,0,0,0)","title_color":"#ffffff","text_color":"#ffffff","color_button":"#4b4949","background_button":"#f6f6f0","color_button_hover":"rgba(0,0,0,0)","background_button_hover":"rgba(0,0,0,0)"}},"c3a16346-4af4-4b58-ba16-938d4247c868":{"type":"media","settings":{"image":"","image_link":"","open_new_window":false,"video_url":"","enable_video_autoplay":true,"video_alt_text":"","content_position":"bottom","overlay_opacity":0,"number_of_columns":1,"number_of_row":1,"title":"Office Plant","title_size":70,"text":"<p>Upto 40% Off<\/p>","text_size":100,"text_align":"left","button_label":"Explore Now","button_link":"","open_new_window_button":false,"color_overlay":"rgba(0,0,0,0)","title_color":"#ffffff","text_color":"#ffffff","color_button":"#4b4949","background_button":"#f6f6f0","color_button_hover":"rgba(0,0,0,0)","background_button_hover":"rgba(0,0,0,0)"}},"9debdbab-390f-4850-ac89-efc16f8671b4":{"type":"media","settings":{"image":"","image_link":"","open_new_window":false,"video_url":"","enable_video_autoplay":true,"video_alt_text":"","content_position":"bottom","overlay_opacity":0,"number_of_columns":1,"number_of_row":1,"title":"Special Plants","title_size":70,"text":"<p>Just for You<\/p>","text_size":100,"text_align":"left","button_label":"Explore Now","button_link":"","open_new_window_button":false,"color_overlay":"rgba(0,0,0,0)","title_color":"#ffffff","text_color":"#ffffff","color_button":"#4b4949","background_button":"#f6f6f0","color_button_hover":"rgba(0,0,0,0)","background_button_hover":"rgba(0,0,0,0)"}},"d86cc7e8-58f8-44a3-984e-89a42fe3eef0":{"type":"media","settings":{"image":"","image_link":"","open_new_window":false,"video_url":"","enable_video_autoplay":true,"video_alt_text":"","content_position":"bottom","overlay_opacity":0,"number_of_columns":1,"number_of_row":1,"title":"Air-purifying Plants","title_size":70,"text":"<p>Sale Off<\/p>","text_size":100,"text_align":"left","button_label":"Explore Now","button_link":"","open_new_window_button":false,"color_overlay":"rgba(0,0,0,0)","title_color":"#ffffff","text_color":"#ffffff","color_button":"#4b4949","background_button":"#f6f6f0","color_button_hover":"rgba(0,0,0,0)","background_button_hover":"rgba(0,0,0,0)"}}},"block_order":["template--21416149385517__6748aaa0-b80b-4949-a77c-8d29b7c20d44-media-1","5da5b703-e372-4ac4-b489-ee2f32b2ba66","c3a16346-4af4-4b58-ba16-938d4247c868","9debdbab-390f-4850-ac89-efc16f8671b4","d86cc7e8-58f8-44a3-984e-89a42fe3eef0"],"settings":{"heading":"","heading_size":100,"max_columns":4,"spacing":20,"height_desktop":420,"show_section_divider":false,"full_width":true,"padding_top":20,"padding_bottom":48,"min_columns_mobile":"1","spacing_mobile":16,"height_mobile":200,"show_section_divider_mobile":false,"full_width_mobile":false,"padding_top_mobile":28,"padding_bottom_mobile":28}},"product-grid":{"type":"main-collection-product-grid","settings":{"enable_filtering":true,"sticky_filtering":false,"filter_type":"drawer","enable_collection_count":true,"enable_sorting":true,"products_per_page":"12","products_per_row_on_desktop":4,"products_per_row_on_mobile":"2","paginate_type":"underline","show_vendor":false,"show_rating":false,"show_quickview":true,"full_width":false,"spacing_col":20,"spacing_row":30,"padding_top":0,"padding_bottom":80,"spacing_col_mobile":14,"spacing_row_mobile":20,"padding_top_mobile":0,"padding_bottom_mobile":64}}},"order":["banner","6748aaa0-b80b-4949-a77c-8d29b7c20d44","product-grid"]}