{"sections":{"ss_slider_2_D786F8":{"type":"ss-slider-2","blocks":{"slide_QXL7Xm":{"type":"slide","settings":{"image":"shopify:\/\/shop_images\/Dolomite_White_main.jpg","title":"Bianco Dolomite","button":"View collection","url":"shopify:\/\/collections\/bianco-dolomite"}},"slide_YTcY9z":{"type":"slide","settings":{"image":"shopify:\/\/shop_images\/carrara_white_main.jpg","title":"Carrara White","button":"View collection","url":"shopify:\/\/collections\/carrara-white-marble"}},"slide_JEYAUd":{"type":"slide","settings":{"image":"shopify:\/\/shop_images\/Calacatta_Gold_main.jpg","title":"Calacatta Gold","button":"View collection","url":"shopify:\/\/collections\/calacatta-gold-marble"}},"slide_brTE7M":{"type":"slide","settings":{"image":"shopify:\/\/shop_images\/Crema_Marfil_main.jpg","title":"Crema Marfil","button":"View collection","url":"shopify:\/\/collections\/crema-marfil-marble"}},"slide_739tTr":{"type":"slide","settings":{"image":"shopify:\/\/shop_images\/Emperador_Dark_main.jpg","title":"Emperador Dark","button":"View collection","url":"shopify:\/\/collections\/emperador-dark-marble"}}},"block_order":["slide_QXL7Xm","slide_YTcY9z","slide_JEYAUd","slide_brTE7M","slide_739tTr"],"disabled":true,"settings":{"slider_view":6,"slider_view_mobile":1.5,"slider_rotate":20,"card_padding_vertical":4,"card_padding_vertical_mobile":24,"card_padding_horizontal":20,"card_padding_horizontal_mobile":30,"card_radius":10,"card_border_thickness":0,"card_shadow":true,"card_ratio":"square","card_ratio_mobile":"portrait","card_overlay":0,"content_horizontal_position":"center","content_horizontal_position_mobile":"center","content_vertical_position":"end","content_vertical_position_mobile":"end","title_custom":true,"title_font":"josefin_sans_n7","title_size":24,"title_size_mobile":28,"title_height":100,"button_custom":true,"button_font":"josefin_sans_n7","button_size":20,"button_size_mobile":14,"button_height":100,"button_mt":4,"button_padding_vertical":8,"button_padding_horizontal":20,"button_radius":10,"button_border_thickness":1,"arrow_size":50,"arrow_size_mobile":32,"arrow_icon_size":20,"arrow_icon_size_mobile":12,"arrow_border_thickness":0,"arrow_show_desktop":true,"arrow_show_mobile":true,"card_border_color":"#000000","card_shadow_color":"#000000","card_overlay_color":"#000000","title_color":"#6197ee","button_color":"#ffffff","button_hover_color":"#1c4170","button_bg_color":"#1c4170","button_bg_hover_color":"#ffffff","button_border_color":"#1b5bbf","button_border_hover_color":"#9358f7","arrow_color":"#000000","arrow_hover_color":"#ffffff","arrow_bg_color":"#ffffff","arrow_bg_hover_color":"#000000","arrow_border_color":"#000000","arrow_border_hover_color":"#454545","background_color":"#ffffff","background_gradient":"","border_color":"#000000","margin_top":0,"margin_bottom":0,"padding_top":36,"padding_bottom":36,"padding_horizontal":0,"padding_horizontal_mobile":0,"full_width":true,"content_width":120,"border_thickness":0,"lazy":false}},"ss_slider_2_kczWdq":{"type":"ss-slider-2","blocks":{"slide_djDfzk":{"type":"slide","settings":{"image":"shopify:\/\/shop_images\/24-X-24-Ivory-Travertine-Unfilled-Brushed-Chiseled-Tile-Travertine-Tile-Large-Formate-American-Tile-Depot-5.jpg","title":"Ivory","button":"View collection","url":"shopify:\/\/collections\/ivory-travertine"}},"slide_ezVdJB":{"type":"slide","settings":{"image":"shopify:\/\/shop_images\/18-X-18-Scabos-Travertine-Cross-Cut-Filled-Polished-Tile-Travertine-Tile-Large-Formate-American-Tile-Depot.webp","title":"Scabos","button":"View collection","url":"shopify:\/\/collections\/scabos-travertine"}},"slide_qpxQ6B":{"type":"slide","settings":{"title":"New Slide","button":"Learn more","url":""}},"slide_TBtE6y":{"type":"slide","settings":{"title":"New Slide","button":"Learn more","url":""}},"slide_AD4zc3":{"type":"slide","settings":{"title":"New Slide","button":"Learn more","url":""}}},"block_order":["slide_djDfzk","slide_ezVdJB","slide_qpxQ6B","slide_TBtE6y","slide_AD4zc3"],"disabled":true,"settings":{"slider_view":6,"slider_view_mobile":1.5,"slider_rotate":20,"card_padding_vertical":4,"card_padding_vertical_mobile":24,"card_padding_horizontal":20,"card_padding_horizontal_mobile":30,"card_radius":10,"card_border_thickness":0,"card_shadow":true,"card_ratio":"portrait","card_ratio_mobile":"portrait","card_overlay":0.3,"content_horizontal_position":"center","content_horizontal_position_mobile":"center","content_vertical_position":"end","content_vertical_position_mobile":"end","title_custom":false,"title_font":"josefin_sans_n4","title_size":28,"title_size_mobile":28,"title_height":100,"button_custom":false,"button_font":"josefin_sans_n4","button_size":14,"button_size_mobile":14,"button_height":100,"button_mt":16,"button_padding_vertical":12,"button_padding_horizontal":20,"button_radius":0,"button_border_thickness":1,"arrow_size":50,"arrow_size_mobile":32,"arrow_icon_size":20,"arrow_icon_size_mobile":12,"arrow_border_thickness":0,"arrow_show_desktop":true,"arrow_show_mobile":true,"card_border_color":"#000000","card_shadow_color":"#000000","card_overlay_color":"#000000","title_color":"#FFFFFF","button_color":"#FFFFFF","button_hover_color":"#000000","button_bg_color":"","button_bg_hover_color":"#ffffff","button_border_color":"#FFFFFF","button_border_hover_color":"#FFFFFF","arrow_color":"#000000","arrow_hover_color":"#FFFFFF","arrow_bg_color":"#FFFFFF","arrow_bg_hover_color":"#000000","arrow_border_color":"#000000","arrow_border_hover_color":"#454545","background_color":"#FFFFFF","background_gradient":"","border_color":"#000000","margin_top":0,"margin_bottom":0,"padding_top":36,"padding_bottom":36,"padding_horizontal":0,"padding_horizontal_mobile":0,"full_width":true,"content_width":120,"border_thickness":0,"lazy":true}},"banner":{"type":"main-collection-banner","blocks":{"breadcrumbs":{"type":"breadcrumbs","settings":{"show_breadcrumbs_border":false,"full_width_breadcrumb":true,"desktop_content_alignment":"text-center","mobile_content_alignment":"text-center","background_color_light":"#f2f2f2","text_color_light":"rgba(0,0,0,0)","textlink_color_light":"rgba(0,0,0,0)","background_color_dark":"#313131","text_color_dark":"rgba(0,0,0,0)","textlink_color_dark":"rgba(0,0,0,0)"}},"description":{"type":"description","disabled":true,"settings":{"read_more_label":"Read more","full_width":true,"desktop_content_alignment":"text-center","mobile_content_alignment":"text-center","background_color_light":"rgba(0,0,0,0)","text_color_light":"rgba(0,0,0,0)","background_color_dark":"rgba(0,0,0,0)","text_color_dark":"rgba(0,0,0,0)","padding_top":60,"padding_bottom":0}}},"block_order":["breadcrumbs","description"],"settings":{"show_collection_image":false,"image_overlay_opacity":20,"show_collection_name":false,"title_position":"text-center","size_title":110,"heading_tag":"h1","full_width_title":true,"desktop_height":"550px","full_width":true,"padding_top":0,"padding_bottom":36,"mobile_height":"300px","full_width_mobile":true,"padding_top_mobile":0,"padding_bottom_mobile":32}},"product-grid":{"type":"main-collection-product-grid","custom_css":[".sold-by-text {text-align: center !important;}"],"settings":{"collection_label":"{{ collection.metafields.custom.main_collection_name.value }}","collections":"{{ collection.metafields.custom.subcategory.value }}","enable_filtering":true,"filter_alignment":"ACCESSORIES,BORDER,COLOR,CORNER,FIELD TILE,FINISH,MATERIAL,MOLDINGS\/TRIMS,MOSAIC,SIZE,TYPE","sticky_filtering":false,"filter_type":"aside","expand_filter":false,"enable_collection_count":false,"enable_sorting":true,"products_per_page":"21,24,27,30,33,36,39,60","products_per_row_on_desktop":4,"products_per_row_on_mobile":"2","paginate_type":"circle","show_vendor":false,"show_rating":false,"show_quickview":true,"enable_advanced_filter":false,"key_value":"","hide_unavaiable_filter":true,"columns_desktop_1":4,"desktop_image_width_1":150,"columns_desktop_2":4,"desktop_image_width_2":150,"enable_desktop_slider":false,"image_ratio_filter":"square","full_width":true,"spacing_col":30,"spacing_row":60,"padding_top":0,"padding_bottom":100,"spacing_col_mobile":16,"spacing_row_mobile":32,"padding_top_mobile":0,"padding_bottom_mobile":48}},"custom_liquid_VB9diN":{"type":"custom-liquid","settings":{"custom_liquid":"<div class=\"elfsight-sapp-0506b398-b409-4d76-93bb-a1733c635d46\"><\/div>","full_width":true,"show_section_divider":true,"padding_top":28,"padding_bottom":28,"full_width_mobile":false,"show_section_divider_mobile":false,"padding_top_mobile":28,"padding_bottom_mobile":28}}},"order":["ss_slider_2_D786F8","ss_slider_2_kczWdq","banner","product-grid","custom_liquid_VB9diN"]}