{"sections":{"ss_slider_2_FiNagK":{"type":"ss-slider-2","blocks":{"slide_nTrHyA":{"type":"slide","disabled":true,"settings":{"image":"shopify:\/\/shop_images\/2-X-2-Scabos-Travertine-Tumbled-CNC-Arched-3-D-Mosaic-Tile-Travertine-Mosaic-American-Tile-Depot-4.jpg","title":"Natural Stone","button":"View collection","url":"shopify:\/\/collections\/natural-stone"}},"slide_ffPkc8":{"type":"slide","settings":{"image":"shopify:\/\/shop_images\/Phoenix-Jasper-Green-Polished-Square-Glass-Mosaic-Tile-Recycled-Glass-Mosaic-American-Tile-Depot-4.jpg","title":"Glass","button":"View collection","url":"shopify:\/\/collections\/tile-glass"}},"slide_VcW73U":{"type":"slide","settings":{"image":"shopify:\/\/shop_images\/antique-dark-blue-1.webp","title":"Porcelain","button":"View collection","url":"shopify:\/\/collections\/tile-porcelain"}},"slide_gLTXTJ":{"type":"slide","settings":{"image":"shopify:\/\/shop_images\/calacatta_gold_bathroom_emperor_marble_uk.webp","title":"Marble","button":"View collection","url":"shopify:\/\/collections\/marble"}},"slide_qaA7PQ":{"type":"slide","settings":{"image":"shopify:\/\/shop_images\/MixedTravertine2.3VenetianStoneMosaic1.jpg","title":"Travertine","button":"View collection","url":"shopify:\/\/collections\/travertine"}},"slide_4ynDwF":{"type":"slide","settings":{"image":"shopify:\/\/shop_images\/honey_onyx_shower.jpg","title":"Onyx","button":"View collection","url":"shopify:\/\/collections\/onyx"}},"slide_By46jk":{"type":"slide","disabled":true,"settings":{"image":"shopify:\/\/shop_images\/antique-dark-blue-1.webp","title":"Tile","button":"View collection","url":"shopify:\/\/collections\/tile"}},"slide_rycdtN":{"type":"slide","settings":{"image":"shopify:\/\/shop_images\/Colossia-Thomas-House-Plus-Matte-SPC-Luxury-Vinyl-Plank-SPC-American-Tile-Depot.jpg","title":"Performance Flooring","button":"View collection","url":"shopify:\/\/collections\/performance-flooring"}},"slide_Qbkjrr":{"type":"slide","settings":{"image":"shopify:\/\/shop_images\/Black-Marquina-Marble-Hand-Made-Custom-Shampoo-Niche-Shelf-LARGE-Polished-Accessories-American-Tile-Depot.jpg","title":"Accessories","button":"View collection","url":"shopify:\/\/collections\/accessories-type"}}},"block_order":["slide_nTrHyA","slide_ffPkc8","slide_VcW73U","slide_gLTXTJ","slide_qaA7PQ","slide_4ynDwF","slide_By46jk","slide_rycdtN","slide_Qbkjrr"],"settings":{"slider_view":4,"slider_view_mobile":1.5,"slider_rotate":40,"card_padding_vertical":6,"card_padding_vertical_mobile":4,"card_padding_horizontal":40,"card_padding_horizontal_mobile":30,"card_radius":10,"card_border_thickness":0,"card_shadow":true,"card_ratio":"portrait","card_ratio_mobile":"portrait","card_overlay":0,"content_horizontal_position":"center","content_horizontal_position_mobile":"center","content_vertical_position":"end","content_vertical_position_mobile":"end","title_custom":true,"title_font":"josefin_sans_n7","title_size":28,"title_size_mobile":18,"title_height":100,"button_custom":true,"button_font":"josefin_sans_n4","button_size":16,"button_size_mobile":14,"button_height":100,"button_mt":10,"button_padding_vertical":12,"button_padding_horizontal":20,"button_radius":16,"button_border_thickness":0,"arrow_size":50,"arrow_size_mobile":32,"arrow_icon_size":20,"arrow_icon_size_mobile":12,"arrow_border_thickness":0,"arrow_show_desktop":true,"arrow_show_mobile":true,"card_border_color":"#000000","card_shadow_color":"#000000","card_overlay_color":"#000000","title_color":"#ffffff","button_color":"#1c4170","button_hover_color":"#ffffff","button_bg_color":"#f8f8f8","button_bg_hover_color":"#1c4170","button_border_color":"#ffffff","button_border_hover_color":"#ffffff","arrow_color":"#000000","arrow_hover_color":"#ffffff","arrow_bg_color":"#ffffff","arrow_bg_hover_color":"#000000","arrow_border_color":"#000000","arrow_border_hover_color":"#454545","background_color":"#ffffff","background_gradient":"","border_color":"#000000","margin_top":0,"margin_bottom":0,"padding_top":36,"padding_bottom":36,"padding_horizontal":0,"padding_horizontal_mobile":0,"full_width":true,"content_width":120,"border_thickness":0,"lazy":false}},"e32885d8-0a8f-4c4f-8801-377d01cb7656":{"type":"featured-collection","blocks":{"template--21828924539181__e32885d8-0a8f-4c4f-8801-377d01cb7656-collection-1":{"type":"collection","settings":{"collection":"popular-items","show_description":false,"description":"","read_more_label":"Read more","show_vendor":false,"show_rating":false,"show_quickview":true,"show_promotion":false,"promotion_position":"left","card_link":"","open_new_window":false,"enable_text_overlay":false,"overlay_opacity":0,"image_ratio":"100","video_url":"","enable_video_autoplay":false,"video_alt_text":"","product_card":"","heading":"Featured collection","heading_size":70,"content":"<p>10% OFF<\/p>","text_size":100,"content_alignment":"center","content_position":"bottom","button_label":"See more","button_link":"","open_new_window_button":false,"show_button_style":"primary","background_color":"rgba(0,0,0,0)","color_text":"rgba(0,0,0,0)","color_button":"rgba(0,0,0,0)","color_text_button":"rgba(0,0,0,0)","color_button_hover":"rgba(0,0,0,0)","color_text_button_hover":"rgba(0,0,0,0)","color_button_secondary":"rgba(0,0,0,0)","secondary_button_text":"rgba(0,0,0,0)","colors_text_link":"rgba(0,0,0,0)"}}},"block_order":["template--21828924539181__e32885d8-0a8f-4c4f-8801-377d01cb7656-collection-1"],"settings":{"title":"Popular Items","heading_size":110,"heading_tag":"h2","heading_alignment":"center","subheading":"","text":"","show_view_all":false,"view_all_position":"top","title_size":120,"title_style":"none","enable_desktop_slider":true,"slider_style":"horizontal","swiper_on_mobile":false,"auto_play":false,"change_slides_speed":5,"columns_desktop":5,"rows_desktop":3,"spacing":28,"full_width":false,"show_section_divider":false,"padding_top":28,"padding_bottom":28,"columns_mobile":"2","spacing_mobile":16,"full_width_mobile":false,"show_section_divider_mobile":false,"padding_top_mobile":40,"padding_bottom_mobile":28}},"ss_split_screen_video_bbzH3J":{"type":"ss-split-screen-video","blocks":{"slide_HMannw":{"type":"slide","settings":{"slide_columns":"2","slide_columns_mobile":"first","slide_layout":"row","slide_layout_big":"first","columns_gap":12,"columns_gap_mobile":12,"media_gap":12,"slide_media":"video","slide_media_width":50,"slide_media_radius":10,"slide_media_position_mobile":"column","media_custom":true,"media_height":550,"media_height_mobile":300,"slide_video":"shopify:\/\/files\/videos\/final_9b73108f-ef95-455b-8d1a-cf7a6771fded.mp4","slide_video_url":"","slide_icon_size":30,"slide_controls":true,"slide_autoplay":true,"slide_loop":true,"secondary_slide_media":"video","secondary_slide_media_radius":0,"secondary_media_custom":true,"secondary_media_height":400,"secondary_media_height_mobile":170,"secondary_slide_video_url":"https:\/\/www.youtube.com\/watch?v=_9VUPq3SxOc","secondary_slide_icon_size":30,"secondary_slide_controls":true,"secondary_slide_autoplay":false,"secondary_slide_loop":false,"text_padding_horizontal":16,"text_padding_horizontal_mobile":16,"text_padding_vertical":16,"text_padding_vertical_mobile":40,"text_border_thickness":2,"text_radius":10,"heading":"Create stunning spaces","heading_custom":true,"heading_font":"fjalla_one_n4","heading_size":26,"heading_letter":0,"heading_height":120,"heading_align":"center","sub_heading":"<p>with modern elegance!<\/p>","sub_heading_custom":false,"sub_heading_font":"fjalla_one_n4","sub_heading_size":22,"sub_heading_letter":0,"sub_heading_height":100,"sub_heading_align":"center","sub_heading_mt":12,"text":"<p>View our collections and<\/p>","text_custom":true,"text_font":"assistant_n4","text_size":22,"text_letter":0,"text_height":100,"text_align":"center","text_mt":12,"link":"Catch the deals","link_url":"shopify:\/\/collections\/shipping-discount-large-format-tiles","link_custom":false,"link_font":"assistant_n4","link_size":22,"link_letter":0,"link_height":100,"link_align":"center","link_style":"button","link_padding_horizontal":40,"link_padding_vertical":12,"link_border_thickness":0,"link_radius":6,"link_mt":12,"slide_heading_color":"#ffffff","slide_sub_heading_color":"#ffffff","slide_text_color":"#ffffff","slide_link_color":"#ffffff","slide_link_hover_color":"#1c4170","slide_link_bg_color":"#10d7e2","slide_link_bg_hover_color":"#ffffff","slide_link_border_color":"#000000","slide_link_border_hover_color":"#10d7e2","slide_text_bg_color":"#1c4170","slide_text_border_color":"#000000","slide_bg_color":""}},"slide_FiaJG4":{"type":"slide","settings":{"slide_columns":"2","slide_columns_mobile":"second","slide_layout":"row","slide_layout_big":"second","columns_gap":12,"columns_gap_mobile":12,"media_gap":12,"slide_media":"image","slide_media_width":70,"slide_media_radius":10,"slide_media_position_mobile":"column","media_custom":false,"media_height":550,"media_height_mobile":400,"slide_image":"shopify:\/\/shop_images\/WebSiteBanner_-_Last_Adjust.png","slide_video_url":"https:\/\/www.youtube.com\/watch?v=_9VUPq3SxOc","slide_icon_size":30,"slide_controls":true,"slide_autoplay":false,"slide_loop":false,"secondary_slide_media":"video","secondary_slide_media_radius":0,"secondary_media_custom":true,"secondary_media_height":400,"secondary_media_height_mobile":170,"secondary_slide_video_url":"https:\/\/www.youtube.com\/watch?v=_9VUPq3SxOc","secondary_slide_icon_size":30,"secondary_slide_controls":true,"secondary_slide_autoplay":false,"secondary_slide_loop":false,"text_padding_horizontal":16,"text_padding_horizontal_mobile":16,"text_padding_vertical":16,"text_padding_vertical_mobile":40,"text_border_thickness":2,"text_radius":0,"heading":"Get early Black Friday deals","heading_custom":true,"heading_font":"assistant_n4","heading_size":38,"heading_letter":0,"heading_height":100,"heading_align":"center","sub_heading":"<p>Save up to 40%<\/p>","sub_heading_custom":true,"sub_heading_font":"assistant_n4","sub_heading_size":22,"sub_heading_letter":0,"sub_heading_height":100,"sub_heading_align":"center","sub_heading_mt":12,"text":"","text_custom":false,"text_font":"assistant_n4","text_size":22,"text_letter":0,"text_height":100,"text_align":"center","text_mt":12,"link":"See the deals!","link_url":"https:\/\/www.americantiledepot.com\/collections\/sale","link_custom":true,"link_font":"assistant_n4","link_size":22,"link_letter":0,"link_height":100,"link_align":"center","link_style":"button","link_padding_horizontal":40,"link_padding_vertical":12,"link_border_thickness":0,"link_radius":10,"link_mt":12,"slide_heading_color":"#ffffff","slide_sub_heading_color":"#ffffff","slide_text_color":"#ffffff","slide_link_color":"#ffffff","slide_link_hover_color":"#1c4170","slide_link_bg_color":"#10d7e2","slide_link_bg_hover_color":"#ffffff","slide_link_border_color":"#000000","slide_link_border_hover_color":"#000000","slide_text_bg_color":"#1c4170","slide_text_border_color":"#000000","slide_bg_color":""}},"slide_8C4fHW":{"type":"slide","settings":{"slide_columns":"2","slide_columns_mobile":"second","slide_layout":"row","slide_layout_big":"second","columns_gap":12,"columns_gap_mobile":12,"media_gap":12,"slide_media":"video","slide_media_width":50,"slide_media_radius":10,"slide_media_position_mobile":"column","media_custom":true,"media_height":550,"media_height_mobile":300,"slide_image":"shopify:\/\/shop_images\/calacatta-blue-marble-effect-wall-and-floor-60x120-tile-bathroom-wall-2300-1.jpg","slide_video":"shopify:\/\/files\/videos\/final_d76d9452-6745-4a65-a9df-623ebe0b13c2.mp4","slide_video_url":"","slide_icon_size":30,"slide_controls":true,"slide_autoplay":true,"slide_loop":true,"secondary_slide_media":"video","secondary_slide_media_radius":0,"secondary_media_custom":true,"secondary_media_height":400,"secondary_media_height_mobile":170,"secondary_slide_video_url":"https:\/\/www.youtube.com\/watch?v=_9VUPq3SxOc","secondary_slide_icon_size":30,"secondary_slide_controls":true,"secondary_slide_autoplay":true,"secondary_slide_loop":true,"text_padding_horizontal":16,"text_padding_horizontal_mobile":16,"text_padding_vertical":16,"text_padding_vertical_mobile":40,"text_border_thickness":2,"text_radius":10,"heading":"Discover","heading_custom":true,"heading_font":"assistant_n4","heading_size":38,"heading_letter":0,"heading_height":100,"heading_align":"center","sub_heading":"<p>Performance Flooring items.<\/p>","sub_heading_custom":true,"sub_heading_font":"assistant_n4","sub_heading_size":22,"sub_heading_letter":0,"sub_heading_height":100,"sub_heading_align":"center","sub_heading_mt":12,"text":"<p>Get deals!<\/p>","text_custom":false,"text_font":"assistant_n4","text_size":22,"text_letter":0,"text_height":100,"text_align":"center","text_mt":12,"link":"Shop now!","link_url":"shopify:\/\/collections\/shipping-discount-performance-flooring","link_custom":true,"link_font":"bevan_n4","link_size":22,"link_letter":0,"link_height":100,"link_align":"center","link_style":"button","link_padding_horizontal":40,"link_padding_vertical":12,"link_border_thickness":0,"link_radius":10,"link_mt":12,"slide_heading_color":"#ffffff","slide_sub_heading_color":"#ffffff","slide_text_color":"#ffffff","slide_link_color":"#ffffff","slide_link_hover_color":"#1c4170","slide_link_bg_color":"#10d7e2","slide_link_bg_hover_color":"#ffffff","slide_link_border_color":"#0a1e33","slide_link_border_hover_color":"#000000","slide_text_bg_color":"#1c4170","slide_text_border_color":"#000000","slide_bg_color":""}}},"block_order":["slide_HMannw","slide_FiaJG4","slide_8C4fHW"],"settings":{"slide_navigation":"bullets","slide_bullets_radius":30,"bullets_padding_horizontal":16,"bullets_padding_vertical":8,"bullets_mb":8,"bullets_mb_mobile":8,"hide_navigation":false,"slider_autoplay":true,"slider_autoplay_seconds":10,"background_color":"#ffffff","background_gradient":"","border_color":"#000000","btn_bg_color":"#000000","btn_bg_hover_color":"#000000","bullets_bg_color":"#000000","bullets_color":"#ffffff","margin_top":0,"margin_bottom":0,"padding_top":20,"padding_bottom":20,"padding_horizontal":3,"padding_horizontal_mobile":1.5,"content_width":120,"border_thickness":0}},"fe5dccd3-17fd-4fd3-ada9-a0e11305981c":{"type":"slideshow","blocks":{"template--21828924539181__fe5dccd3-17fd-4fd3-ada9-a0e11305981c-slide-1":{"type":"slide","settings":{"image":"shopify:\/\/shop_images\/Layer_1037.png","image_link":"","open_new_window_image":false,"overlay_opacity":0,"subheading":"","heading":"Elevate Your Home with Stunning Floors","heading_size":130,"heading_tag":"h3","text":"<h3>Quality Flooring, Unmatched Beauty<\/h3>","button_label_1":"Shop Now","button_link_1":"shopify:\/\/collections\/tile","open_new_window_button":false,"show_button_style_1":"primary","button_label_2":"","button_link_2":"","open_new_window_button_2":false,"show_button_style_2":"primary","content_alignment":"bottom-left","custom_horizontal":50,"custom_vertical":50,"alignment":"left","color_text":"#ffffff","color_button":"#1c4170","color_text_button":"#ffffff","color_button_hover":"#1c4170","color_text_button_hover":"#ffffff","color_button_secondary":"#1c4170","secondary_button_text":"#ffffff","colors_text_link":"#ffffff"}},"slide_XkjqpJ":{"type":"slide","disabled":true,"settings":{"image":"shopify:\/\/shop_images\/search_with_image_canva_png.png","image_link":"","open_new_window_image":false,"overlay_opacity":0,"subheading":"","heading":"","heading_size":170,"heading_tag":"h2","text":"","button_label_1":"","button_link_1":"","open_new_window_button":false,"show_button_style_1":"primary","button_label_2":"","button_link_2":"","open_new_window_button_2":false,"show_button_style_2":"primary","content_alignment":"middle-center","custom_horizontal":50,"custom_vertical":50,"alignment":"center","color_text":"rgba(0,0,0,0)","color_button":"rgba(0,0,0,0)","color_text_button":"rgba(0,0,0,0)","color_button_hover":"rgba(0,0,0,0)","color_text_button_hover":"rgba(0,0,0,0)","color_button_secondary":"rgba(0,0,0,0)","secondary_button_text":"rgba(0,0,0,0)","colors_text_link":"rgba(0,0,0,0)"}},"slide_yRnXTk":{"type":"slide","settings":{"image":"shopify:\/\/shop_images\/WebSiteBanner_-_Last_Adjust.png","image_link":"","open_new_window_image":false,"overlay_opacity":0,"subheading":"","heading":"","heading_size":170,"heading_tag":"h2","text":"","button_label_1":"Get the DEALS!","button_link_1":"shopify:\/\/collections\/sale","open_new_window_button":false,"show_button_style_1":"primary","button_label_2":"","button_link_2":"","open_new_window_button_2":true,"show_button_style_2":"primary","content_alignment":"bottom-left","custom_horizontal":55,"custom_vertical":0,"alignment":"center","color_text":"rgba(0,0,0,0)","color_button":"rgba(0,0,0,0)","color_text_button":"rgba(0,0,0,0)","color_button_hover":"rgba(0,0,0,0)","color_text_button_hover":"rgba(0,0,0,0)","color_button_secondary":"rgba(0,0,0,0)","secondary_button_text":"rgba(0,0,0,0)","colors_text_link":"rgba(0,0,0,0)"}}},"block_order":["template--21828924539181__fe5dccd3-17fd-4fd3-ada9-a0e11305981c-slide-1","slide_XkjqpJ","slide_yRnXTk"],"disabled":true,"settings":{"show_hero":false,"auto_play":true,"change_slides_speed":5,"show_arrow":true,"slider_visual":"bars","transition_style":"fade","full_width":true,"padding_full_width":false,"rounded_corner_image":false,"desktop_height":"650","padding_top":0,"padding_bottom":4,"full_width_mobile":true,"rounded_corner_image_mobile":false,"mobile_height":"500","padding_top_mobile":0,"padding_bottom_mobile":4}},"rich_text_CMTj7p":{"type":"rich-text","blocks":{"text_tVmqcx":{"type":"text","settings":{"text":"<p>“American Tile Depot is proud to serve its customers with quality products and outstanding customer service. In addition to our large stock of natural stone mosaics, moldings and borders. We also carry larger size field tiles on marble, travertine and onyx to help you complete any project.”<\/p>","read_more_label":"Read more"}}},"block_order":["text_tVmqcx"],"settings":{"heading_light":"rgba(0,0,0,0)","text_light":"rgba(0,0,0,0)","background_color_light":"","heading_dark":"rgba(0,0,0,0)","text_dark":"rgba(0,0,0,0)","background_color_dark":"","content_alignment":"center","show_section_divider":false,"make_full_page_width":false,"padding_top":28,"padding_bottom":0,"content_alignment_mobile":"center","show_section_divider_mobile":false,"padding_top_mobile":28,"padding_bottom_mobile":0}},"featured_collection_iYY6E7":{"type":"featured-collection","blocks":{"collection_UCw84X":{"type":"collection","settings":{"collection":"new-arrivals","show_description":false,"description":"","read_more_label":"Read more","show_vendor":false,"show_rating":false,"show_quickview":true,"show_promotion":false,"promotion_position":"left","card_link":"","open_new_window":false,"enable_text_overlay":false,"overlay_opacity":0,"image_ratio":"100","video_url":"","enable_video_autoplay":false,"video_alt_text":"","product_card":"","heading":"Featured collection","heading_size":70,"content":"<p>10% OFF<\/p>","text_size":100,"content_alignment":"center","content_position":"bottom","button_label":"See more","button_link":"","open_new_window_button":false,"show_button_style":"primary","background_color":"rgba(0,0,0,0)","color_text":"rgba(0,0,0,0)","color_button":"rgba(0,0,0,0)","color_text_button":"rgba(0,0,0,0)","color_button_hover":"rgba(0,0,0,0)","color_text_button_hover":"rgba(0,0,0,0)","color_button_secondary":"rgba(0,0,0,0)","secondary_button_text":"rgba(0,0,0,0)","colors_text_link":"rgba(0,0,0,0)"}}},"block_order":["collection_UCw84X"],"settings":{"title":"New Arrivals","heading_size":110,"heading_tag":"h2","heading_alignment":"center","subheading":"","text":"","show_view_all":false,"view_all_position":"top","title_size":120,"title_style":"none","enable_desktop_slider":true,"slider_style":"horizontal","swiper_on_mobile":false,"auto_play":false,"change_slides_speed":5,"columns_desktop":5,"rows_desktop":3,"spacing":28,"full_width":false,"show_section_divider":false,"padding_top":28,"padding_bottom":28,"columns_mobile":"2","spacing_mobile":16,"full_width_mobile":false,"show_section_divider_mobile":false,"padding_top_mobile":40,"padding_bottom_mobile":28}},"4352d226-8e70-4b9d-94d5-8f8b0e27084b":{"type":"media-gallery","blocks":{"d88ef804-fb08-47c7-a7f2-50d8e695853b":{"type":"media","settings":{"image":"shopify:\/\/shop_images\/shape_97.png","image_link":"shopify:\/\/collections\/marble","open_new_window":false,"video_url":"","enable_video_autoplay":true,"video_alt_text":"","enable_content_overlay":true,"content_position":"bottom","overlay_opacity":10,"number_of_columns":1,"number_of_row":1,"icon":"none","custom_icon":"","icon_size":45,"sub_title":"","title":"Marble","title_size":80,"text":"<p>Shop Now<\/p>","text_size":100,"text_align":"center","media_position":"top","button_label":"","button_link":"","open_new_window_button":false,"show_button_style":"primary","color_overlay":"rgba(0,0,0,0)","title_color":"#ffffff","text_color":"#ffffff","color_button":"rgba(0,0,0,0)","background_button":"rgba(0,0,0,0)","color_button_hover":"rgba(0,0,0,0)","background_button_hover":"rgba(0,0,0,0)","color_button_secondary":"rgba(0,0,0,0)","secondary_button_text":"rgba(0,0,0,0)","colors_text_link":"rgba(0,0,0,0)"}},"media_jwLEX7":{"type":"media","settings":{"image":"shopify:\/\/shop_images\/shape_97_copy.png","image_link":"shopify:\/\/collections\/travertine","open_new_window":false,"video_url":"","enable_video_autoplay":true,"video_alt_text":"","enable_content_overlay":true,"content_position":"bottom","overlay_opacity":10,"number_of_columns":1,"number_of_row":1,"icon":"none","custom_icon":"","icon_size":45,"sub_title":"","title":"Travertine","title_size":80,"text":"<p>Shop Now<\/p>","text_size":100,"text_align":"center","media_position":"top","button_label":"","button_link":"","open_new_window_button":false,"show_button_style":"primary","color_overlay":"rgba(0,0,0,0)","title_color":"#ffffff","text_color":"#ffffff","color_button":"rgba(0,0,0,0)","background_button":"rgba(0,0,0,0)","color_button_hover":"rgba(0,0,0,0)","background_button_hover":"rgba(0,0,0,0)","color_button_secondary":"rgba(0,0,0,0)","secondary_button_text":"rgba(0,0,0,0)","colors_text_link":"rgba(0,0,0,0)"}},"media_DRRVpr":{"type":"media","settings":{"image":"shopify:\/\/shop_images\/shape_97_copy_2.png","image_link":"shopify:\/\/collections\/onyx","open_new_window":false,"video_url":"","enable_video_autoplay":true,"video_alt_text":"","enable_content_overlay":true,"content_position":"bottom","overlay_opacity":10,"number_of_columns":1,"number_of_row":1,"icon":"none","custom_icon":"","icon_size":45,"sub_title":"","title":"Onyx","title_size":80,"text":"<p>Shop Now<\/p>","text_size":100,"text_align":"center","media_position":"top","button_label":"","button_link":"","open_new_window_button":false,"show_button_style":"primary","color_overlay":"rgba(0,0,0,0)","title_color":"#ffffff","text_color":"#ffffff","color_button":"rgba(0,0,0,0)","background_button":"rgba(0,0,0,0)","color_button_hover":"rgba(0,0,0,0)","background_button_hover":"rgba(0,0,0,0)","color_button_secondary":"rgba(0,0,0,0)","secondary_button_text":"rgba(0,0,0,0)","colors_text_link":"rgba(0,0,0,0)"}},"media_UtgQyY":{"type":"media","settings":{"image":"shopify:\/\/shop_images\/shape_97_copy_3.png","image_link":"shopify:\/\/collections\/porcelain","open_new_window":false,"video_url":"","enable_video_autoplay":true,"video_alt_text":"","enable_content_overlay":true,"content_position":"bottom","overlay_opacity":10,"number_of_columns":1,"number_of_row":1,"icon":"none","custom_icon":"","icon_size":45,"sub_title":"","title":"Porcelain","title_size":80,"text":"<p>Shop Now<\/p>","text_size":100,"text_align":"center","media_position":"top","button_label":"","button_link":"","open_new_window_button":false,"show_button_style":"primary","color_overlay":"rgba(0,0,0,0)","title_color":"#ffffff","text_color":"#ffffff","color_button":"rgba(0,0,0,0)","background_button":"rgba(0,0,0,0)","color_button_hover":"rgba(0,0,0,0)","background_button_hover":"rgba(0,0,0,0)","color_button_secondary":"rgba(0,0,0,0)","secondary_button_text":"rgba(0,0,0,0)","colors_text_link":"rgba(0,0,0,0)"}},"media_GH9TJm":{"type":"media","settings":{"image":"shopify:\/\/shop_images\/shape_97_copy_4.png","image_link":"shopify:\/\/collections\/glass","open_new_window":false,"video_url":"","enable_video_autoplay":true,"video_alt_text":"","enable_content_overlay":true,"content_position":"bottom","overlay_opacity":10,"number_of_columns":1,"number_of_row":1,"icon":"none","custom_icon":"","icon_size":45,"sub_title":"","title":"Glass","title_size":80,"text":"<p>Shop Now<\/p>","text_size":100,"text_align":"center","media_position":"top","button_label":"","button_link":"","open_new_window_button":false,"show_button_style":"primary","color_overlay":"rgba(0,0,0,0)","title_color":"#ffffff","text_color":"#ffffff","color_button":"rgba(0,0,0,0)","background_button":"rgba(0,0,0,0)","color_button_hover":"rgba(0,0,0,0)","background_button_hover":"rgba(0,0,0,0)","color_button_secondary":"rgba(0,0,0,0)","secondary_button_text":"rgba(0,0,0,0)","colors_text_link":"rgba(0,0,0,0)"}}},"block_order":["d88ef804-fb08-47c7-a7f2-50d8e695853b","media_jwLEX7","media_DRRVpr","media_UtgQyY","media_GH9TJm"],"disabled":true,"settings":{"heading":"New Arrivals","heading_size":110,"heading_tag":"h2","heading_alignment":"center","subheading":"","text":"","max_columns":5,"spacing":30,"height_desktop":440,"show_section_divider":false,"full_width":true,"padding_full_width":true,"padding_top":0,"padding_bottom":100,"min_columns_mobile":"1","spacing_mobile":16,"height_mobile":250,"show_section_divider_mobile":false,"full_width_mobile":false,"padding_top_mobile":16,"padding_bottom_mobile":28}},"slideshow_EMCDQn":{"type":"slideshow","blocks":{"slide_kicFG4":{"type":"slide","settings":{"image":"shopify:\/\/shop_images\/shape_98.png","image_link":"","open_new_window_image":false,"overlay_opacity":0,"subheading":"","heading":"Floors That Command Attention","heading_size":120,"heading_tag":"h2","text":"<h3>Quality Flooring, Unmatched Beauty<\/h3>","button_label_1":"Shop Now","button_link_1":"shopify:\/\/collections\/all","open_new_window_button":true,"show_button_style_1":"primary","button_label_2":"","button_link_2":"","open_new_window_button_2":false,"show_button_style_2":"primary","content_alignment":"bottom-center","custom_horizontal":50,"custom_vertical":50,"alignment":"center","color_text":"rgba(0,0,0,0)","color_button":"rgba(0,0,0,0)","color_text_button":"rgba(0,0,0,0)","color_button_hover":"rgba(0,0,0,0)","color_text_button_hover":"rgba(0,0,0,0)","color_button_secondary":"rgba(0,0,0,0)","secondary_button_text":"rgba(0,0,0,0)","colors_text_link":"rgba(0,0,0,0)"}},"slide_9c4UnM":{"type":"slide","settings":{"image":"shopify:\/\/shop_images\/Layer_1037_fd7dd661-98bb-4a52-8334-5f6888425bf5.png","image_link":"","open_new_window_image":false,"overlay_opacity":0,"subheading":"","heading":"Elevate Your Home with Stunning Floors","heading_size":130,"heading_tag":"h3","text":"<p>Quality Flooring, Unmatched Beauty<\/p>","button_label_1":"Shop now","button_link_1":"shopify:\/\/collections\/tile","open_new_window_button":true,"show_button_style_1":"primary","button_label_2":"","button_link_2":"","open_new_window_button_2":false,"show_button_style_2":"primary","content_alignment":"bottom-left","custom_horizontal":50,"custom_vertical":50,"alignment":"left","color_text":"rgba(0,0,0,0)","color_button":"rgba(0,0,0,0)","color_text_button":"rgba(0,0,0,0)","color_button_hover":"rgba(0,0,0,0)","color_text_button_hover":"rgba(0,0,0,0)","color_button_secondary":"rgba(0,0,0,0)","secondary_button_text":"rgba(0,0,0,0)","colors_text_link":"rgba(0,0,0,0)"}}},"block_order":["slide_kicFG4","slide_9c4UnM"],"settings":{"show_hero":false,"auto_play":true,"change_slides_speed":5,"show_arrow":true,"slider_visual":"bars","transition_style":"fade","full_width":true,"padding_full_width":true,"rounded_corner_image":true,"desktop_height":"natural","padding_top":0,"padding_bottom":28,"full_width_mobile":true,"rounded_corner_image_mobile":false,"mobile_height":"natural","padding_top_mobile":0,"padding_bottom_mobile":20}},"featured_collection_9qQXfC":{"type":"featured-collection","blocks":{"collection_GKFx7A":{"type":"collection","settings":{"collection":"shampoo-niche","show_description":false,"description":"","read_more_label":"","show_vendor":false,"show_rating":false,"show_quickview":true,"show_promotion":true,"promotion_position":"left","card_link":"","open_new_window":false,"image":"shopify:\/\/shop_images\/shape_100_17fc62bb-27b1-4230-b199-02f8d4f89e78.png","enable_text_overlay":false,"overlay_opacity":0,"image_ratio":"auto","video_url":"","enable_video_autoplay":false,"video_alt_text":"","product_card":"","heading":"ACCESSORIES","heading_size":70,"content":"<h3><strong>Save up to 30%<\/strong><\/h3>","text_size":100,"content_alignment":"center","content_position":"bottom","button_label":"Shop now","button_link":"shopify:\/\/collections\/natural-stone-accessories","open_new_window_button":false,"show_button_style":"primary","background_color":"rgba(0,0,0,0)","color_text":"rgba(0,0,0,0)","color_button":"rgba(0,0,0,0)","color_text_button":"rgba(0,0,0,0)","color_button_hover":"rgba(0,0,0,0)","color_text_button_hover":"rgba(0,0,0,0)","color_button_secondary":"rgba(0,0,0,0)","secondary_button_text":"rgba(0,0,0,0)","colors_text_link":"rgba(0,0,0,0)"}},"collection_9fPCrc":{"type":"collection","settings":{"collection":"wall-plate-switch-plate","show_description":false,"description":"","read_more_label":"Read more","show_vendor":false,"show_rating":false,"show_quickview":true,"show_promotion":false,"promotion_position":"left","card_link":"","open_new_window":false,"enable_text_overlay":false,"overlay_opacity":0,"image_ratio":"100","video_url":"","enable_video_autoplay":false,"video_alt_text":"","product_card":"","heading":"Featured collection","heading_size":70,"content":"<p>10% OFF<\/p>","text_size":100,"content_alignment":"center","content_position":"bottom","button_label":"See more","button_link":"","open_new_window_button":false,"show_button_style":"primary","background_color":"rgba(0,0,0,0)","color_text":"rgba(0,0,0,0)","color_button":"rgba(0,0,0,0)","color_text_button":"rgba(0,0,0,0)","color_button_hover":"rgba(0,0,0,0)","color_text_button_hover":"rgba(0,0,0,0)","color_button_secondary":"rgba(0,0,0,0)","secondary_button_text":"rgba(0,0,0,0)","colors_text_link":"rgba(0,0,0,0)"}},"collection_NzREcT":{"type":"collection","settings":{"collection":"corner-shelf","show_description":false,"description":"","read_more_label":"Read more","show_vendor":false,"show_rating":false,"show_quickview":true,"show_promotion":false,"promotion_position":"left","card_link":"","open_new_window":false,"enable_text_overlay":false,"overlay_opacity":0,"image_ratio":"100","video_url":"","enable_video_autoplay":false,"video_alt_text":"","product_card":"","heading":"Featured collection","heading_size":70,"content":"<p>10% OFF<\/p>","text_size":100,"content_alignment":"center","content_position":"bottom","button_label":"See more","button_link":"","open_new_window_button":false,"show_button_style":"primary","background_color":"rgba(0,0,0,0)","color_text":"rgba(0,0,0,0)","color_button":"rgba(0,0,0,0)","color_text_button":"rgba(0,0,0,0)","color_button_hover":"rgba(0,0,0,0)","color_text_button_hover":"rgba(0,0,0,0)","color_button_secondary":"rgba(0,0,0,0)","secondary_button_text":"rgba(0,0,0,0)","colors_text_link":"rgba(0,0,0,0)"}},"collection_QDQWgk":{"type":"collection","settings":{"collection":"soap-holder","show_description":true,"description":"","read_more_label":"Read more","show_vendor":false,"show_rating":false,"show_quickview":true,"show_promotion":false,"promotion_position":"left","card_link":"","open_new_window":false,"enable_text_overlay":false,"overlay_opacity":0,"image_ratio":"100","video_url":"","enable_video_autoplay":false,"video_alt_text":"","product_card":"","heading":"Featured collection","heading_size":70,"content":"<p>10% OFF<\/p>","text_size":100,"content_alignment":"center","content_position":"bottom","button_label":"See more","button_link":"","open_new_window_button":false,"show_button_style":"primary","background_color":"rgba(0,0,0,0)","color_text":"rgba(0,0,0,0)","color_button":"rgba(0,0,0,0)","color_text_button":"rgba(0,0,0,0)","color_button_hover":"rgba(0,0,0,0)","color_text_button_hover":"rgba(0,0,0,0)","color_button_secondary":"rgba(0,0,0,0)","secondary_button_text":"rgba(0,0,0,0)","colors_text_link":"rgba(0,0,0,0)"}},"collection_LJEKDH":{"type":"collection","settings":{"collection":"coasters","show_description":false,"description":"","read_more_label":"Read more","show_vendor":false,"show_rating":false,"show_quickview":true,"show_promotion":false,"promotion_position":"left","card_link":"","open_new_window":false,"enable_text_overlay":false,"overlay_opacity":0,"image_ratio":"100","video_url":"","enable_video_autoplay":false,"video_alt_text":"","product_card":"","heading":"Featured collection","heading_size":70,"content":"<p>10% OFF<\/p>","text_size":100,"content_alignment":"center","content_position":"bottom","button_label":"See more","button_link":"","open_new_window_button":false,"show_button_style":"primary","background_color":"rgba(0,0,0,0)","color_text":"rgba(0,0,0,0)","color_button":"rgba(0,0,0,0)","color_text_button":"rgba(0,0,0,0)","color_button_hover":"rgba(0,0,0,0)","color_text_button_hover":"rgba(0,0,0,0)","color_button_secondary":"rgba(0,0,0,0)","secondary_button_text":"rgba(0,0,0,0)","colors_text_link":"rgba(0,0,0,0)"}}},"block_order":["collection_GKFx7A","collection_9fPCrc","collection_NzREcT","collection_QDQWgk","collection_LJEKDH"],"settings":{"title":"","heading_size":100,"heading_tag":"h2","heading_alignment":"center","subheading":"","text":"","show_view_all":false,"view_all_position":"top","title_size":120,"title_style":"none","enable_desktop_slider":false,"slider_style":"horizontal","swiper_on_mobile":false,"auto_play":false,"change_slides_speed":5,"columns_desktop":4,"rows_desktop":2,"spacing":28,"full_width":false,"show_section_divider":false,"padding_top":28,"padding_bottom":28,"columns_mobile":"1","spacing_mobile":16,"full_width_mobile":false,"show_section_divider_mobile":false,"padding_top_mobile":28,"padding_bottom_mobile":28}},"media_gallery_cCUK7y":{"type":"media-gallery","blocks":{"media_P8b6Ee":{"type":"media","settings":{"image":"shopify:\/\/shop_images\/rectangle_6.png","image_link":"shopify:\/\/collections\/2-0-porcelain-tiles-and-mosaics","open_new_window":false,"video_url":"","enable_video_autoplay":true,"video_alt_text":"","enable_content_overlay":true,"content_position":"bottom","overlay_opacity":0,"number_of_columns":4,"number_of_row":1,"icon":"none","custom_icon":"","icon_size":45,"sub_title":"","title":"Porcelain Tiles and Mosaics","title_size":70,"text":"<p>The Art of Flooring<\/p>","text_size":90,"text_align":"left","media_position":"top","button_label":"Shop Now","button_link":"shopify:\/\/collections\/porcelain","open_new_window_button":false,"show_button_style":"primary","color_overlay":"rgba(0,0,0,0)","title_color":"#ffffff","text_color":"#ffffff","color_button":"rgba(0,0,0,0)","background_button":"rgba(0,0,0,0)","color_button_hover":"rgba(0,0,0,0)","background_button_hover":"rgba(0,0,0,0)","color_button_secondary":"rgba(0,0,0,0)","secondary_button_text":"rgba(0,0,0,0)","colors_text_link":"rgba(0,0,0,0)"}},"media_6GJwFE":{"type":"media","settings":{"image":"shopify:\/\/shop_images\/rectangle_6_copy.png","image_link":"shopify:\/\/collections\/glass","open_new_window":false,"video_url":"","enable_video_autoplay":true,"video_alt_text":"","enable_content_overlay":true,"content_position":"bottom","overlay_opacity":0,"number_of_columns":2,"number_of_row":1,"icon":"none","custom_icon":"","icon_size":45,"sub_title":"","title":"Glass Subway Wall Tile","title_size":70,"text":"<p>Embrace Elegance, Embrace Quality<\/p>","text_size":90,"text_align":"left","media_position":"top","button_label":"Shop Now","button_link":"shopify:\/\/collections\/glass","open_new_window_button":false,"show_button_style":"primary","color_overlay":"rgba(0,0,0,0)","title_color":"#ffffff","text_color":"#ffffff","color_button":"rgba(0,0,0,0)","background_button":"rgba(0,0,0,0)","color_button_hover":"rgba(0,0,0,0)","background_button_hover":"rgba(0,0,0,0)","color_button_secondary":"rgba(0,0,0,0)","secondary_button_text":"rgba(0,0,0,0)","colors_text_link":"rgba(0,0,0,0)"}},"media_4KWBBe":{"type":"media","settings":{"image":"shopify:\/\/shop_images\/rectangle_6_copy_2.png","image_link":"shopify:\/\/collections\/onyx","open_new_window":false,"video_url":"","enable_video_autoplay":true,"video_alt_text":"","enable_content_overlay":true,"content_position":"bottom","overlay_opacity":0,"number_of_columns":2,"number_of_row":1,"icon":"none","custom_icon":"","icon_size":45,"sub_title":"","title":"Onyx Tile","title_size":70,"text":"<p>Step Up Your Style<\/p>","text_size":90,"text_align":"left","media_position":"top","button_label":"Shop Now","button_link":"shopify:\/\/collections\/onyx","open_new_window_button":false,"show_button_style":"primary","color_overlay":"rgba(0,0,0,0)","title_color":"#ffffff","text_color":"#ffffff","color_button":"rgba(0,0,0,0)","background_button":"rgba(0,0,0,0)","color_button_hover":"rgba(0,0,0,0)","background_button_hover":"rgba(0,0,0,0)","color_button_secondary":"rgba(0,0,0,0)","secondary_button_text":"rgba(0,0,0,0)","colors_text_link":"rgba(0,0,0,0)"}}},"block_order":["media_P8b6Ee","media_6GJwFE","media_4KWBBe"],"settings":{"heading":"Popular Categories","heading_size":110,"heading_tag":"h2","heading_alignment":"center","subheading":"","text":"","max_columns":8,"spacing":30,"height_desktop":440,"show_section_divider":false,"full_width":false,"padding_full_width":true,"padding_top":0,"padding_bottom":100,"min_columns_mobile":"1","spacing_mobile":16,"height_mobile":250,"show_section_divider_mobile":false,"full_width_mobile":false,"padding_top_mobile":16,"padding_bottom_mobile":28}},"testimonials_ke4c8P":{"type":"testimonials","blocks":{"testimonial_z6wdw7":{"type":"testimonial","settings":{"icon_star":"5_star","custom_icon":"","title":"","text":"<p>We replaced the flooring in our home and we needed a transition from the ceramic tile to the carpet in the sunken living room. We chose Noce Travertine from American Tile Depot and it came out even better than we imagined.<\/p>","author_image":"shopify:\/\/shop_images\/shape_94_copy.png","author":"Brian E.  07\/22\/22","author_note":""}},"testimonial_Nbi9wg":{"type":"testimonial","settings":{"icon_star":"5_star","custom_icon":"","title":"","text":"<p>Just want to thank the folks at American Tile Depot for their assistance helping us with a tile flooring project. Our home has a step down living room off of our dining room and we needed transitional from the tile edge to the carpet. We used the Noce Travertine and it turned out awesome even better than we had imagined.<\/p><p><br\/>The personnel at AmeriRead more about review stating Just want to thank thecan Tile Depot really went above and beyond to get us the material we needed.<\/p>","author_image":"shopify:\/\/shop_images\/shape_94_copy.png","author":"Randy S. 07\/21\/22","author_note":""}},"testimonial_gg9FfN":{"type":"testimonial","settings":{"icon_star":"5_star","custom_icon":"","title":"","text":"<p>Ordered Calacatta Gold Marble polished. Received Carrara marble. American Tile attempted to remedy by sending so called balance of the Calcutta Gold Polished in stock. It appears to be honed calacatta with a polished sealer to appear as polished with streaks and puddles. Paid for unusable calacatta at a premium and was left to install Carrara.<\/p>","author_image":"shopify:\/\/shop_images\/shape_94_copy.png","author":"Sergey Z.  05\/01\/24","author_note":""}},"testimonial_3erPRe":{"type":"testimonial","settings":{"icon_star":"5_star","custom_icon":"","title":"","text":"<p>The switch plate is great and American Tile Depot quickly addressed the issue when we had a damaged item and took great care of us. They are our go-to for all future purchases!<br\/>On Italian Carrara White Marble Quadruple Rocker Switch Wall Plate \/ Switch Plate \/ Cover - Honed<\/p>","author_image":"shopify:\/\/shop_images\/shape_94_copy.png","author":"Lori K.  01\/08\/24","author_note":""}},"testimonial_g6t8tU":{"type":"testimonial","settings":{"icon_star":"5_star","custom_icon":"","title":"","text":"<p>This order was for additional tile for my bathroom project. It perfectly matched the original order and was of the same high quality. It also arrived quickly even though it had to be crated for shipping. I'm very pleased with all aspects of American Tile Depot and would not hesitate to recommend them to others.<br\/>On 16 X 16 Durango Cream Travertine Tumbled Field Tile<\/p>","author_image":"shopify:\/\/shop_images\/shape_94_copy.png","author":"MICHAEL S.  06\/08\/22","author_note":""}},"testimonial_EPWmYU":{"type":"testimonial","settings":{"icon_star":"quote","custom_icon":"","title":"Testimonials","text":"<p>Add customer reviews and testimonials to showcase your store's happy customers<\/p>","author":"Add a caption","author_note":""}}},"block_order":["testimonial_z6wdw7","testimonial_Nbi9wg","testimonial_gg9FfN","testimonial_3erPRe","testimonial_g6t8tU","testimonial_EPWmYU"],"disabled":true,"settings":{"heading":"What is everyone saying?","heading_size":100,"heading_tag":"h2","text_alignment":"center","testimonial_items_view":"multiple","show_arrow":true,"show_pagination":false,"show_author_image":true,"author_image":"top","image_ratio":"round","desktop_height":300,"background_color_light":"#dcdcdc","item_background_color_light":"#dcdcdc","heading_and_title_light":"rgba(0,0,0,0)","item_text_color_light":"rgba(0,0,0,0)","background_color_dark":"rgba(0,0,0,0)","item_background_color_dark":"rgba(0,0,0,0)","heading_and_title_dark":"rgba(0,0,0,0)","item_text_color_dark":"rgba(0,0,0,0)","show_section_divider":false,"top_padding":28,"bottom_padding":28,"show_section_divider_mobile":false,"top_padding_mobile":20,"bottom_padding_mobile":20}},"custom_liquid_nBUTNE":{"type":"custom-liquid","settings":{"custom_liquid":"<div class=\"yotpo-widget-instance\" data-yotpo-instance-id=\"870539\" data-yotpo-product-id=\"{{product.id}}\" data-yotpo-cart-product-id=\"{{item.product.id}}\"><\/div>","full_width":false,"show_section_divider":false,"padding_top":28,"padding_bottom":28,"full_width_mobile":false,"show_section_divider_mobile":false,"padding_top_mobile":28,"padding_bottom_mobile":28}},"featured_blog_w84pVJ":{"type":"featured-blog","settings":{"heading":"Recent Articles","heading_size":100,"heading_tag":"h2","heading_alignment":"center","blog":"news","post_limit":3,"columns_desktop":3,"show_view_all":false,"view_all_position":"top","title_size":140,"content_alignment":"left","show_image":true,"image_ratio":"75","item_secondary_background":false,"show_author":true,"show_name":false,"show_date":true,"show_excerpt":true,"show_tag":false,"show_comment_counts":true,"show_read_more":false,"button_read_more_label":"READ NOW","enable_desktop_slider":false,"swiper_on_mobile":false,"auto_play":false,"change_slides_speed":5,"full_width":false,"spacing":28,"show_section_divider":false,"padding_top":28,"padding_bottom":28,"columns_mobile":"1","spacing_mobile":28,"show_section_divider_mobile":false,"padding_top_mobile":28,"padding_bottom_mobile":28}},"newsletter_WVKtV6":{"type":"newsletter","blocks":{"heading_Tkqh44":{"type":"heading","settings":{"heading":"Subscribe to our emails","heading_size":100,"heading_tag":"h2"}},"paragraph_cnYrXL":{"type":"paragraph","settings":{"text":"<p>Be the first to know about new collections and exclusive offers.<\/p>"}},"email_form_fwthEz":{"type":"email_form","settings":{"button_label":"Subscribe","form_width":"large"}}},"block_order":["heading_Tkqh44","paragraph_cnYrXL","email_form_fwthEz"],"settings":{"overlay_opacity":0,"background_color_light":"#dcdcdc","heading_light":"rgba(0,0,0,0)","text_light":"rgba(0,0,0,0)","button_light":"rgba(0,0,0,0)","button_text_light":"rgba(0,0,0,0)","button_hover_light":"rgba(0,0,0,0)","button_text_hover_light":"rgba(0,0,0,0)","line_border":"rgba(0,0,0,0)","background_color_dark":"","heading_dark":"rgba(0,0,0,0)","text_dark":"rgba(0,0,0,0)","button_dark":"rgba(0,0,0,0)","button_text_dark":"rgba(0,0,0,0)","button_hover_dark":"rgba(0,0,0,0)","button_text_hover_dark":"rgba(0,0,0,0)","line_border_dark":"rgba(0,0,0,0)","desktop_height":"450px","show_section_divider":false,"padding_top":28,"padding_bottom":28,"mobile_height":"300px","show_section_divider_mobile":false,"padding_top_mobile":20,"padding_bottom_mobile":20}},"rich_text_M9mUVX":{"type":"rich-text","blocks":{"heading_gBipiR":{"type":"heading","settings":{"heading":"Follow us on our socials","heading_size":100,"heading_tag":"h2"}},"heading_gR9zyy":{"type":"heading","disabled":true,"settings":{"heading":"#americantiledepot","heading_size":70,"heading_tag":"h2"}}},"block_order":["heading_gBipiR","heading_gR9zyy"],"settings":{"heading_light":"rgba(0,0,0,0)","text_light":"rgba(0,0,0,0)","background_color_light":"#dcdcdc","heading_dark":"rgba(0,0,0,0)","text_dark":"rgba(0,0,0,0)","background_color_dark":"","content_alignment":"center","show_section_divider":false,"make_full_page_width":true,"padding_top":28,"padding_bottom":28,"content_alignment_mobile":"center","show_section_divider_mobile":false,"padding_top_mobile":28,"padding_bottom_mobile":28}},"17180353439f7d1821":{"type":"apps","blocks":{"instafeed_app_block_gC47Cj":{"type":"shopify:\/\/apps\/instafeed\/blocks\/app-block\/c447db20-095d-4a10-9725-b5977662c9d5","settings":{"title":"","title_color":"","alignment":"center","background_color":"","html_area":""}}},"block_order":["instafeed_app_block_gC47Cj"],"settings":{"include_margins":true}}},"order":["ss_slider_2_FiNagK","e32885d8-0a8f-4c4f-8801-377d01cb7656","ss_split_screen_video_bbzH3J","fe5dccd3-17fd-4fd3-ada9-a0e11305981c","rich_text_CMTj7p","featured_collection_iYY6E7","4352d226-8e70-4b9d-94d5-8f8b0e27084b","slideshow_EMCDQn","featured_collection_9qQXfC","media_gallery_cCUK7y","testimonials_ke4c8P","custom_liquid_nBUTNE","featured_blog_w84pVJ","newsletter_WVKtV6","rich_text_M9mUVX","17180353439f7d1821"]}