{"sections":{"main-collection-list-banner":{"type":"main-collection-list-banner","blocks":{"e5b8962d-e365-4315-b556-b91725f80d44":{"type":"breadcrumbs","settings":{"show_breadcrumbs_border":true,"full_width_breadcrumb":true,"desktop_content_alignment":"text-center","mobile_content_alignment":"text-center","background_color_light":"rgba(0,0,0,0)","text_color_light":"rgba(0,0,0,0)","textlink_color_light":"rgba(0,0,0,0)","background_color_dark":"rgba(0,0,0,0)","text_color_dark":"rgba(0,0,0,0)","textlink_color_dark":"rgba(0,0,0,0)"}}},"block_order":["e5b8962d-e365-4315-b556-b91725f80d44"],"settings":{"heading":"Collections","size_title":160,"title_position":"text-center","image_overlay_opacity":20,"desktop_height":"450px","full_width":true,"padding_top":0,"padding_bottom":0,"mobile_height":"300px","full_width_mobile":true,"padding_top_mobile":0,"padding_bottom_mobile":0}},"7fec4c72-0b38-4d59-ba05-ee59c746186c":{"type":"rich-text","blocks":{"template--21381746458925__7fec4c72-0b38-4d59-ba05-ee59c746186c-text-1":{"type":"text","settings":{"text":"<p>Typography is the work of typesetters, compositors, typographers, graphic designers, art directors, manga artists, comic book artists, graffiti artists, and now—anyone who arranges words, letters, numbers, and symbols for publication, display, or distribution—from clerical workers and newsletter writers to anyone self-publishing materials.<\/p>"}}},"block_order":["template--21381746458925__7fec4c72-0b38-4d59-ba05-ee59c746186c-text-1"],"settings":{"background_color_light":"","background_color_dark":"","content_alignment":"center","show_section_divider":false,"padding_top":44,"padding_bottom":8,"content_alignment_mobile":"center","show_section_divider_mobile":false,"padding_top_mobile":28,"padding_bottom_mobile":16}},"main":{"type":"main-list-collections","blocks":{"847c8695-3261-4db1-8b4a-a84da09fc39e":{"type":"collection","settings":{"collection":"","number_of_columns":1,"number_of_row":1}},"d19c752f-7133-436e-a19f-7e516a0b9277":{"type":"collection","settings":{"collection":"","number_of_columns":1,"number_of_row":1}},"57b3443d-c4f8-46eb-a3f9-c511bfeba67f":{"type":"collection","settings":{"collection":"","number_of_columns":1,"number_of_row":1}},"d099c8e6-2786-495d-9924-d4f9376f6bb5":{"type":"collection","settings":{"collection":"","number_of_columns":2,"number_of_row":2}},"7188d318-63f6-4ff2-9698-3a2ee661e10d":{"type":"collection","settings":{"collection":"","number_of_columns":1,"number_of_row":1}},"0fb6d20b-51ed-4cd2-9281-f9f4a609cb52":{"type":"collection","settings":{"collection":"","number_of_columns":1,"number_of_row":1}},"c6f33028-7a3d-4250-a57e-55ecd2e9eafd":{"type":"collection","settings":{"collection":"","number_of_columns":1,"number_of_row":1}},"2e4dedae-df6e-4d05-a780-44f551518ff0":{"type":"collection","settings":{"collection":"","number_of_columns":1,"number_of_row":1}},"071642b4-e059-418c-b8b2-55d35495d0e0":{"type":"collection","settings":{"collection":"","number_of_columns":1,"number_of_row":1}}},"block_order":["847c8695-3261-4db1-8b4a-a84da09fc39e","d19c752f-7133-436e-a19f-7e516a0b9277","57b3443d-c4f8-46eb-a3f9-c511bfeba67f","d099c8e6-2786-495d-9924-d4f9376f6bb5","7188d318-63f6-4ff2-9698-3a2ee661e10d","0fb6d20b-51ed-4cd2-9281-f9f4a609cb52","c6f33028-7a3d-4250-a57e-55ecd2e9eafd","2e4dedae-df6e-4d05-a780-44f551518ff0","071642b4-e059-418c-b8b2-55d35495d0e0"],"settings":{"title":"","show_collection":"selected","sort":"alphabetical","image_ratio":"square","title_size":80,"show_text_overlay":true,"content_alignment":"center","content_position":"bottom","image_overlay_opacity":20,"title_color":"#ffffff","text_light":"#ffffff","title_color_dark":"#ffffff","text_dark":"#ffffff","show_item_count":true,"columns_desktop":3,"spacing":20,"padding_top":28,"padding_bottom":36,"columns_mobile":"1","spacing_mobile":20,"padding_top_mobile":16,"padding_bottom_mobile":32}},"9572830a-8d32-4ac4-8463-493108146655":{"type":"multicolumn","blocks":{"template--21381746458925__9572830a-8d32-4ac4-8463-493108146655-column-1":{"type":"column","settings":{"icon":"plane","custom_icon":"","title":"Shipping & Return","title_link":"","open_new_window":false,"heading_size":90,"text":"<p>If your aren't perfect, return them within 30 days for a full refund.<\/p>"}},"template--21381746458925__9572830a-8d32-4ac4-8463-493108146655-column-2":{"type":"column","settings":{"icon":"box","custom_icon":"","title":"Safe Payment","title_link":"","open_new_window":false,"heading_size":90,"text":"<p>Pay with the world's most popular and secure payment methods<\/p>"}},"template--21381746458925__9572830a-8d32-4ac4-8463-493108146655-column-3":{"type":"column","settings":{"icon":"megaphone","custom_icon":"","title":"Shop with Confidence","title_link":"","open_new_window":false,"heading_size":90,"text":"<p>Our Buyer Protection covers your purchase from click to delivery.<\/p>"}},"template--21381746458925__9572830a-8d32-4ac4-8463-493108146655-column-4":{"type":"column","settings":{"icon":"clock","custom_icon":"","title":"Shipping & Return","title_link":"","open_new_window":false,"heading_size":90,"text":"<p>If your plant aren't perfect, return them within 30 days<\/p>"}}},"block_order":["template--21381746458925__9572830a-8d32-4ac4-8463-493108146655-column-1","template--21381746458925__9572830a-8d32-4ac4-8463-493108146655-column-2","template--21381746458925__9572830a-8d32-4ac4-8463-493108146655-column-3","template--21381746458925__9572830a-8d32-4ac4-8463-493108146655-column-4"],"settings":{"title":"","heading_size":100,"secondary_background":"none","border_column":"line_vertical","column_content_alignment":"center","icon_position":"above","icon_size":36,"enable_desktop_slider":true,"swiper_on_mobile":true,"change_bar_every":5,"background_color_light":"#f6f6f6","heading_light":"rgba(0,0,0,0)","text_light":"rgba(0,0,0,0)","line_border_light":"rgba(0,0,0,0)","color_icon_light":"#17532d","background_color_dark":"#2a2a2a","heading_dark":"rgba(0,0,0,0)","text_dark":"rgba(0,0,0,0)","line_border_dark":"rgba(0,0,0,0)","color_icon_dark":"#17532d","column_layout_desktop":"lg:w-1\/4","section_height_desktop":"md:py-7","spacing_desktop":40,"full_width":false,"show_section_divider":false,"padding_top":32,"padding_bottom":52,"column_layout_mobile":"w-full","section_height_mobile":"py-5","spacing_mobile":16,"full_width_mobile":false,"show_section_divider_mobile":false,"padding_top_mobile":20,"padding_bottom_mobile":20}}},"order":["main-collection-list-banner","7fec4c72-0b38-4d59-ba05-ee59c746186c","main","9572830a-8d32-4ac4-8463-493108146655"]}