{"sections":{"main":{"type":"main-page","disabled":true,"settings":{"show_heading":true,"heading_size":170,"show_breadcrumbs":true,"show_breadcrumbs_border":false,"full_width_breadcrumb":true,"desktop_content_alignment":"text-left","mobile_content_alignment":"text-left","background_color_light":"#f2f2f2","text_color_light":"rgba(0,0,0,0)","textlink_color_light":"rgba(0,0,0,0)","background_color_dark":"#313131","text_color_dark":"rgba(0,0,0,0)","textlink_color_dark":"rgba(0,0,0,0)","padding_top":28,"padding_bottom":28,"padding_top_mobile":20,"padding_bottom_mobile":20}},"2adb40bf-2eb3-4e37-82ee-45f8bd53828f":{"type":"promotion-banner","blocks":{"template--21733304697133__2adb40bf-2eb3-4e37-82ee-45f8bd53828f-image_banner-1":{"type":"image_banner","settings":{"heading":"SPARKLE OF JEWELRY","heading_size":170,"subheading":"UP TO 30% OFF","text":"Our Precious Jewelry Collections","text_size":130,"content_box_type":"square","add_frame":false,"color_content_box_light":"rgba(0,0,0,0)","color_content_box_dark":"rgba(0,0,0,0)"}},"template--21733304697133__2adb40bf-2eb3-4e37-82ee-45f8bd53828f-buttons-1":{"type":"buttons","settings":{"button_label":"ORDER NOW","button_link":"","open_new_window_button":false,"button_label_2":"","button_link_2":"","open_new_window_button_2":false,"color_button":"rgba(0,0,0,0)","color_button_hover":"rgba(0,0,0,0)","color_text_button":"rgba(0,0,0,0)","color_text_button_hover":"rgba(0,0,0,0)","color_button_secondary":"rgba(0,0,0,0)","secondary_button_text":"rgba(0,0,0,0)"}}},"block_order":["template--21733304697133__2adb40bf-2eb3-4e37-82ee-45f8bd53828f-image_banner-1","template--21733304697133__2adb40bf-2eb3-4e37-82ee-45f8bd53828f-buttons-1"],"settings":{"heading":"Promotion Banner","image_link":"","open_new_window":false,"image_overlay_opacity":0,"content_position":"bottom-left","content_horizontal":50,"content_vertical":50,"position_content_mobile":"center","content_alignment":"left","show_hero":false,"full_width":true,"padding_full_width":false,"rounded_corner_image":false,"desktop_height":"750px","padding_top":0,"padding_bottom":0,"full_width_mobile":true,"rounded_corner_image_mobile":false,"mobile_height":"400px","padding_top_mobile":0,"padding_bottom_mobile":0}},"a4415918-c557-4c04-9acc-78592197ebeb":{"type":"multicolumn","blocks":{"template--16227738386592__a4415918-c557-4c04-9acc-78592197ebeb-column-1":{"type":"column","settings":{"icon":"truck","custom_icon":"","title":"Free Shipping","title_link":"","open_new_window":false,"heading_size":120,"text":"<p>Free Shipping For Orders Over $130<\/p>"}},"template--16227738386592__a4415918-c557-4c04-9acc-78592197ebeb-column-3":{"type":"column","settings":{"icon":"box","custom_icon":"","title":"Big Saving","title_link":"","open_new_window":false,"heading_size":120,"text":"<p>Big Saving On First Order Over $99.99<\/p>"}},"template--16227738386592__a4415918-c557-4c04-9acc-78592197ebeb-column-2":{"type":"column","settings":{"icon":"chat-bubble","custom_icon":"","title":"Online Support","title_link":"","open_new_window":false,"heading_size":120,"text":"<p>24 Hours A Day, 7 Days A Week<\/p>"}},"04286afd-6c86-4011-b8eb-5c4d1fe9720a":{"type":"column","settings":{"icon":"check-mark","custom_icon":"","title":"Flexible Payment","title_link":"","open_new_window":false,"heading_size":120,"text":"<p>Pay With Multiple Credit Cards<\/p>"}}},"block_order":["template--16227738386592__a4415918-c557-4c04-9acc-78592197ebeb-column-1","template--16227738386592__a4415918-c557-4c04-9acc-78592197ebeb-column-3","template--16227738386592__a4415918-c557-4c04-9acc-78592197ebeb-column-2","04286afd-6c86-4011-b8eb-5c4d1fe9720a"],"settings":{"title":"","heading_size":100,"secondary_background":"section","border_column":"line_vertical","column_content_alignment":"center","icon_position":"above","icon_size":36,"enable_desktop_slider":false,"swiper_on_mobile":true,"change_bar_every":3,"background_color_light":"rgba(0,0,0,0)","heading_light":"rgba(0,0,0,0)","text_light":"rgba(0,0,0,0)","line_border_light":"rgba(0,0,0,0)","color_icon_light":"#c2a27a","background_color_dark":"rgba(0,0,0,0)","heading_dark":"rgba(0,0,0,0)","text_dark":"rgba(0,0,0,0)","line_border_dark":"rgba(0,0,0,0)","color_icon_dark":"#c2a27a","column_layout_desktop":"lg:w-1\/4","section_height_desktop":"md:py-0","spacing_desktop":0,"full_width":false,"padding_full_width":false,"show_section_divider":false,"padding_top":56,"padding_bottom":56,"column_layout_mobile":"w-full","section_height_mobile":"py-0","spacing_mobile":0,"full_width_mobile":true,"show_section_divider_mobile":false,"padding_top_mobile":40,"padding_bottom_mobile":40}},"542718bc-ce2c-4602-9014-160486e477ae":{"type":"flash-sale","blocks":{"template--21733304697133__542718bc-ce2c-4602-9014-160486e477ae-image_banner-1":{"type":"image_banner","settings":{"heading":"Sale 45% Off","heading_size":110,"text":"<p>Hurry up! Get the best deal at best price. coupon_code<\/p>","text_size":100,"coupon_code":"Flashsale45","coupon_color":"rgba(0,0,0,0)","coupon_color_dark":"rgba(0,0,0,0)"}},"template--21733304697133__542718bc-ce2c-4602-9014-160486e477ae-countdown_timer-1":{"type":"countdown_timer","settings":{"timezone":"-4","end_year":2024,"end_month":"1","end_day":"1","end_hour":"0","end_minute":"0","timer_style":"square","border_style":"line_vertical","overlay_opacity":100,"timer_color_countdown":"#c2a27a","text_color_countdown":"rgba(0,0,0,0)","bg_color_countdown":"rgba(0,0,0,0)","spacing_col":40,"spacing_col_mobile":8}},"template--21733304697133__542718bc-ce2c-4602-9014-160486e477ae-buttons-1":{"type":"buttons","settings":{"button_label":"ORDER NOW","button_link":"","open_new_window_button":false,"color_button":"rgba(0,0,0,0)","color_button_hover":"rgba(0,0,0,0)","color_text_button":"rgba(0,0,0,0)","color_text_button_hover":"rgba(0,0,0,0)","color_button_secondary":"rgba(0,0,0,0)","secondary_button_text":"rgba(0,0,0,0)"}}},"block_order":["template--21733304697133__542718bc-ce2c-4602-9014-160486e477ae-image_banner-1","template--21733304697133__542718bc-ce2c-4602-9014-160486e477ae-countdown_timer-1","template--21733304697133__542718bc-ce2c-4602-9014-160486e477ae-buttons-1"],"settings":{"image_overlay_opacity":0,"show_hero":false,"border_section":"none","content_layout":"horizontal","content_alignment":"left","full_width":false,"padding_full_width":false,"rounded_corner_image":true,"spacing_col":40,"spacing_row":32,"padding_top":12,"padding_bottom":12,"content_alignment_mobile":"center","full_width_mobile":false,"rounded_corner_image_mobile":true,"spacing_row_mobile":20,"padding_top_mobile":40,"padding_bottom_mobile":40,"background_color_light":"rgba(0,0,0,0)","heading_light":"rgba(0,0,0,0)","text_light":"rgba(0,0,0,0)","line_border_light":"rgba(0,0,0,0)","background_color_dark":"rgba(0,0,0,0)","heading_dark":"rgba(0,0,0,0)","text_dark":"rgba(0,0,0,0)","line_border_dark":"rgba(0,0,0,0)"}},"266fa286-8bc0-4bc1-a4e6-1f33fc116825":{"type":"featured-collection","blocks":{"template--16227738386592__266fa286-8bc0-4bc1-a4e6-1f33fc116825-collection-1":{"type":"collection","settings":{"collection":"","show_description":true,"description":"","show_vendor":true,"show_rating":false,"show_quickview":true,"show_promotion":false,"promotion_position":"left","card_link":"","open_new_window":false,"enable_text_overlay":false,"overlay_opacity":0,"image_ratio":"100","heading":"Featured collection","heading_size":70,"content":"<p>10% OFF<\/p>","text_size":100,"content_alignment":"center","content_position":"bottom","button_label":"See more","button_link":"","open_new_window_button":false,"background_color":"rgba(0,0,0,0)","color_text":"rgba(0,0,0,0)","color_button":"rgba(0,0,0,0)","color_text_button":"rgba(0,0,0,0)","color_button_hover":"rgba(0,0,0,0)","color_text_button_hover":"rgba(0,0,0,0)","color_button_secondary":"rgba(0,0,0,0)","secondary_button_text":"rgba(0,0,0,0)"}}},"block_order":["template--16227738386592__266fa286-8bc0-4bc1-a4e6-1f33fc116825-collection-1"],"settings":{"title":"New Arrivals","heading_size":110,"heading_alignment":"left","subheading":"","text":"","show_view_all":false,"view_all_position":"top","title_size":120,"title_style":"none","enable_desktop_slider":true,"swiper_on_mobile":true,"auto_play":false,"change_slides_speed":5,"columns_desktop":4,"rows_desktop":1,"spacing":4,"full_width":false,"show_section_divider":true,"padding_top":60,"padding_bottom":32,"columns_mobile":"2","spacing_mobile":20,"full_width_mobile":false,"show_section_divider_mobile":true,"padding_top_mobile":40,"padding_bottom_mobile":20}},"5355e355-5c94-40d5-82a9-6b8932472f27":{"type":"media-gallery","blocks":{"template--16227738386592__5355e355-5c94-40d5-82a9-6b8932472f27-media-1":{"type":"media","settings":{"image_link":"","open_new_window":false,"video_url":"","enable_video_autoplay":true,"video_alt_text":"","enable_content_overlay":true,"content_position":"bottom","overlay_opacity":20,"number_of_columns":1,"number_of_row":1,"icon":"none","custom_icon":"","icon_size":45,"sub_title":"BESTSELLING PRODUCTS","title":"Modern Jewelry","title_size":80,"text":"<p>ONLY FROM $90.00<\/p>","text_size":100,"text_align":"left","media_position":"top","button_label":"","button_link":"","open_new_window_button":false,"color_overlay":"rgba(0,0,0,0)","title_color":"#ffffff","text_color":"#ffffff","color_button":"#2cb29b","background_button":"#ffffff","color_button_hover":"rgba(0,0,0,0)","background_button_hover":"rgba(0,0,0,0)","color_button_secondary":"rgba(0,0,0,0)","secondary_button_text":"rgba(0,0,0,0)"}},"template--16227738386592__5355e355-5c94-40d5-82a9-6b8932472f27-media-2":{"type":"media","settings":{"image_link":"","open_new_window":false,"video_url":"","enable_video_autoplay":true,"video_alt_text":"","enable_content_overlay":true,"content_position":"center","overlay_opacity":100,"number_of_columns":1,"number_of_row":1,"icon":"percent","custom_icon":"","icon_size":45,"sub_title":"HOLIDAY SEASON OFFER","title":"Discount Gold & Diamonds","title_size":90,"text":"<p>FREE SHIPPING ON ORDER OVER #200<\/p>","text_size":100,"text_align":"center","media_position":"top","button_label":"ORDER NOW","button_link":"","open_new_window_button":false,"color_overlay":"#970000","title_color":"#ffffff","text_color":"#ffffff","color_button":"rgba(0,0,0,0)","background_button":"rgba(0,0,0,0)","color_button_hover":"rgba(0,0,0,0)","background_button_hover":"rgba(0,0,0,0)","color_button_secondary":"rgba(0,0,0,0)","secondary_button_text":"#ffffff"}},"0c682e92-2087-4f9f-b184-16c5ca328ea6":{"type":"media","settings":{"image_link":"","open_new_window":false,"video_url":"","enable_video_autoplay":true,"video_alt_text":"","enable_content_overlay":true,"content_position":"bottom","overlay_opacity":20,"number_of_columns":1,"number_of_row":1,"icon":"none","custom_icon":"","icon_size":45,"sub_title":"BESTSELLING PRODUCTS","title":"Ring Pendant","title_size":80,"text":"<p>ONLY FROM $90.00<\/p>","text_size":100,"text_align":"left","media_position":"top","button_label":"","button_link":"","open_new_window_button":false,"color_overlay":"rgba(0,0,0,0)","title_color":"#ffffff","text_color":"#ffffff","color_button":"rgba(0,0,0,0)","background_button":"rgba(0,0,0,0)","color_button_hover":"rgba(0,0,0,0)","background_button_hover":"rgba(0,0,0,0)","color_button_secondary":"rgba(0,0,0,0)","secondary_button_text":"rgba(0,0,0,0)"}},"f5f21c0e-82fa-4949-9e5e-65dfe47b1a19":{"type":"media","settings":{"image_link":"","open_new_window":false,"video_url":"","enable_video_autoplay":true,"video_alt_text":"","enable_content_overlay":true,"content_position":"bottom","overlay_opacity":20,"number_of_columns":1,"number_of_row":1,"icon":"none","custom_icon":"","icon_size":45,"sub_title":"BESTSELLING PRODUCTS","title":"Pearl Bangles","title_size":80,"text":"<p>ONLY FROM $90.00<\/p>","text_size":100,"text_align":"left","media_position":"top","button_label":"","button_link":"","open_new_window_button":false,"color_overlay":"rgba(0,0,0,0)","title_color":"#ffffff","text_color":"#ffffff","color_button":"rgba(0,0,0,0)","background_button":"rgba(0,0,0,0)","color_button_hover":"rgba(0,0,0,0)","background_button_hover":"rgba(0,0,0,0)","color_button_secondary":"rgba(0,0,0,0)","secondary_button_text":"rgba(0,0,0,0)"}}},"block_order":["template--16227738386592__5355e355-5c94-40d5-82a9-6b8932472f27-media-1","template--16227738386592__5355e355-5c94-40d5-82a9-6b8932472f27-media-2","0c682e92-2087-4f9f-b184-16c5ca328ea6","f5f21c0e-82fa-4949-9e5e-65dfe47b1a19"],"settings":{"heading":"","heading_size":110,"heading_alignment":"center","subheading":"","text":"","max_columns":4,"spacing":4,"height_desktop":500,"show_section_divider":false,"full_width":true,"padding_full_width":false,"padding_top":24,"padding_bottom":4,"min_columns_mobile":"1","spacing_mobile":4,"height_mobile":400,"show_section_divider_mobile":false,"full_width_mobile":true,"padding_top_mobile":0,"padding_bottom_mobile":4}},"17b5fb2a-f728-4ee3-b979-9728c86ee7a5":{"type":"promotion-banner","blocks":{"template--21733304697133__17b5fb2a-f728-4ee3-b979-9728c86ee7a5-image_banner-1":{"type":"image_banner","settings":{"heading":"New Collection","heading_size":170,"subheading":"UP TO 30% OFF","text":"Our Precious Jewelry Collections","text_size":130,"content_box_type":"square","add_frame":false,"color_content_box_light":"rgba(0,0,0,0)","color_content_box_dark":"rgba(0,0,0,0)"}},"template--21733304697133__17b5fb2a-f728-4ee3-b979-9728c86ee7a5-buttons-1":{"type":"buttons","settings":{"button_label":"ORDER NOW","button_link":"","open_new_window_button":false,"button_label_2":"","button_link_2":"","open_new_window_button_2":false,"color_button":"rgba(0,0,0,0)","color_button_hover":"rgba(0,0,0,0)","color_text_button":"rgba(0,0,0,0)","color_text_button_hover":"rgba(0,0,0,0)","color_button_secondary":"rgba(0,0,0,0)","secondary_button_text":"#ffffff"}}},"block_order":["template--21733304697133__17b5fb2a-f728-4ee3-b979-9728c86ee7a5-image_banner-1","template--21733304697133__17b5fb2a-f728-4ee3-b979-9728c86ee7a5-buttons-1"],"settings":{"heading":"Promotion Banner","image_link":"","open_new_window":false,"image_overlay_opacity":20,"content_position":"center","content_horizontal":50,"content_vertical":50,"position_content_mobile":"center","content_alignment":"center","show_hero":false,"full_width":true,"padding_full_width":false,"rounded_corner_image":false,"desktop_height":"750px","padding_top":0,"padding_bottom":48,"full_width_mobile":true,"rounded_corner_image_mobile":false,"mobile_height":"400px","padding_top_mobile":0,"padding_bottom_mobile":20}},"234ca6f7-a8cc-4af9-ac7f-9de2f9d0e498":{"type":"products-bundle","settings":{"heading":"Buy Set Of 3 And Save 30%","heading_size":110,"subheading":"Discover the essence of elegance with Eurus Jewelry’s New In collection.","heading_alignment":"left","button_atb_label":"ADD TO BUNDLE","collection":"","product_to_show":6,"products":[],"each_product_can_added_to_bundle_once":true,"minimum_items":3,"discount_type":"percentage","discount_value":"","apply_discount_once_per_order":false,"summary_position":"right","bundler_heading":"Bundle Contents","bundler_text":"Add at least 3 items to get 33% Off","background_color_light":"rgba(0,0,0,0)","title_color":"rgba(0,0,0,0)","text_light":"rgba(0,0,0,0)","button_light":"rgba(0,0,0,0)","button_text_light":"rgba(0,0,0,0)","button_hover_light":"rgba(0,0,0,0)","button_text_hover_light":"rgba(0,0,0,0)","line_border":"rgba(0,0,0,0)","background_color_dark":"rgba(0,0,0,0)","title_color_dark":"rgba(0,0,0,0)","text_dark":"rgba(0,0,0,0)","button_dark":"rgba(0,0,0,0)","button_text_dark":"rgba(0,0,0,0)","button_hover_dark":"rgba(0,0,0,0)","button_text_hover_dark":"rgba(0,0,0,0)","line_border_dark":"rgba(0,0,0,0)","spacing":4,"show_section_divider":false,"full_width":false,"padding_top":52,"padding_bottom":28,"spacing_mobile":4,"show_section_divider_mobile":false,"padding_top_mobile":40,"padding_bottom_mobile":28}},"2cdccca4-2c34-4e29-935c-cfce1c962a1e":{"type":"image-comparison","settings":{"heading":"Mix And Match Accesories","heading_base_size":110,"layout_comparison":"horizontal","desktop_height":"550px","mobile_height":"400px","image_corner_radius":0,"heading_before_image":"","heading_base_size_before_image":100,"heading_before_image_position":"center","heading_after_image":"","heading_base_size_after_image":100,"heading_after_image_position":"center","heading_color":"#000000","background_color":"#FFFFFF","heading_color_dark":"#000000","background_color_dark":"#FFFFFF","full_width":true,"padding_full_width":false,"show_section_divider":false,"top_padding":40,"bottom_padding":0,"full_width_mobile":false,"show_section_divider_mobile":false,"top_padding_mobile":40,"bottom_padding_mobile":0}},"9b4c5512-ad16-4e3c-a28f-7e804745e1be":{"type":"shop-the-look","blocks":{"template--21733304697133__9b4c5512-ad16-4e3c-a28f-7e804745e1be-look-1":{"type":"look","settings":{"product":"","color_hotspot":"rgba(0,0,0,0)","hotspot_desktop_horizontal":30,"hotspot_desktop_vertical":50,"hotspot_mobile_horizontal":27,"hotspot_mobile_vertical":47}},"template--21733304697133__9b4c5512-ad16-4e3c-a28f-7e804745e1be-look-2":{"type":"look","settings":{"product":"","color_hotspot":"rgba(0,0,0,0)","hotspot_desktop_horizontal":53,"hotspot_desktop_vertical":27,"hotspot_mobile_horizontal":54,"hotspot_mobile_vertical":25}},"template--21733304697133__9b4c5512-ad16-4e3c-a28f-7e804745e1be-look-3":{"type":"look","settings":{"product":"","color_hotspot":"rgba(0,0,0,0)","hotspot_desktop_horizontal":64,"hotspot_desktop_vertical":50,"hotspot_mobile_horizontal":65,"hotspot_mobile_vertical":50}}},"block_order":["template--21733304697133__9b4c5512-ad16-4e3c-a28f-7e804745e1be-look-1","template--21733304697133__9b4c5512-ad16-4e3c-a28f-7e804745e1be-look-2","template--21733304697133__9b4c5512-ad16-4e3c-a28f-7e804745e1be-look-3"],"settings":{"heading":"","heading_size":100,"heading_alignment":"center","image_ratio":"square","info_alignment":"left","desktop_size":"large","show_quickview":true,"show_vendor":false,"show_rating":false,"image_alignment":"layered","full_width":true,"padding_full_width":false,"show_section_divider":false,"desktop_height":"750px","padding_top":4,"padding_bottom":48,"full_width_mobile":false,"show_section_divider_mobile":false,"mobile_height":"400px","padding_top_mobile":20,"padding_bottom_mobile":20}},"af624b20-ce45-4de0-92f4-2dc7b3455aab":{"type":"featured-blog","settings":{"heading":"Blog & New Update","heading_size":110,"heading_alignment":"left","blog":"news","post_limit":3,"columns_desktop":3,"show_view_all":false,"view_all_position":"top","title_size":140,"content_alignment":"left","show_image":true,"image_ratio":"75","item_secondary_background":false,"show_author":true,"show_name":false,"show_date":true,"show_excerpt":false,"show_tag":false,"show_comment_counts":false,"show_read_more":true,"button_read_more_label":"READ NOW","enable_desktop_slider":false,"swiper_on_mobile":true,"auto_play":false,"change_slides_speed":5,"full_width":false,"spacing":4,"show_section_divider":false,"padding_top":52,"padding_bottom":48,"columns_mobile":"1","spacing_mobile":4,"show_section_divider_mobile":false,"padding_top_mobile":40,"padding_bottom_mobile":20}},"4f0e1cc1-deb4-4dfd-ab65-42991f91f33e":{"type":"faq","blocks":{"template--21733304697133__4f0e1cc1-deb4-4dfd-ab65-42991f91f33e-frequently_asked_question-1":{"type":"frequently_asked_question","settings":{"icon":"heart","custom_icon":"","heading":"Frequently asked question","row_content":"<p>Use this text to answer questions in as much detail as possible for your customers.<\/p>"}},"template--21733304697133__4f0e1cc1-deb4-4dfd-ab65-42991f91f33e-frequently_asked_question-2":{"type":"frequently_asked_question","settings":{"icon":"heart","custom_icon":"","heading":"Frequently asked question","row_content":"<p>Use this text to answer questions in as much detail as possible for your customers.<\/p>"}},"template--21733304697133__4f0e1cc1-deb4-4dfd-ab65-42991f91f33e-frequently_asked_question-3":{"type":"frequently_asked_question","settings":{"icon":"heart","custom_icon":"","heading":"Frequently asked question","row_content":"<p>Use this text to answer questions in as much detail as possible for your customers.<\/p>"}},"template--21733304697133__4f0e1cc1-deb4-4dfd-ab65-42991f91f33e-frequently_asked_question-4":{"type":"frequently_asked_question","settings":{"icon":"heart","custom_icon":"","heading":"Frequently asked question","row_content":"<p>Use this text to answer questions in as much detail as possible for your customers.<\/p>"}}},"block_order":["template--21733304697133__4f0e1cc1-deb4-4dfd-ab65-42991f91f33e-frequently_asked_question-1","template--21733304697133__4f0e1cc1-deb4-4dfd-ab65-42991f91f33e-frequently_asked_question-2","template--21733304697133__4f0e1cc1-deb4-4dfd-ab65-42991f91f33e-frequently_asked_question-3","template--21733304697133__4f0e1cc1-deb4-4dfd-ab65-42991f91f33e-frequently_asked_question-4"],"settings":{"heading":"Frequently Asked Questions","heading_size":110,"heading_alignment":"left","row_background":false,"collapsible":true,"show_view_all":false,"view_all_position":"top","button_link":"","open_new_window":false,"background_color_light":"rgba(0,0,0,0)","background_color_dark":"rgba(0,0,0,0)","desktop_layout":"1","image_alignment":"left","desktop_height":"400px","show_section_divider":false,"make_full_page_width":true,"padding_top":52,"padding_bottom":100,"image_alignment_mobile":"left","mobile_height":"250px","show_section_divider_mobile":false,"padding_top_mobile":40,"padding_bottom_mobile":28}},"b84ad124-a083-44ac-82f0-33b146a44236":{"type":"media-gallery","blocks":{"template--21733304697133__b84ad124-a083-44ac-82f0-33b146a44236-media-1":{"type":"media","settings":{"image_link":"","open_new_window":false,"video_url":"","enable_video_autoplay":true,"video_alt_text":"","enable_content_overlay":true,"content_position":"center","overlay_opacity":0,"number_of_columns":1,"number_of_row":1,"icon":"none","custom_icon":"","icon_size":45,"sub_title":"","title":"","title_size":80,"text":"","text_size":130,"text_align":"center","media_position":"top","button_label":"","button_link":"","open_new_window_button":false,"color_overlay":"rgba(0,0,0,0)","title_color":"rgba(0,0,0,0)","text_color":"rgba(0,0,0,0)","color_button":"rgba(0,0,0,0)","background_button":"rgba(0,0,0,0)","color_button_hover":"rgba(0,0,0,0)","background_button_hover":"rgba(0,0,0,0)","color_button_secondary":"rgba(0,0,0,0)","secondary_button_text":"rgba(0,0,0,0)"}},"template--21733304697133__b84ad124-a083-44ac-82f0-33b146a44236-media-2":{"type":"media","settings":{"image_link":"","open_new_window":false,"video_url":"","enable_video_autoplay":true,"video_alt_text":"","enable_content_overlay":true,"content_position":"center","overlay_opacity":0,"number_of_columns":1,"number_of_row":1,"icon":"none","custom_icon":"","icon_size":45,"sub_title":"","title":"","title_size":80,"text":"","text_size":130,"text_align":"center","media_position":"top","button_label":"","button_link":"","open_new_window_button":false,"color_overlay":"rgba(0,0,0,0)","title_color":"rgba(0,0,0,0)","text_color":"rgba(0,0,0,0)","color_button":"rgba(0,0,0,0)","background_button":"rgba(0,0,0,0)","color_button_hover":"rgba(0,0,0,0)","background_button_hover":"rgba(0,0,0,0)","color_button_secondary":"rgba(0,0,0,0)","secondary_button_text":"rgba(0,0,0,0)"}},"template--21733304697133__b84ad124-a083-44ac-82f0-33b146a44236-media-3":{"type":"media","settings":{"image_link":"","open_new_window":false,"video_url":"","enable_video_autoplay":true,"video_alt_text":"","enable_content_overlay":true,"content_position":"center","overlay_opacity":0,"number_of_columns":1,"number_of_row":1,"icon":"none","custom_icon":"","icon_size":45,"sub_title":"","title":"","title_size":80,"text":"","text_size":130,"text_align":"center","media_position":"top","button_label":"","button_link":"","open_new_window_button":false,"color_overlay":"rgba(0,0,0,0)","title_color":"rgba(0,0,0,0)","text_color":"rgba(0,0,0,0)","color_button":"rgba(0,0,0,0)","background_button":"rgba(0,0,0,0)","color_button_hover":"rgba(0,0,0,0)","background_button_hover":"rgba(0,0,0,0)","color_button_secondary":"rgba(0,0,0,0)","secondary_button_text":"rgba(0,0,0,0)"}},"aa3f0c15-e89f-4b65-a534-8cc8f583a498":{"type":"media","settings":{"image_link":"","open_new_window":false,"video_url":"","enable_video_autoplay":true,"video_alt_text":"","enable_content_overlay":true,"content_position":"center","overlay_opacity":0,"number_of_columns":1,"number_of_row":1,"icon":"none","custom_icon":"","icon_size":45,"sub_title":"","title":"","title_size":80,"text":"","text_size":130,"text_align":"center","media_position":"top","button_label":"","button_link":"","open_new_window_button":false,"color_overlay":"rgba(0,0,0,0)","title_color":"rgba(0,0,0,0)","text_color":"rgba(0,0,0,0)","color_button":"rgba(0,0,0,0)","background_button":"rgba(0,0,0,0)","color_button_hover":"rgba(0,0,0,0)","background_button_hover":"rgba(0,0,0,0)","color_button_secondary":"rgba(0,0,0,0)","secondary_button_text":"rgba(0,0,0,0)"}},"580a3362-ff6d-493c-b5e4-e0b6fb275cb2":{"type":"media","settings":{"image_link":"","open_new_window":false,"video_url":"","enable_video_autoplay":true,"video_alt_text":"","enable_content_overlay":true,"content_position":"center","overlay_opacity":0,"number_of_columns":1,"number_of_row":1,"icon":"none","custom_icon":"","icon_size":45,"sub_title":"","title":"","title_size":80,"text":"","text_size":130,"text_align":"center","media_position":"top","button_label":"","button_link":"","open_new_window_button":false,"color_overlay":"rgba(0,0,0,0)","title_color":"rgba(0,0,0,0)","text_color":"rgba(0,0,0,0)","color_button":"rgba(0,0,0,0)","background_button":"rgba(0,0,0,0)","color_button_hover":"rgba(0,0,0,0)","background_button_hover":"rgba(0,0,0,0)","color_button_secondary":"rgba(0,0,0,0)","secondary_button_text":"rgba(0,0,0,0)"}}},"block_order":["template--21733304697133__b84ad124-a083-44ac-82f0-33b146a44236-media-1","template--21733304697133__b84ad124-a083-44ac-82f0-33b146a44236-media-2","template--21733304697133__b84ad124-a083-44ac-82f0-33b146a44236-media-3","aa3f0c15-e89f-4b65-a534-8cc8f583a498","580a3362-ff6d-493c-b5e4-e0b6fb275cb2"],"settings":{"heading":"Get Inspired With @Eurus Jewelry","heading_size":110,"heading_alignment":"center","subheading":"","text":"","max_columns":5,"spacing":4,"height_desktop":300,"show_section_divider":true,"full_width":true,"padding_full_width":true,"padding_top":68,"padding_bottom":60,"min_columns_mobile":"1","spacing_mobile":4,"height_mobile":250,"show_section_divider_mobile":false,"full_width_mobile":false,"padding_top_mobile":40,"padding_bottom_mobile":28}}},"order":["main","2adb40bf-2eb3-4e37-82ee-45f8bd53828f","a4415918-c557-4c04-9acc-78592197ebeb","542718bc-ce2c-4602-9014-160486e477ae","266fa286-8bc0-4bc1-a4e6-1f33fc116825","5355e355-5c94-40d5-82a9-6b8932472f27","17b5fb2a-f728-4ee3-b979-9728c86ee7a5","234ca6f7-a8cc-4af9-ac7f-9de2f9d0e498","2cdccca4-2c34-4e29-935c-cfce1c962a1e","9b4c5512-ad16-4e3c-a28f-7e804745e1be","af624b20-ce45-4de0-92f4-2dc7b3455aab","4f0e1cc1-deb4-4dfd-ab65-42991f91f33e","b84ad124-a083-44ac-82f0-33b146a44236"]}