{"sections":{"main":{"type":"main-page","disabled":true,"settings":{"show_heading":true,"heading_size":170,"heading_tag":"h1","show_breadcrumbs":true,"show_breadcrumbs_border":false,"full_width_breadcrumb":true,"desktop_content_alignment":"text-left","mobile_content_alignment":"text-left","background_color_light":"#f2f2f2","text_color_light":"rgba(0,0,0,0)","textlink_color_light":"rgba(0,0,0,0)","background_color_dark":"#313131","text_color_dark":"rgba(0,0,0,0)","textlink_color_dark":"rgba(0,0,0,0)","padding_top":28,"padding_bottom":28,"padding_top_mobile":20,"padding_bottom_mobile":20}},"slideshow_ABMMWV":{"type":"slideshow","blocks":{"slide_NUt4kX":{"type":"slide","settings":{"overlay_opacity":0,"subheading":"ADD A TAGLINE","heading":"Banner heading","heading_size":170,"heading_tag":"h2","text":"<p>Share information about your brand with your customers. Describe a product, make announcements, or welcome customers to your store.<\/p>","button_label_1":"Button label","button_link_1":"","open_new_window_button":false,"show_button_style_1":"primary","button_label_2":"Button label","button_link_2":"","open_new_window_button_2":false,"show_button_style_2":"primary","content_alignment":"middle-left","custom_horizontal":50,"custom_vertical":50,"alignment":"left","color_text":"rgba(0,0,0,0)","color_button":"#ffffff","color_text_button":"#0a0400","color_button_hover":"rgba(0,0,0,0)","color_text_button_hover":"rgba(0,0,0,0)","color_button_secondary":"rgba(0,0,0,0)","secondary_button_text":"rgba(0,0,0,0)","colors_text_link":"rgba(0,0,0,0)"}},"slide_hrn3jt":{"type":"slide","settings":{"overlay_opacity":0,"subheading":"ADD A TAGLINE","heading":"Banner heading","heading_size":170,"heading_tag":"h2","text":"<p>Share information about your brand with your customers. Describe a product, make announcements, or welcome customers to your store.<\/p>","button_label_1":"Button label","button_link_1":"","open_new_window_button":false,"show_button_style_1":"primary","button_label_2":"Button label","button_link_2":"","open_new_window_button_2":false,"show_button_style_2":"primary","content_alignment":"middle-center","custom_horizontal":50,"custom_vertical":50,"alignment":"center","color_text":"rgba(0,0,0,0)","color_button":"#ffffff","color_text_button":"#0a0400","color_button_hover":"rgba(0,0,0,0)","color_text_button_hover":"rgba(0,0,0,0)","color_button_secondary":"rgba(0,0,0,0)","secondary_button_text":"rgba(0,0,0,0)","colors_text_link":"rgba(0,0,0,0)"}},"slide_PKNa3d":{"type":"slide","settings":{"overlay_opacity":0,"subheading":"ADD A TAGLINE","heading":"Banner heading","heading_size":170,"heading_tag":"h2","text":"<p>Share information about your brand with your customers. Describe a product, make announcements, or welcome customers to your store.<\/p>","button_label_1":"Button label","button_link_1":"","open_new_window_button":false,"show_button_style_1":"primary","button_label_2":"Button label","button_link_2":"","open_new_window_button_2":false,"show_button_style_2":"primary","content_alignment":"middle-right","custom_horizontal":50,"custom_vertical":50,"alignment":"center","color_text":"rgba(0,0,0,0)","color_button":"#ffffff","color_text_button":"#0a0400","color_button_hover":"rgba(0,0,0,0)","color_text_button_hover":"rgba(0,0,0,0)","color_button_secondary":"rgba(0,0,0,0)","secondary_button_text":"rgba(0,0,0,0)","colors_text_link":"rgba(0,0,0,0)"}}},"block_order":["slide_NUt4kX","slide_hrn3jt","slide_PKNa3d"],"settings":{"show_hero":false,"auto_play":true,"change_slides_speed":5,"show_arrow":true,"slider_visual":"bars","transition_style":"fade","full_width":true,"padding_full_width":false,"rounded_corner_image":false,"desktop_height":"750","padding_top":0,"padding_bottom":28,"full_width_mobile":true,"rounded_corner_image_mobile":false,"mobile_height":"500","padding_top_mobile":0,"padding_bottom_mobile":20}},"featured_collection_pypqkq":{"type":"featured-collection","blocks":{"collection_wRFFkm":{"type":"collection","settings":{"collection":"","show_description":false,"description":"","read_more_label":"Read more","show_vendor":false,"show_rating":false,"show_quickview":true,"show_promotion":false,"promotion_position":"left","card_link":"","open_new_window":false,"enable_text_overlay":false,"overlay_opacity":0,"image_ratio":"100","video_url":"https:\/\/www.youtube.com\/watch?v=_9VUPq3SxOc","enable_video_autoplay":false,"video_alt_text":"","product_card":"","heading":"Featured collection","heading_size":70,"content":"<p>Announce a promotion.<\/p>","text_size":100,"content_alignment":"center","content_position":"bottom","button_label":"See more","button_link":"","open_new_window_button":false,"show_button_style":"primary","background_color":"rgba(0,0,0,0)","color_text":"rgba(0,0,0,0)","color_button":"rgba(0,0,0,0)","color_text_button":"rgba(0,0,0,0)","color_button_hover":"rgba(0,0,0,0)","color_text_button_hover":"rgba(0,0,0,0)","color_button_secondary":"rgba(0,0,0,0)","secondary_button_text":"rgba(0,0,0,0)","colors_text_link":"rgba(0,0,0,0)"}},"collection_y4nARx":{"type":"collection","settings":{"collection":"","show_description":false,"description":"","read_more_label":"Read more","show_vendor":false,"show_rating":false,"show_quickview":true,"show_promotion":false,"promotion_position":"left","card_link":"","open_new_window":false,"enable_text_overlay":false,"overlay_opacity":0,"image_ratio":"100","video_url":"https:\/\/www.youtube.com\/watch?v=_9VUPq3SxOc","enable_video_autoplay":false,"video_alt_text":"","product_card":"","heading":"Featured collection","heading_size":70,"content":"<p>Announce a promotion.<\/p>","text_size":100,"content_alignment":"center","content_position":"bottom","button_label":"See more","button_link":"","open_new_window_button":false,"show_button_style":"primary","background_color":"rgba(0,0,0,0)","color_text":"rgba(0,0,0,0)","color_button":"rgba(0,0,0,0)","color_text_button":"rgba(0,0,0,0)","color_button_hover":"rgba(0,0,0,0)","color_text_button_hover":"rgba(0,0,0,0)","color_button_secondary":"rgba(0,0,0,0)","secondary_button_text":"rgba(0,0,0,0)","colors_text_link":"rgba(0,0,0,0)"}},"collection_T7eDTh":{"type":"collection","settings":{"collection":"bags","show_description":false,"description":"","read_more_label":"Read more","show_vendor":false,"show_rating":false,"show_quickview":true,"show_promotion":false,"promotion_position":"left","card_link":"","open_new_window":false,"enable_text_overlay":false,"overlay_opacity":0,"image_ratio":"100","video_url":"https:\/\/www.youtube.com\/watch?v=_9VUPq3SxOc","enable_video_autoplay":false,"video_alt_text":"","product_card":"","heading":"Featured collection","heading_size":70,"content":"<p>Announce a promotion.<\/p>","text_size":100,"content_alignment":"center","content_position":"bottom","button_label":"See more","button_link":"","open_new_window_button":false,"show_button_style":"primary","background_color":"rgba(0,0,0,0)","color_text":"rgba(0,0,0,0)","color_button":"rgba(0,0,0,0)","color_text_button":"rgba(0,0,0,0)","color_button_hover":"rgba(0,0,0,0)","color_text_button_hover":"rgba(0,0,0,0)","color_button_secondary":"rgba(0,0,0,0)","secondary_button_text":"rgba(0,0,0,0)","colors_text_link":"rgba(0,0,0,0)"}}},"block_order":["collection_wRFFkm","collection_y4nARx","collection_T7eDTh"],"settings":{"title":"What's New Today","heading_size":100,"heading_tag":"h2","heading_alignment":"center","subheading":"","text":"","show_view_all":false,"view_all_position":"top","title_size":120,"title_style":"none","enable_desktop_slider":false,"slider_style":"horizontal","swiper_on_mobile":true,"auto_play":false,"change_slides_speed":5,"columns_desktop":5,"rows_desktop":1,"spacing":4,"full_width":true,"show_section_divider":false,"padding_top":28,"padding_bottom":0,"columns_mobile":"2","spacing_mobile":4,"full_width_mobile":false,"show_section_divider_mobile":false,"padding_top_mobile":28,"padding_bottom_mobile":0}},"rich_text_8VXBii":{"type":"rich-text","blocks":{"caption_xwXjrK":{"type":"caption","settings":{"caption":"Tell about your brand","text_style":"uppercase","text_size":100}},"heading_bdX4ec":{"type":"heading","settings":{"heading":"Share information about your brand with your customers. Describe a product, make announcements, or welcome customers to your store. Share information about your brand with your customers. Describe a product, make announcements, or welcome customers to your store.","heading_size":70,"heading_tag":"h2"}}},"block_order":["caption_xwXjrK","heading_bdX4ec"],"settings":{"heading_light":"rgba(0,0,0,0)","text_light":"rgba(0,0,0,0)","background_color_light":"","heading_dark":"rgba(0,0,0,0)","text_dark":"rgba(0,0,0,0)","background_color_dark":"","content_alignment":"center","show_section_divider":false,"make_full_page_width":true,"padding_top":48,"padding_bottom":52,"content_alignment_mobile":"center","show_section_divider_mobile":false,"padding_top_mobile":28,"padding_bottom_mobile":28}},"shop_the_look_VAXgH4":{"type":"shop-the-look","blocks":{"look_kRJX7j":{"type":"look","settings":{"product":"","color_hotspot":"#000000","hotspot_desktop_horizontal":30,"hotspot_desktop_vertical":50,"hotspot_mobile_horizontal":27,"hotspot_mobile_vertical":47}},"look_GkHHH7":{"type":"look","settings":{"product":"","color_hotspot":"#000000","hotspot_desktop_horizontal":53,"hotspot_desktop_vertical":27,"hotspot_mobile_horizontal":54,"hotspot_mobile_vertical":25}},"look_7PwAhn":{"type":"look","settings":{"product":"","color_hotspot":"#000000","hotspot_desktop_horizontal":64,"hotspot_desktop_vertical":50,"hotspot_mobile_horizontal":65,"hotspot_mobile_vertical":50}}},"block_order":["look_kRJX7j","look_GkHHH7","look_7PwAhn"],"settings":{"heading":"","heading_size":100,"heading_tag":"h2","heading_alignment":"center","image_ratio":"portrait","info_alignment":"center","desktop_size":"large","show_quickview":true,"show_vendor":false,"show_rating":false,"image_alignment":"left","full_width":false,"padding_full_width":false,"show_section_divider":false,"desktop_height":"750px","padding_top":0,"padding_bottom":72,"full_width_mobile":false,"show_section_divider_mobile":false,"mobile_height":"400px","padding_top_mobile":0,"padding_bottom_mobile":44}},"media_gallery_63Nbkf":{"type":"media-gallery","blocks":{"media_XBYgRx":{"type":"media","settings":{"image_link":"","open_new_window":false,"video_url":"","enable_video_autoplay":true,"video_alt_text":"","enable_content_overlay":true,"content_position":"bottom","overlay_opacity":0,"number_of_columns":1,"number_of_row":1,"icon":"none","custom_icon":"","icon_size":45,"sub_title":"","title":"Bags","title_size":80,"text":"","text_size":130,"text_align":"center","media_position":"top","button_label":"Button label","button_link":"","open_new_window_button":false,"show_button_style":"text-link","color_overlay":"rgba(0,0,0,0)","title_color":"#ffffff","text_color":"#ffffff","color_button":"rgba(0,0,0,0)","background_button":"rgba(0,0,0,0)","color_button_hover":"rgba(0,0,0,0)","background_button_hover":"rgba(0,0,0,0)","color_button_secondary":"rgba(0,0,0,0)","secondary_button_text":"rgba(0,0,0,0)","colors_text_link":"#ffffff"}},"media_BPnQic":{"type":"media","settings":{"image_link":"","open_new_window":false,"video_url":"","enable_video_autoplay":true,"video_alt_text":"","enable_content_overlay":true,"content_position":"bottom","overlay_opacity":0,"number_of_columns":1,"number_of_row":1,"icon":"none","custom_icon":"","icon_size":45,"sub_title":"","title":"Shoes","title_size":80,"text":"","text_size":130,"text_align":"center","media_position":"top","button_label":"Button label","button_link":"","open_new_window_button":false,"show_button_style":"text-link","color_overlay":"rgba(0,0,0,0)","title_color":"#ffffff","text_color":"#ffffff","color_button":"rgba(0,0,0,0)","background_button":"rgba(0,0,0,0)","color_button_hover":"rgba(0,0,0,0)","background_button_hover":"rgba(0,0,0,0)","color_button_secondary":"rgba(0,0,0,0)","secondary_button_text":"rgba(0,0,0,0)","colors_text_link":"#ffffff"}},"media_dLT8WP":{"type":"media","settings":{"image_link":"","open_new_window":false,"video_url":"","enable_video_autoplay":true,"video_alt_text":"","enable_content_overlay":true,"content_position":"bottom","overlay_opacity":0,"number_of_columns":1,"number_of_row":1,"icon":"none","custom_icon":"","icon_size":45,"sub_title":"","title":"Clothing","title_size":80,"text":"","text_size":130,"text_align":"center","media_position":"top","button_label":"Button label","button_link":"","open_new_window_button":false,"show_button_style":"text-link","color_overlay":"rgba(0,0,0,0)","title_color":"#ffffff","text_color":"#ffffff","color_button":"rgba(0,0,0,0)","background_button":"rgba(0,0,0,0)","color_button_hover":"rgba(0,0,0,0)","background_button_hover":"rgba(0,0,0,0)","color_button_secondary":"rgba(0,0,0,0)","secondary_button_text":"rgba(0,0,0,0)","colors_text_link":"#ffffff"}},"media_Vqypk7":{"type":"media","settings":{"image_link":"","open_new_window":false,"video_url":"","enable_video_autoplay":true,"video_alt_text":"","enable_content_overlay":true,"content_position":"bottom","overlay_opacity":0,"number_of_columns":1,"number_of_row":1,"icon":"none","custom_icon":"","icon_size":45,"sub_title":"","title":"Accessories","title_size":80,"text":"","text_size":130,"text_align":"center","media_position":"top","button_label":"Button label","button_link":"","open_new_window_button":false,"show_button_style":"text-link","color_overlay":"rgba(0,0,0,0)","title_color":"#ffffff","text_color":"#ffffff","color_button":"rgba(0,0,0,0)","background_button":"rgba(0,0,0,0)","color_button_hover":"rgba(0,0,0,0)","background_button_hover":"rgba(0,0,0,0)","color_button_secondary":"rgba(0,0,0,0)","secondary_button_text":"rgba(0,0,0,0)","colors_text_link":"#ffffff"}}},"block_order":["media_XBYgRx","media_BPnQic","media_dLT8WP","media_Vqypk7"],"settings":{"heading":"","heading_size":100,"heading_tag":"h2","heading_alignment":"center","subheading":"","text":"","max_columns":4,"spacing":4,"height_desktop":500,"show_section_divider":false,"full_width":true,"padding_full_width":false,"padding_top":0,"padding_bottom":4,"min_columns_mobile":"2","spacing_mobile":4,"height_mobile":250,"show_section_divider_mobile":false,"full_width_mobile":false,"padding_top_mobile":0,"padding_bottom_mobile":20}},"featured_collection_wECz9H":{"type":"featured-collection","blocks":{"collection_hgzeJq":{"type":"collection","settings":{"collection":"natural-stone-accessories","show_description":false,"description":"","read_more_label":"Read more","show_vendor":false,"show_rating":false,"show_quickview":true,"show_promotion":false,"promotion_position":"left","card_link":"","open_new_window":false,"enable_text_overlay":false,"overlay_opacity":0,"image_ratio":"100","video_url":"https:\/\/www.youtube.com\/watch?v=_9VUPq3SxOc","enable_video_autoplay":false,"video_alt_text":"","product_card":"","heading":"Featured collection","heading_size":70,"content":"<p>Announce a promotion.<\/p>","text_size":100,"content_alignment":"center","content_position":"bottom","button_label":"See more","button_link":"","open_new_window_button":false,"show_button_style":"primary","background_color":"rgba(0,0,0,0)","color_text":"rgba(0,0,0,0)","color_button":"rgba(0,0,0,0)","color_text_button":"rgba(0,0,0,0)","color_button_hover":"rgba(0,0,0,0)","color_text_button_hover":"rgba(0,0,0,0)","color_button_secondary":"rgba(0,0,0,0)","secondary_button_text":"rgba(0,0,0,0)","colors_text_link":"rgba(0,0,0,0)"}}},"block_order":["collection_hgzeJq"],"settings":{"title":"","heading_size":100,"heading_tag":"h2","heading_alignment":"center","subheading":"","text":"","show_view_all":false,"view_all_position":"top","title_size":120,"title_style":"none","enable_desktop_slider":false,"slider_style":"horizontal","swiper_on_mobile":true,"auto_play":false,"change_slides_speed":5,"columns_desktop":5,"rows_desktop":1,"spacing":4,"full_width":true,"show_section_divider":false,"padding_top":0,"padding_bottom":48,"columns_mobile":"1","spacing_mobile":4,"full_width_mobile":false,"show_section_divider_mobile":false,"padding_top_mobile":0,"padding_bottom_mobile":0}},"logo_list_gcgwL4":{"type":"logo-list","blocks":{"logo_VMWXa4":{"type":"logo","settings":{"image_link":"","open_new_window":false}},"logo_JH4HbF":{"type":"logo","settings":{"image_link":"","open_new_window":false}},"logo_BpzyyP":{"type":"logo","settings":{"image_link":"","open_new_window":false}},"logo_Wh33mC":{"type":"logo","settings":{"image_link":"","open_new_window":false}},"logo_YmAMmq":{"type":"logo","settings":{"image_link":"","open_new_window":false}},"logo_7TBVQq":{"type":"logo","settings":{"image_link":"","open_new_window":false}}},"block_order":["logo_VMWXa4","logo_JH4HbF","logo_BpzyyP","logo_Wh33mC","logo_YmAMmq","logo_7TBVQq"],"settings":{"heading":"","heading_size":100,"heading_tag":"h2","heading_alignment":"center","corner_image":0,"show_border":false,"image_ratio":"auto","background_color_light":"rgba(0,0,0,0)","background_color_dark":"rgba(0,0,0,0)","enable_carousel_on_desktop":false,"auto_switch_bar":true,"change_bar_every":5,"show_navigation":true,"columns_desktop":6,"full_width":false,"show_section_divider":false,"spacing":4,"padding_top":0,"padding_bottom":0,"layout_mobile":"carousel","columns_mobile":"2","show_section_divider_mobile":false,"spacing_mobile":16,"padding_top_mobile":0,"padding_bottom_mobile":0}},"testimonials_zwgzMT":{"type":"testimonials","blocks":{"testimonial_cYn9dT":{"type":"testimonial","settings":{"icon_star":"5_star","custom_icon":"","title":"","text":"<p>Add customer reviews and testimonials to showcase your store’s happy customers.<\/p>","author":"Author’s name","author_note":"<p>Note<\/p>"}},"testimonial_Je9MHV":{"type":"testimonial","settings":{"icon_star":"5_star","custom_icon":"","title":"","text":"<p>Add customer reviews and testimonials to showcase your store’s happy customers.<\/p>","author":"Author’s name","author_note":"<p>Note<\/p>"}},"testimonial_WgyTk6":{"type":"testimonial","settings":{"icon_star":"5_star","custom_icon":"","title":"","text":"<p>Add customer reviews and testimonials to showcase your store’s happy customers.<\/p>","author":"Author’s name","author_note":"<p>Note<\/p>"}},"testimonial_jmmrqT":{"type":"testimonial","settings":{"icon_star":"5_star","custom_icon":"","title":"","text":"<p>Add customer reviews and testimonials to showcase your store’s happy customers.<\/p>","author":"Author’s name","author_note":"<p>Note<\/p>"}}},"block_order":["testimonial_cYn9dT","testimonial_Je9MHV","testimonial_WgyTk6","testimonial_jmmrqT"],"settings":{"heading":"","heading_size":100,"heading_tag":"h2","text_alignment":"center","testimonial_items_view":"single","show_arrow":true,"show_pagination":false,"show_author_image":false,"author_image":"top","image_ratio":"round","desktop_height":300,"background_color_light":"rgba(0,0,0,0)","item_background_color_light":"#f4f4f2","heading_and_title_light":"rgba(0,0,0,0)","item_text_color_light":"rgba(0,0,0,0)","background_color_dark":"#2b2b2b","item_background_color_dark":"rgba(0,0,0,0)","heading_and_title_dark":"rgba(0,0,0,0)","item_text_color_dark":"rgba(0,0,0,0)","show_section_divider":false,"top_padding":20,"bottom_padding":0,"show_section_divider_mobile":false,"top_padding_mobile":0,"bottom_padding_mobile":20}},"image_with_text_cFMewe":{"type":"image-with-text","blocks":{"heading_eydPBt":{"type":"heading","settings":{"subheading":"Add a tagline","heading_base_size":100,"heading_tag":"h2","text":"<p>Pair text with an image to focus on your chosen product, collection, or blog post. Add details on availability, style, or even provide a review.<\/p>","read_more_label":"Read more","heading_light":"rgba(0,0,0,0)","text_light":"rgba(0,0,0,0)","heading_dark":"rgba(0,0,0,0)","text_dark":"rgba(0,0,0,0)"}},"button_bGYgjG":{"type":"button","settings":{"button_label":"Button label","button_link":"","open_new_window":false,"show_button_style":"primary","button_light":"#0a0400","button_text_light":"#ffffff","button_hover_light":"rgba(0,0,0,0)","button_text_hover_light":"rgba(0,0,0,0)","secondary_button_light":"rgba(0,0,0,0)","secondary_button_text_light":"rgba(0,0,0,0)","button_dark":"rgba(0,0,0,0)","button_text_dark":"rgba(0,0,0,0)","button_hover_dark":"rgba(0,0,0,0)","button_text_hover_dark":"rgba(0,0,0,0)","secondary_button_dark":"rgba(0,0,0,0)","secondary_button_text_dark":"rgba(0,0,0,0)"}}},"block_order":["heading_eydPBt","button_bGYgjG"],"settings":{"video_url":"","video_alt_text":"","enable_video_autoplay":false,"desktop_height":"650px","mobile_height":"400px","desktop_image_width":"medium","image_layout":"normal","image_corner_radius":0,"content_layout":"no-overlap","spacing_image":false,"text_position":"center","text_alignment":"start","background_color_light":"rgba(0,0,0,0)","background_color_dark":"rgba(0,0,0,0)","image_alignment":"right","full_width":true,"top_padding":40,"bottom_padding":0,"image_alignment_mobile":"left","full_width_mobile":false,"top_padding_mobile":0,"bottom_padding_mobile":0}},"image_with_text_ee6aid":{"type":"image-with-text","blocks":{"heading_CRENTP":{"type":"heading","settings":{"subheading":"Add a tagline","heading_base_size":100,"heading_tag":"h2","text":"<p>Pair text with an image to focus on your chosen product, collection, or blog post. Add details on availability, style, or even provide a review.<\/p>","read_more_label":"Read more","heading_light":"rgba(0,0,0,0)","text_light":"rgba(0,0,0,0)","heading_dark":"rgba(0,0,0,0)","text_dark":"rgba(0,0,0,0)"}},"button_4NKeyW":{"type":"button","settings":{"button_label":"Button label","button_link":"","open_new_window":false,"show_button_style":"primary","button_light":"#0a0400","button_text_light":"#ffffff","button_hover_light":"rgba(0,0,0,0)","button_text_hover_light":"rgba(0,0,0,0)","secondary_button_light":"rgba(0,0,0,0)","secondary_button_text_light":"rgba(0,0,0,0)","button_dark":"rgba(0,0,0,0)","button_text_dark":"rgba(0,0,0,0)","button_hover_dark":"rgba(0,0,0,0)","button_text_hover_dark":"rgba(0,0,0,0)","secondary_button_dark":"rgba(0,0,0,0)","secondary_button_text_dark":"rgba(0,0,0,0)"}}},"block_order":["heading_CRENTP","button_4NKeyW"],"settings":{"video_url":"","video_alt_text":"","enable_video_autoplay":false,"desktop_height":"650px","mobile_height":"400px","desktop_image_width":"medium","image_layout":"normal","image_corner_radius":0,"content_layout":"no-overlap","spacing_image":false,"text_position":"center","text_alignment":"start","background_color_light":"rgba(0,0,0,0)","background_color_dark":"rgba(0,0,0,0)","image_alignment":"left","full_width":true,"top_padding":0,"bottom_padding":0,"image_alignment_mobile":"left","full_width_mobile":false,"top_padding_mobile":0,"bottom_padding_mobile":0}},"rich_text_NVHxVQ":{"type":"rich-text","blocks":{"caption_RknGDT":{"type":"caption","settings":{"caption":"Our Story","text_style":"uppercase","text_size":100}},"heading_8BN9tW":{"type":"heading","settings":{"heading":"Tell about your brand","heading_size":100,"heading_tag":"h2"}},"text_GpcaqL":{"type":"text","settings":{"text":"<p>Share information about your brand with your customers. Describe a product, make announcements, or welcome customers to your store. Share information about your brand with your customers. Describe a product, make announcements, or welcome customers to your store.<\/p>","read_more_label":"Read more"}},"button_hfUgEQ":{"type":"button","settings":{"button_label":"Button label","button_link":"","open_new_window_button":false,"show_button_style_1":"secondary","button_label_2":"","open_new_window_button_2":false,"button_link_2":"","show_button_style_2":"primary","color_button":"rgba(0,0,0,0)","color_button_hover":"rgba(0,0,0,0)","color_text_button":"rgba(0,0,0,0)","color_text_button_hover":"rgba(0,0,0,0)","color_button_secondary":"rgba(0,0,0,0)","secondary_button_text":"rgba(0,0,0,0)"}}},"block_order":["caption_RknGDT","heading_8BN9tW","text_GpcaqL","button_hfUgEQ"],"settings":{"heading_light":"rgba(0,0,0,0)","text_light":"rgba(0,0,0,0)","background_color_light":"","heading_dark":"rgba(0,0,0,0)","text_dark":"rgba(0,0,0,0)","background_color_dark":"","content_alignment":"center","show_section_divider":false,"make_full_page_width":true,"padding_top":68,"padding_bottom":20,"content_alignment_mobile":"center","show_section_divider_mobile":false,"padding_top_mobile":28,"padding_bottom_mobile":28}},"text_column_with_image_4D8Fen":{"type":"text-column-with-image","blocks":{"column_YtWgxx":{"type":"column","settings":{"sub_title":"","title":"","heading_size":100,"text":"","button_label":"","button_link":"","open_new_window":false,"show_button_style":"primary"}},"column_Hx96MR":{"type":"column","settings":{"sub_title":"","title":"","heading_size":100,"text":"","button_label":"","button_link":"","open_new_window":false,"show_button_style":"primary"}},"column_LKPyXV":{"type":"column","settings":{"sub_title":"","title":"","heading_size":100,"text":"","button_label":"","button_link":"","open_new_window":false,"show_button_style":"primary"}}},"block_order":["column_YtWgxx","column_Hx96MR","column_LKPyXV"],"settings":{"title":"","heading_size":100,"heading_tag":"h2","secondary_background":"none","image_ratio":"natural","rounded_corner_image":false,"column_content_alignment":"center","background_color_light":"rgba(0,0,0,0)","heading_light":"rgba(0,0,0,0)","text_light":"rgba(0,0,0,0)","background_color_dark":"rgba(0,0,0,0)","heading_dark":"rgba(0,0,0,0)","text_dark":"rgba(0,0,0,0)","column_layout_desktop":"lg:w-1\/3","spacing_desktop":4,"full_width":false,"padding_full_width":false,"show_section_divider":false,"padding_top":0,"padding_bottom":0,"column_layout_mobile":"w-full","spacing_mobile":4,"full_width_mobile":false,"show_section_divider_mobile":false,"padding_top_mobile":0,"padding_bottom_mobile":0}},"rich_text_6p8KhM":{"type":"rich-text","blocks":{"caption_MLLhJb":{"type":"caption","settings":{"caption":"Heading","text_style":"uppercase","text_size":100}},"heading_Mdgf3g":{"type":"heading","settings":{"heading":"Share information about your brand with your customers. Describe a product, make announcements, or welcome customers to your store. Share information about your brand with your customers. Describe a product, make announcements, or welcome customers to your store.","heading_size":70,"heading_tag":"h2"}}},"block_order":["caption_MLLhJb","heading_Mdgf3g"],"settings":{"heading_light":"rgba(0,0,0,0)","text_light":"rgba(0,0,0,0)","background_color_light":"","heading_dark":"rgba(0,0,0,0)","text_dark":"rgba(0,0,0,0)","background_color_dark":"","content_alignment":"center","show_section_divider":false,"make_full_page_width":true,"padding_top":72,"padding_bottom":52,"content_alignment_mobile":"center","show_section_divider_mobile":false,"padding_top_mobile":44,"padding_bottom_mobile":8}},"media_gallery_nkUUaH":{"type":"media-gallery","blocks":{"media_fUtdL9":{"type":"media","settings":{"image_link":"","open_new_window":false,"video_url":"","enable_video_autoplay":true,"video_alt_text":"","enable_content_overlay":true,"content_position":"bottom","overlay_opacity":20,"number_of_columns":1,"number_of_row":2,"icon":"none","custom_icon":"","icon_size":45,"sub_title":"ADD A TAGLINE","title":"Media heading","title_size":80,"text":"","text_size":130,"text_align":"center","media_position":"top","button_label":"Button label","button_link":"","open_new_window_button":false,"show_button_style":"text-link","color_overlay":"rgba(0,0,0,0)","title_color":"#ffffff","text_color":"#ffffff","color_button":"rgba(0,0,0,0)","background_button":"rgba(0,0,0,0)","color_button_hover":"rgba(0,0,0,0)","background_button_hover":"rgba(0,0,0,0)","color_button_secondary":"rgba(0,0,0,0)","secondary_button_text":"rgba(0,0,0,0)","colors_text_link":"#ffffff"}},"media_mxYeXm":{"type":"media","settings":{"image_link":"","open_new_window":false,"video_url":"","enable_video_autoplay":true,"video_alt_text":"","enable_content_overlay":true,"content_position":"bottom","overlay_opacity":20,"number_of_columns":1,"number_of_row":2,"icon":"none","custom_icon":"","icon_size":45,"sub_title":"ADD A TAGLINE","title":"Media heading","title_size":80,"text":"","text_size":130,"text_align":"center","media_position":"top","button_label":"Shop Men’s","button_link":"","open_new_window_button":false,"show_button_style":"text-link","color_overlay":"rgba(0,0,0,0)","title_color":"#ffffff","text_color":"#ffffff","color_button":"rgba(0,0,0,0)","background_button":"rgba(0,0,0,0)","color_button_hover":"rgba(0,0,0,0)","background_button_hover":"rgba(0,0,0,0)","color_button_secondary":"rgba(0,0,0,0)","secondary_button_text":"rgba(0,0,0,0)","colors_text_link":"#ffffff"}}},"block_order":["media_fUtdL9","media_mxYeXm"],"settings":{"heading":"","heading_size":100,"heading_tag":"h2","heading_alignment":"center","subheading":"","text":"","max_columns":2,"spacing":4,"height_desktop":480,"show_section_divider":false,"full_width":false,"padding_full_width":false,"padding_top":12,"padding_bottom":0,"min_columns_mobile":"1","spacing_mobile":16,"height_mobile":200,"show_section_divider_mobile":false,"full_width_mobile":false,"padding_top_mobile":28,"padding_bottom_mobile":12}},"featured_collection_dVfbEy":{"type":"featured-collection","blocks":{"collection_kJYmUL":{"type":"collection","settings":{"collection":"","show_description":false,"description":"","read_more_label":"Button label","show_vendor":false,"show_rating":false,"show_quickview":true,"show_promotion":false,"promotion_position":"left","card_link":"","open_new_window":false,"enable_text_overlay":false,"overlay_opacity":0,"image_ratio":"100","video_url":"https:\/\/www.youtube.com\/watch?v=_9VUPq3SxOc","enable_video_autoplay":false,"video_alt_text":"","product_card":"a-citrine-earrings","heading":"Featured collection","heading_size":70,"content":"<p>Announce a promotion.<\/p>","text_size":100,"content_alignment":"center","content_position":"bottom","button_label":"See more","button_link":"","open_new_window_button":false,"show_button_style":"primary","background_color":"rgba(0,0,0,0)","color_text":"rgba(0,0,0,0)","color_button":"rgba(0,0,0,0)","color_text_button":"rgba(0,0,0,0)","color_button_hover":"rgba(0,0,0,0)","color_text_button_hover":"rgba(0,0,0,0)","color_button_secondary":"rgba(0,0,0,0)","secondary_button_text":"rgba(0,0,0,0)","colors_text_link":"rgba(0,0,0,0)"}}},"block_order":["collection_kJYmUL"],"settings":{"title":"Featured collections","heading_size":100,"heading_tag":"h2","heading_alignment":"center","subheading":"","text":"","show_view_all":false,"view_all_position":"bottom","title_size":120,"title_style":"none","enable_desktop_slider":false,"slider_style":"horizontal","swiper_on_mobile":false,"auto_play":false,"change_slides_speed":5,"columns_desktop":4,"rows_desktop":1,"spacing":4,"full_width":false,"show_section_divider":false,"padding_top":68,"padding_bottom":28,"columns_mobile":"2","spacing_mobile":4,"full_width_mobile":false,"show_section_divider_mobile":false,"padding_top_mobile":40,"padding_bottom_mobile":0}},"featured_blog_E8xQBF":{"type":"featured-blog","settings":{"heading":"Blog & New Update","heading_size":100,"heading_tag":"h2","heading_alignment":"center","blog":"bags","post_limit":3,"columns_desktop":3,"show_view_all":false,"view_all_position":"top","title_size":140,"content_alignment":"center","show_image":true,"image_ratio":"75","item_secondary_background":false,"show_author":true,"show_name":false,"show_date":true,"show_excerpt":true,"show_tag":false,"show_comment_counts":false,"show_read_more":true,"button_read_more_label":"Button label","enable_desktop_slider":false,"swiper_on_mobile":false,"auto_play":false,"change_slides_speed":5,"full_width":false,"spacing":4,"show_section_divider":false,"padding_top":0,"padding_bottom":68,"columns_mobile":"1","spacing_mobile":16,"show_section_divider_mobile":false,"padding_top_mobile":12,"padding_bottom_mobile":44}},"media_gallery_QDCtni":{"type":"media-gallery","blocks":{"media_BXWVzF":{"type":"media","settings":{"image":"","image_link":"","open_new_window":false,"video_url":"","enable_video_autoplay":true,"video_alt_text":"","enable_content_overlay":true,"content_position":"center","overlay_opacity":80,"number_of_columns":2,"number_of_row":2,"icon":"none","custom_icon":"","icon_size":45,"sub_title":"#Eurusfashion","title":"Explore the World of Eurus","title_size":80,"text":"","text_size":130,"text_align":"center","media_position":"top","button_label":"","button_link":"","open_new_window_button":false,"show_button_style":"primary","color_overlay":"#e5e4de","title_color":"rgba(0,0,0,0)","text_color":"rgba(0,0,0,0)","color_button":"rgba(0,0,0,0)","background_button":"rgba(0,0,0,0)","color_button_hover":"rgba(0,0,0,0)","background_button_hover":"rgba(0,0,0,0)","color_button_secondary":"rgba(0,0,0,0)","secondary_button_text":"rgba(0,0,0,0)","colors_text_link":"rgba(0,0,0,0)"}},"media_GArxmD":{"type":"media","settings":{"image_link":"","open_new_window":false,"video_url":"","enable_video_autoplay":true,"video_alt_text":"","enable_content_overlay":true,"content_position":"center","overlay_opacity":0,"number_of_columns":1,"number_of_row":1,"icon":"none","custom_icon":"","icon_size":45,"sub_title":"","title":"","title_size":80,"text":"","text_size":130,"text_align":"center","media_position":"top","button_label":"","button_link":"","open_new_window_button":false,"show_button_style":"primary","color_overlay":"rgba(0,0,0,0)","title_color":"rgba(0,0,0,0)","text_color":"rgba(0,0,0,0)","color_button":"rgba(0,0,0,0)","background_button":"rgba(0,0,0,0)","color_button_hover":"rgba(0,0,0,0)","background_button_hover":"rgba(0,0,0,0)","color_button_secondary":"rgba(0,0,0,0)","secondary_button_text":"rgba(0,0,0,0)","colors_text_link":"rgba(0,0,0,0)"}},"media_7xCVC3":{"type":"media","settings":{"image_link":"","open_new_window":false,"video_url":"","enable_video_autoplay":true,"video_alt_text":"","enable_content_overlay":true,"content_position":"center","overlay_opacity":0,"number_of_columns":1,"number_of_row":1,"icon":"none","custom_icon":"","icon_size":45,"sub_title":"","title":"","title_size":80,"text":"","text_size":130,"text_align":"center","media_position":"top","button_label":"","button_link":"","open_new_window_button":false,"show_button_style":"primary","color_overlay":"rgba(0,0,0,0)","title_color":"rgba(0,0,0,0)","text_color":"rgba(0,0,0,0)","color_button":"rgba(0,0,0,0)","background_button":"rgba(0,0,0,0)","color_button_hover":"rgba(0,0,0,0)","background_button_hover":"rgba(0,0,0,0)","color_button_secondary":"rgba(0,0,0,0)","secondary_button_text":"rgba(0,0,0,0)","colors_text_link":"rgba(0,0,0,0)"}},"media_qMPGyj":{"type":"media","settings":{"image_link":"","open_new_window":false,"video_url":"","enable_video_autoplay":true,"video_alt_text":"","enable_content_overlay":true,"content_position":"center","overlay_opacity":0,"number_of_columns":2,"number_of_row":2,"icon":"none","custom_icon":"","icon_size":45,"sub_title":"","title":"","title_size":80,"text":"","text_size":130,"text_align":"center","media_position":"top","button_label":"","button_link":"","open_new_window_button":false,"show_button_style":"primary","color_overlay":"rgba(0,0,0,0)","title_color":"rgba(0,0,0,0)","text_color":"rgba(0,0,0,0)","color_button":"rgba(0,0,0,0)","background_button":"rgba(0,0,0,0)","color_button_hover":"rgba(0,0,0,0)","background_button_hover":"rgba(0,0,0,0)","color_button_secondary":"rgba(0,0,0,0)","secondary_button_text":"rgba(0,0,0,0)","colors_text_link":"rgba(0,0,0,0)"}},"media_XkahmE":{"type":"media","settings":{"image_link":"","open_new_window":false,"video_url":"","enable_video_autoplay":true,"video_alt_text":"","enable_content_overlay":true,"content_position":"center","overlay_opacity":0,"number_of_columns":1,"number_of_row":1,"icon":"none","custom_icon":"","icon_size":45,"sub_title":"","title":"","title_size":80,"text":"","text_size":130,"text_align":"center","media_position":"top","button_label":"","button_link":"","open_new_window_button":false,"show_button_style":"primary","color_overlay":"rgba(0,0,0,0)","title_color":"rgba(0,0,0,0)","text_color":"rgba(0,0,0,0)","color_button":"rgba(0,0,0,0)","background_button":"rgba(0,0,0,0)","color_button_hover":"rgba(0,0,0,0)","background_button_hover":"rgba(0,0,0,0)","color_button_secondary":"rgba(0,0,0,0)","secondary_button_text":"rgba(0,0,0,0)","colors_text_link":"rgba(0,0,0,0)"}},"media_kjXygK":{"type":"media","settings":{"image_link":"","open_new_window":false,"video_url":"","enable_video_autoplay":true,"video_alt_text":"","enable_content_overlay":true,"content_position":"center","overlay_opacity":0,"number_of_columns":1,"number_of_row":1,"icon":"none","custom_icon":"","icon_size":45,"sub_title":"","title":"","title_size":80,"text":"","text_size":130,"text_align":"center","media_position":"top","button_label":"","button_link":"","open_new_window_button":false,"show_button_style":"primary","color_overlay":"rgba(0,0,0,0)","title_color":"rgba(0,0,0,0)","text_color":"rgba(0,0,0,0)","color_button":"rgba(0,0,0,0)","background_button":"rgba(0,0,0,0)","color_button_hover":"rgba(0,0,0,0)","background_button_hover":"rgba(0,0,0,0)","color_button_secondary":"rgba(0,0,0,0)","secondary_button_text":"rgba(0,0,0,0)","colors_text_link":"rgba(0,0,0,0)"}}},"block_order":["media_BXWVzF","media_GArxmD","media_7xCVC3","media_qMPGyj","media_XkahmE","media_kjXygK"],"settings":{"heading":"","heading_size":100,"heading_tag":"h2","heading_alignment":"center","subheading":"","text":"","max_columns":6,"spacing":4,"height_desktop":310,"show_section_divider":false,"full_width":true,"padding_full_width":false,"padding_top":4,"padding_bottom":4,"min_columns_mobile":"2","spacing_mobile":4,"height_mobile":250,"show_section_divider_mobile":false,"full_width_mobile":true,"padding_top_mobile":4,"padding_bottom_mobile":4}},"scrolling_banner_hjWMjY":{"type":"scrolling-banner","blocks":{"text_QwwDnJ":{"type":"text","settings":{"text":"Free Delivery","text_size":100,"text_color":"primary","spacing_left":0,"spacing_right":0,"spacing_left_mobile":0,"spacing_right_mobile":0}},"icon_Mi6Wja":{"type":"icon","settings":{"icon":"zap","custom_icon":"<span class=\"h-full flex items-center justify-center\"><span class=\"inline-block\">\n<svg xmlns=\"http:\/\/www.w3.org\/2000\/svg\" viewbox=\"0 0 4 4\" fill=\"none\" height=\"4px\" width=\"4px\">\n<circle cx=\"2\" cy=\"2\" r=\"2\" fill=\"#2B2B2B\"><\/circle>\n<\/svg>\n<\/span>\n<\/span>","height_icon":20,"spacing_left":0,"spacing_right":0,"spacing_left_mobile":0,"spacing_right_mobile":0}},"text_XnM77N":{"type":"text","settings":{"text":"Money Back Guarantee","text_size":100,"text_color":"primary","spacing_left":0,"spacing_right":0,"spacing_left_mobile":0,"spacing_right_mobile":0}},"icon_NXtdTC":{"type":"icon","settings":{"icon":"zap","custom_icon":"<span class=\"h-full flex items-center justify-center\"><span class=\"inline-block\">\n<svg xmlns=\"http:\/\/www.w3.org\/2000\/svg\" viewbox=\"0 0 4 4\" fill=\"none\" height=\"4px\" width=\"4px\">\n<circle cx=\"2\" cy=\"2\" r=\"2\" fill=\"#2B2B2B\"><\/circle>\n<\/svg>\n<\/span>\n<\/span>","height_icon":20,"spacing_left":0,"spacing_right":0,"spacing_left_mobile":0,"spacing_right_mobile":0}},"text_yf6AAA":{"type":"text","settings":{"text":"High Quality Cotton","text_size":100,"text_color":"primary","spacing_left":0,"spacing_right":0,"spacing_left_mobile":0,"spacing_right_mobile":0}},"icon_PhRAAw":{"type":"icon","settings":{"icon":"zap","custom_icon":"<span class=\"h-full flex items-center justify-center\"><span class=\"inline-block\">\n<svg xmlns=\"http:\/\/www.w3.org\/2000\/svg\" viewbox=\"0 0 4 4\" fill=\"none\" height=\"4px\" width=\"4px\">\n<circle cx=\"2\" cy=\"2\" r=\"2\" fill=\"#2B2B2B\"><\/circle>\n<\/svg>\n<\/span>\n<\/span>","height_icon":20,"spacing_left":0,"spacing_right":0,"spacing_left_mobile":0,"spacing_right_mobile":0}},"text_rNTMED":{"type":"text","settings":{"text":"24\/7 Support","text_size":100,"text_color":"primary","spacing_left":0,"spacing_right":0,"spacing_left_mobile":0,"spacing_right_mobile":0}}},"block_order":["text_QwwDnJ","icon_Mi6Wja","text_XnM77N","icon_NXtdTC","text_yf6AAA","icon_PhRAAw","text_rNTMED"],"settings":{"show_border":false,"speed":20,"direction":"right","pause_hover":true,"bg_light":"#f4f4f2","color_text_light":"rgba(0,0,0,0)","color_text_light_2":"rgba(0,0,0,0)","bg_dark":"rgba(0,0,0,0)","color_text_dark":"rgba(0,0,0,0)","color_text_dark_2":"rgba(0,0,0,0)","space_block":20,"padding_top":20,"padding_bottom":20,"space_block_mobile":20,"padding_top_mobile":20,"padding_bottom_mobile":20}}},"order":["main","slideshow_ABMMWV","featured_collection_pypqkq","rich_text_8VXBii","shop_the_look_VAXgH4","media_gallery_63Nbkf","featured_collection_wECz9H","logo_list_gcgwL4","testimonials_zwgzMT","image_with_text_cFMewe","image_with_text_ee6aid","rich_text_NVHxVQ","text_column_with_image_4D8Fen","rich_text_6p8KhM","media_gallery_nkUUaH","featured_collection_dVfbEy","featured_blog_E8xQBF","media_gallery_QDCtni","scrolling_banner_hjWMjY"]}