{"sections":{"promotion-banner":{"type":"promotion-banner","blocks":{"text":{"type":"image_banner","settings":{"heading":"FAQs","heading_size":170,"heading_tag":"h2","subheading":"","text":"Answers to Your Questions","text_size":130,"content_box_type":"square","add_frame":false,"color_content_box_light":"rgba(0,0,0,0)","color_content_box_dark":"rgba(0,0,0,0)"}}},"block_order":["text"],"disabled":true,"settings":{"heading":"Promotion Banner","image_link":"","open_new_window":false,"image_overlay_opacity":20,"content_position":"center","content_horizontal":50,"content_vertical":50,"position_content_mobile":"center","content_alignment":"center","show_hero":false,"full_width":true,"padding_full_width":false,"rounded_corner_image":false,"desktop_height":"450px","padding_top":0,"padding_bottom":0,"full_width_mobile":true,"rounded_corner_image_mobile":false,"mobile_height":"250px","padding_top_mobile":0,"padding_bottom_mobile":0}},"main":{"type":"main-page","disabled":true,"settings":{"show_heading":false,"heading_size":100,"heading_tag":"h1","show_breadcrumbs":true,"show_breadcrumbs_border":false,"full_width_breadcrumb":true,"desktop_content_alignment":"text-left","mobile_content_alignment":"text-left","background_color_light":"#f2f2f2","text_color_light":"rgba(0,0,0,0)","textlink_color_light":"rgba(0,0,0,0)","background_color_dark":"#313131","text_color_dark":"rgba(0,0,0,0)","textlink_color_dark":"rgba(0,0,0,0)","padding_top":0,"padding_bottom":0,"padding_top_mobile":0,"padding_bottom_mobile":0}},"faq":{"type":"faq","blocks":{"block-1":{"type":"frequently_asked_question","settings":{"icon":"faq","custom_icon":"","heading":"How do I place an order?","row_content":"<p>To place an order, browse our products on our website, add your desired items to the cart, and proceed to checkout. Follow the prompts to enter your shipping and payment information.<\/p>"}},"block-2":{"type":"frequently_asked_question","settings":{"icon":"faq","custom_icon":"","heading":"Frequently asked question","row_content":"<p>Use this text to answer questions in as much detail as possible for your customers.<\/p>"}},"block-3":{"type":"frequently_asked_question","settings":{"icon":"faq","custom_icon":"","heading":"Frequently asked question","row_content":"<p>Use this text to answer questions in as much detail as possible for your customers.<\/p>"}},"block-4":{"type":"frequently_asked_question","settings":{"icon":"faq","custom_icon":"","heading":"Frequently asked question","row_content":"<p>Use this text to answer questions in as much detail as possible for your customers.<\/p>"}}},"block_order":["block-1","block-2","block-3","block-4"],"settings":{"heading":"Ordering, Payments, and Discounts","heading_size":100,"heading_tag":"h2","heading_alignment":"left","row_background":true,"collapsible":true,"show_view_all":false,"view_all_position":"top","button_link":"","open_new_window":false,"background_color_light":"#ffffff","background_color_dark":"#ffffff","enable_microdata_schema":true,"desktop_layout":"1","image_alignment":"left","desktop_height":"400px","show_section_divider":false,"make_full_page_width":false,"padding_top":56,"padding_bottom":100,"image_alignment_mobile":"left","mobile_height":"250px","show_section_divider_mobile":false,"padding_top_mobile":20,"padding_bottom_mobile":64}},"image-with-text":{"type":"image-with-text","blocks":{"heading":{"type":"heading","settings":{"subheading":"","heading":"Frequently asked questions","heading_base_size":90,"heading_tag":"h2","text":"<p>Can’t find what you are looking for?Our people are here to help you?<\/p>","read_more_label":"Read more","heading_light":"rgba(0,0,0,0)","text_light":"rgba(0,0,0,0)","heading_dark":"rgba(0,0,0,0)","text_dark":"rgba(0,0,0,0)"}},"button":{"type":"button","settings":{"button_label":"Contact us","button_link":"","open_new_window":false,"show_button_style":"primary","button_light":"rgba(0,0,0,0)","button_text_light":"rgba(0,0,0,0)","button_hover_light":"rgba(0,0,0,0)","button_text_hover_light":"rgba(0,0,0,0)","secondary_button_light":"rgba(0,0,0,0)","secondary_button_text_light":"rgba(0,0,0,0)","button_dark":"rgba(0,0,0,0)","button_text_dark":"rgba(0,0,0,0)","button_hover_dark":"rgba(0,0,0,0)","button_text_hover_dark":"rgba(0,0,0,0)","secondary_button_dark":"rgba(0,0,0,0)","secondary_button_text_dark":"rgba(0,0,0,0)"}}},"block_order":["heading","button"],"settings":{"video_url":"","video_alt_text":"","enable_video_autoplay":false,"desktop_height":"450px","mobile_height":"400px","desktop_image_width":"medium","image_layout":"normal","image_corner_radius":0,"content_layout":"no-overlap","spacing_image":false,"text_position":"center","text_alignment":"start","background_color_light":"#f6f6f6","background_color_dark":"#2a2a2a","image_alignment":"left","full_width":false,"top_padding":28,"bottom_padding":52,"image_alignment_mobile":"left","full_width_mobile":true,"top_padding_mobile":0,"bottom_padding_mobile":0}}},"order":["promotion-banner","main","faq","image-with-text"]}