{"sections":{"main":{"type":"main-page","disabled":true,"settings":{"show_heading":true,"heading_size":170,"show_breadcrumbs":true,"show_breadcrumbs_border":false,"full_width_breadcrumb":true,"desktop_content_alignment":"text-left","mobile_content_alignment":"text-left","background_color_light":"#f2f2f2","text_color_light":"rgba(0,0,0,0)","textlink_color_light":"rgba(0,0,0,0)","background_color_dark":"#313131","text_color_dark":"rgba(0,0,0,0)","textlink_color_dark":"rgba(0,0,0,0)","padding_top":28,"padding_bottom":28,"padding_top_mobile":20,"padding_bottom_mobile":20}},"fe5dccd3-17fd-4fd3-ada9-a0e11305981c":{"type":"slideshow","blocks":{"template--21828924539181__fe5dccd3-17fd-4fd3-ada9-a0e11305981c-slide-1":{"type":"slide","settings":{"overlay_opacity":0,"subheading":"UP TO 30% OFF","heading":"MASTERING THE ART OF SKIN CARE","heading_size":170,"text":"","button_label_1":"New Arrival","button_link_1":"","open_new_window_button":false,"button_label_2":"Shop All","button_link_2":"","open_new_window_button_2":false,"content_alignment":"middle-left","custom_horizontal":50,"custom_vertical":50,"alignment":"center","color_text":"rgba(0,0,0,0)","color_button":"#ffffff","color_text_button":"#000000","color_button_hover":"rgba(0,0,0,0)","color_text_button_hover":"rgba(0,0,0,0)","color_button_secondary":"rgba(0,0,0,0)","secondary_button_text":"#ffffff"}},"971b1015-ef28-4d4a-a43c-646bfd6da4a0":{"type":"slide","settings":{"overlay_opacity":0,"subheading":"UP TO 30% OFF","heading":"MASTERING THE ART OF SKIN CARE","heading_size":170,"text":"<p>Tell your brand's story through images<\/p>","button_label_1":"New Arrival","button_link_1":"","open_new_window_button":false,"button_label_2":"Shop All","button_link_2":"","open_new_window_button_2":false,"content_alignment":"middle-center","custom_horizontal":50,"custom_vertical":50,"alignment":"center","color_text":"rgba(0,0,0,0)","color_button":"#ffffff","color_text_button":"#000000","color_button_hover":"rgba(0,0,0,0)","color_text_button_hover":"rgba(0,0,0,0)","color_button_secondary":"rgba(0,0,0,0)","secondary_button_text":"#ffffff"}}},"block_order":["template--21828924539181__fe5dccd3-17fd-4fd3-ada9-a0e11305981c-slide-1","971b1015-ef28-4d4a-a43c-646bfd6da4a0"],"settings":{"show_hero":false,"auto_play":true,"change_slides_speed":5,"show_arrow":false,"slider_visual":"bars","transition_style":"fade","full_width":true,"padding_full_width":false,"rounded_corner_image":false,"desktop_height":"natural","padding_top":0,"padding_bottom":92,"full_width_mobile":true,"rounded_corner_image_mobile":false,"mobile_height":"500","padding_top_mobile":0,"padding_bottom_mobile":20}},"e32885d8-0a8f-4c4f-8801-377d01cb7656":{"type":"featured-collection","blocks":{"template--21828924539181__e32885d8-0a8f-4c4f-8801-377d01cb7656-collection-1":{"type":"collection","settings":{"collection":"","show_description":true,"description":"","show_vendor":false,"show_rating":false,"show_quickview":true,"show_promotion":false,"promotion_position":"left","card_link":"","open_new_window":false,"enable_text_overlay":false,"overlay_opacity":0,"image_ratio":"100","heading":"Featured collection","heading_size":70,"content":"<p>10% OFF<\/p>","text_size":100,"content_alignment":"center","content_position":"bottom","button_label":"See more","button_link":"","open_new_window_button":false,"background_color":"rgba(0,0,0,0)","color_text":"rgba(0,0,0,0)","color_button":"rgba(0,0,0,0)","color_text_button":"rgba(0,0,0,0)","color_button_hover":"rgba(0,0,0,0)","color_text_button_hover":"rgba(0,0,0,0)","color_button_secondary":"rgba(0,0,0,0)","secondary_button_text":"rgba(0,0,0,0)"}}},"block_order":["template--21828924539181__e32885d8-0a8f-4c4f-8801-377d01cb7656-collection-1"],"settings":{"title":"POPULAR COSMETICS","heading_size":100,"heading_alignment":"center","subheading":"DISCOVER THIS WEEK’S","text":"","show_view_all":false,"view_all_position":"top","title_size":120,"title_style":"none","enable_desktop_slider":false,"swiper_on_mobile":false,"auto_play":false,"change_slides_speed":5,"columns_desktop":4,"rows_desktop":1,"spacing":30,"full_width":true,"show_section_divider":false,"padding_top":0,"padding_bottom":100,"columns_mobile":"1","spacing_mobile":16,"full_width_mobile":false,"show_section_divider_mobile":false,"padding_top_mobile":44,"padding_bottom_mobile":28}},"4352d226-8e70-4b9d-94d5-8f8b0e27084b":{"type":"media-gallery","blocks":{"template--21828924539181__4352d226-8e70-4b9d-94d5-8f8b0e27084b-media-1":{"type":"media","settings":{"image_link":"","open_new_window":false,"video_url":"","enable_video_autoplay":true,"video_alt_text":"","enable_content_overlay":true,"content_position":"bottom","overlay_opacity":0,"number_of_columns":1,"number_of_row":1,"icon":"none","custom_icon":"","icon_size":45,"sub_title":"","title":"","title_size":80,"text":"","text_size":130,"text_align":"center","media_position":"top","button_label":"Skin Care","button_link":"","open_new_window_button":false,"color_overlay":"rgba(0,0,0,0)","title_color":"rgba(0,0,0,0)","text_color":"rgba(0,0,0,0)","color_button":"#000000","background_button":"#ffffff","color_button_hover":"rgba(0,0,0,0)","background_button_hover":"rgba(0,0,0,0)","color_button_secondary":"rgba(0,0,0,0)","secondary_button_text":"rgba(0,0,0,0)"}},"template--21828924539181__4352d226-8e70-4b9d-94d5-8f8b0e27084b-media-2":{"type":"media","settings":{"image_link":"","open_new_window":false,"video_url":"","enable_video_autoplay":true,"video_alt_text":"","enable_content_overlay":true,"content_position":"bottom","overlay_opacity":0,"number_of_columns":1,"number_of_row":1,"icon":"none","custom_icon":"","icon_size":45,"sub_title":"","title":"","title_size":80,"text":"","text_size":130,"text_align":"center","media_position":"top","button_label":"Moisturizing","button_link":"","open_new_window_button":false,"color_overlay":"rgba(0,0,0,0)","title_color":"rgba(0,0,0,0)","text_color":"rgba(0,0,0,0)","color_button":"#000000","background_button":"#ffffff","color_button_hover":"rgba(0,0,0,0)","background_button_hover":"rgba(0,0,0,0)","color_button_secondary":"rgba(0,0,0,0)","secondary_button_text":"rgba(0,0,0,0)"}},"template--21828924539181__4352d226-8e70-4b9d-94d5-8f8b0e27084b-media-3":{"type":"media","settings":{"image_link":"","open_new_window":false,"video_url":"","enable_video_autoplay":true,"video_alt_text":"","enable_content_overlay":true,"content_position":"bottom","overlay_opacity":0,"number_of_columns":1,"number_of_row":1,"icon":"none","custom_icon":"","icon_size":45,"sub_title":"","title":"","title_size":80,"text":"","text_size":130,"text_align":"center","media_position":"top","button_label":"Body Care","button_link":"","open_new_window_button":false,"color_overlay":"rgba(0,0,0,0)","title_color":"rgba(0,0,0,0)","text_color":"rgba(0,0,0,0)","color_button":"#000000","background_button":"#ffffff","color_button_hover":"#000000","background_button_hover":"rgba(0,0,0,0)","color_button_secondary":"rgba(0,0,0,0)","secondary_button_text":"rgba(0,0,0,0)"}},"db5d4772-95e7-4d11-8e89-fc1fca790d75":{"type":"media","settings":{"image_link":"","open_new_window":false,"video_url":"","enable_video_autoplay":true,"video_alt_text":"","enable_content_overlay":true,"content_position":"bottom","overlay_opacity":0,"number_of_columns":1,"number_of_row":1,"icon":"none","custom_icon":"","icon_size":45,"sub_title":"","title":"","title_size":80,"text":"","text_size":130,"text_align":"center","media_position":"top","button_label":"White Skin","button_link":"","open_new_window_button":false,"color_overlay":"rgba(0,0,0,0)","title_color":"rgba(0,0,0,0)","text_color":"rgba(0,0,0,0)","color_button":"#000000","background_button":"#ffffff","color_button_hover":"rgba(0,0,0,0)","background_button_hover":"rgba(0,0,0,0)","color_button_secondary":"rgba(0,0,0,0)","secondary_button_text":"rgba(0,0,0,0)"}},"0cb13a19-ea92-4595-ac00-a59b7b26b6ed":{"type":"media","settings":{"image_link":"","open_new_window":false,"video_url":"","enable_video_autoplay":true,"video_alt_text":"","enable_content_overlay":true,"content_position":"top","overlay_opacity":0,"number_of_columns":2,"number_of_row":1,"icon":"none","custom_icon":"","icon_size":45,"sub_title":"","title":"Skin Restoration","title_size":80,"text":"<p>A Puffer Jacket For Your Skin.<\/p>","text_size":130,"text_align":"left","media_position":"top","button_label":"","button_link":"","open_new_window_button":false,"color_overlay":"rgba(0,0,0,0)","title_color":"rgba(0,0,0,0)","text_color":"rgba(0,0,0,0)","color_button":"rgba(0,0,0,0)","background_button":"rgba(0,0,0,0)","color_button_hover":"rgba(0,0,0,0)","background_button_hover":"rgba(0,0,0,0)","color_button_secondary":"rgba(0,0,0,0)","secondary_button_text":"rgba(0,0,0,0)"}},"d88ef804-fb08-47c7-a7f2-50d8e695853b":{"type":"media","settings":{"image_link":"","open_new_window":false,"video_url":"","enable_video_autoplay":true,"video_alt_text":"","enable_content_overlay":true,"content_position":"top","overlay_opacity":0,"number_of_columns":2,"number_of_row":1,"icon":"none","custom_icon":"","icon_size":45,"sub_title":"","title":"Daily Sunscreen","title_size":80,"text":"<p>Lightweight And Undetectable<\/p>","text_size":130,"text_align":"left","media_position":"top","button_label":"","button_link":"","open_new_window_button":false,"color_overlay":"rgba(0,0,0,0)","title_color":"#ffffff","text_color":"#ffffff","color_button":"rgba(0,0,0,0)","background_button":"rgba(0,0,0,0)","color_button_hover":"rgba(0,0,0,0)","background_button_hover":"rgba(0,0,0,0)","color_button_secondary":"rgba(0,0,0,0)","secondary_button_text":"rgba(0,0,0,0)"}}},"block_order":["template--21828924539181__4352d226-8e70-4b9d-94d5-8f8b0e27084b-media-1","template--21828924539181__4352d226-8e70-4b9d-94d5-8f8b0e27084b-media-2","template--21828924539181__4352d226-8e70-4b9d-94d5-8f8b0e27084b-media-3","db5d4772-95e7-4d11-8e89-fc1fca790d75","0cb13a19-ea92-4595-ac00-a59b7b26b6ed","d88ef804-fb08-47c7-a7f2-50d8e695853b"],"settings":{"heading":"FEATURED CATEGORIES","heading_size":100,"heading_alignment":"center","subheading":"DISCOVER THIS WEEK’S","text":"","max_columns":4,"spacing":30,"height_desktop":300,"show_section_divider":false,"full_width":true,"padding_full_width":true,"padding_top":0,"padding_bottom":100,"min_columns_mobile":"1","spacing_mobile":16,"height_mobile":250,"show_section_divider_mobile":false,"full_width_mobile":false,"padding_top_mobile":16,"padding_bottom_mobile":44}},"5493b371-fcfe-444c-962d-192e9f353ea4":{"type":"multicolumn","blocks":{"template--21829375295789__5493b371-fcfe-444c-962d-192e9f353ea4-column-1":{"type":"column","settings":{"icon":"truck","custom_icon":"","title":"SKINCARE BENEFITS","title_link":"","open_new_window":false,"heading_size":100,"text":"<p>EWG VERIFIED™, made with 99.9%+ natural origin ingredients* including phytoglycogen.<\/p>"}},"template--21829375295789__5493b371-fcfe-444c-962d-192e9f353ea4-column-2":{"type":"column","settings":{"icon":"truck","custom_icon":"","title":"PLASTIC-FREE MAKEUP","title_link":"","open_new_window":false,"heading_size":100,"text":"<p>Eco-innovative plastic-free packaging made from FSC-certified biodegradable cardboard.<\/p>"}},"template--21829375295789__5493b371-fcfe-444c-962d-192e9f353ea4-column-3":{"type":"column","settings":{"icon":"truck","custom_icon":"","title":"NATURAL GLOWY LOOK","title_link":"","open_new_window":false,"heading_size":100,"text":"<p>EWG VERIFIED™, made with 99.9%+ natural origin ingredients* including phytoglycogen.<\/p>"}},"template--21829375295789__5493b371-fcfe-444c-962d-192e9f353ea4-column-4":{"type":"column","settings":{"icon":"truck","custom_icon":"","title":"SWIPE, BLEND, GO","title_link":"","open_new_window":false,"heading_size":100,"text":"<p>Buildable makeup sticks that blend naturally for all skin tones. Swipe, blend, go!<\/p>"}}},"block_order":["template--21829375295789__5493b371-fcfe-444c-962d-192e9f353ea4-column-1","template--21829375295789__5493b371-fcfe-444c-962d-192e9f353ea4-column-2","template--21829375295789__5493b371-fcfe-444c-962d-192e9f353ea4-column-3","template--21829375295789__5493b371-fcfe-444c-962d-192e9f353ea4-column-4"],"settings":{"title":"","heading_size":100,"secondary_background":"section","border_column":"none","column_content_alignment":"center","icon_position":"above","icon_size":45,"enable_desktop_slider":true,"swiper_on_mobile":true,"change_bar_every":5,"background_color_light":"#eae1d2","heading_light":"#242424","text_light":"#242424","line_border_light":"rgba(0,0,0,0)","color_icon_light":"#6b7050","background_color_dark":"#3a3a3a","heading_dark":"#ffffff","text_dark":"#898989","line_border_dark":"rgba(0,0,0,0)","color_icon_dark":"#6b7050","column_layout_desktop":"lg:w-1\/4","section_height_desktop":"md:py-7","spacing_desktop":28,"full_width":false,"padding_full_width":false,"show_section_divider":false,"padding_top":28,"padding_bottom":28,"column_layout_mobile":"w-full","section_height_mobile":"py-5","spacing_mobile":16,"full_width_mobile":false,"show_section_divider_mobile":false,"padding_top_mobile":20,"padding_bottom_mobile":20}},"49bf70fc-7d8d-43ff-9731-590eef50fbf6":{"type":"collection-list-carousel","blocks":{"template--21829375295789__49bf70fc-7d8d-43ff-9731-590eef50fbf6-featured_collection-1":{"type":"featured_collection","settings":{"collection":"","use_collection_description":false,"custom_text":"<p>Intensely hydrates and fights signs of aging like wrinkles and fine lines<\/p>","image_overlay_opacity":0,"button_label":"Shop Now","open_new_window_button":false,"color_text":"#ffffff","color_text_button":"#000000","color_button":"#ffffff","color_text_button_hover":"rgba(0,0,0,0)","color_button_hover":"rgba(0,0,0,0)","color_button_secondary":"rgba(0,0,0,0)","secondary_button_text":"rgba(0,0,0,0)"}},"template--21829375295789__49bf70fc-7d8d-43ff-9731-590eef50fbf6-featured_collection-2":{"type":"featured_collection","settings":{"collection":"","use_collection_description":false,"custom_text":"<p>Restore, soothe, and calm sensitivity while fighting signs of aging.<\/p>","image_overlay_opacity":0,"button_label":"Shop Now","open_new_window_button":false,"color_text":"#ffffff","color_text_button":"#000000","color_button":"#ffffff","color_text_button_hover":"rgba(0,0,0,0)","color_button_hover":"rgba(0,0,0,0)","color_button_secondary":"rgba(0,0,0,0)","secondary_button_text":"rgba(0,0,0,0)"}},"template--21829375295789__49bf70fc-7d8d-43ff-9731-590eef50fbf6-featured_collection-3":{"type":"featured_collection","settings":{"collection":"","use_collection_description":false,"custom_text":"<p>Fight breakouts and wrinkles for your clearest, most gorgeous skin.<\/p>","image_overlay_opacity":0,"button_label":"Shop Now","open_new_window_button":false,"color_text":"#ffffff","color_text_button":"#000000","color_button":"#ffffff","color_text_button_hover":"rgba(0,0,0,0)","color_button_hover":"rgba(0,0,0,0)","color_button_secondary":"rgba(0,0,0,0)","secondary_button_text":"rgba(0,0,0,0)"}},"50866e56-24a6-4aed-9df2-4766245eda4e":{"type":"featured_collection","settings":{"collection":"","use_collection_description":false,"custom_text":"<p>Fight breakouts and wrinkles for your clearest, most gorgeous skin.<\/p>","image_overlay_opacity":0,"button_label":"Shop Now","open_new_window_button":false,"color_text":"#ffffff","color_text_button":"#000000","color_button":"#ffffff","color_text_button_hover":"rgba(0,0,0,0)","color_button_hover":"rgba(0,0,0,0)","color_button_secondary":"rgba(0,0,0,0)","secondary_button_text":"rgba(0,0,0,0)"}}},"block_order":["template--21829375295789__49bf70fc-7d8d-43ff-9731-590eef50fbf6-featured_collection-1","template--21829375295789__49bf70fc-7d8d-43ff-9731-590eef50fbf6-featured_collection-2","template--21829375295789__49bf70fc-7d8d-43ff-9731-590eef50fbf6-featured_collection-3","50866e56-24a6-4aed-9df2-4766245eda4e"],"settings":{"heading":"CLINICALLY PROVEN RESULTS","heading_size":100,"text":"<p>Our clean and sustainable products are clinically proven to work at the highest standards.<\/p>","heading_alignment":"center","card_image_ratio":"133","image_ratio":"3\/4","title_size":80,"content_alignment":"left","columns_desktop":3,"columns_mobile":"2","promotion_position":"left","spacing":4,"show_section_divider":false,"full_width":false,"padding_top":100,"padding_bottom":100,"promotion_position_mobile":"above","spacing_mobile":4,"show_section_divider_mobile":false,"full_width_mobile":false,"padding_top_mobile":40,"padding_bottom_mobile":28}},"collage-aca5-a42a85b71d86":{"type":"collage","blocks":{"57ce0b54-e71f-4fe1-900c-12e795e7ce1a":{"type":"image","settings":{"overlay_opacity":0,"image_link":"","open_new_window":false,"image_padding":false,"number_of_columns":2,"number_of_row":2,"title":"","title_size":80,"text":"","text_size":100,"button_label":"","button_link":"","open_new_window_button":false,"text_align":"center","content_position":"center","title_color":"rgba(0,0,0,0)","text_color":"rgba(0,0,0,0)","color_button":"rgba(0,0,0,0)","color_text_button":"rgba(0,0,0,0)","color_button_hover":"rgba(0,0,0,0)","color_text_button_hover":"rgba(0,0,0,0)","color_button_secondary":"rgba(0,0,0,0)","secondary_button_text":"rgba(0,0,0,0)"}},"template--21828924539181__31318fc4-4c4e-4f2e-aca5-a42a85b71d86-product-1":{"type":"product","settings":{"product":"","show_quickview":true,"info_alignment":"center","desktop_size":"large","number_of_columns":1,"number_of_row":1}},"95e16f52-9d60-462b-b185-c91fb31cc11c":{"type":"product","settings":{"product":"","show_quickview":true,"info_alignment":"center","desktop_size":"large","number_of_columns":1,"number_of_row":1}},"896cd81c-7b24-4161-90c6-659a182e1734":{"type":"product","settings":{"product":"","show_quickview":true,"info_alignment":"center","desktop_size":"large","number_of_columns":1,"number_of_row":1}},"8faff488-e22e-482e-8e8a-191fa1386524":{"type":"product","settings":{"product":"","show_quickview":true,"info_alignment":"center","desktop_size":"large","number_of_columns":1,"number_of_row":1}}},"block_order":["57ce0b54-e71f-4fe1-900c-12e795e7ce1a","template--21828924539181__31318fc4-4c4e-4f2e-aca5-a42a85b71d86-product-1","95e16f52-9d60-462b-b185-c91fb31cc11c","896cd81c-7b24-4161-90c6-659a182e1734","8faff488-e22e-482e-8e8a-191fa1386524"],"settings":{"heading":"EXCLUSIVELY FOR YOU","heading_size":100,"heading_alignment":"center","subheading":"DISCOVER THIS WEEK’S","text":"","background_color_light":"rgba(0,0,0,0)","background_color_dark":"rgba(0,0,0,0)","show_vendor":false,"show_rating":false,"max_columns":4,"spacing":30,"full_width":true,"show_section_divider":false,"padding_top":0,"padding_bottom":100,"min_columns_mobile":"2","spacing_mobile":20,"full_width_mobile":false,"show_section_divider_mobile":false,"padding_top_mobile":40,"padding_bottom_mobile":32}},"5e1e5bf5-c81b-45dd-ab36-0e564f692a95":{"type":"shop-the-look","blocks":{"template--21828924539181__5e1e5bf5-c81b-45dd-ab36-0e564f692a95-look-1":{"type":"look","settings":{"product":"","color_hotspot":"#ffffff","hotspot_desktop_horizontal":23,"hotspot_desktop_vertical":65,"hotspot_mobile_horizontal":27,"hotspot_mobile_vertical":69}},"template--21828924539181__5e1e5bf5-c81b-45dd-ab36-0e564f692a95-look-3":{"type":"look","settings":{"product":"","color_hotspot":"#ffffff","hotspot_desktop_horizontal":64,"hotspot_desktop_vertical":74,"hotspot_mobile_horizontal":65,"hotspot_mobile_vertical":50}},"80ec1a9a-6c41-41a3-abce-d0530cd8284e":{"type":"look","settings":{"product":"","color_hotspot":"#ffffff","hotspot_desktop_horizontal":37,"hotspot_desktop_vertical":41,"hotspot_mobile_horizontal":81,"hotspot_mobile_vertical":81}},"32e5449c-4bff-411c-86d2-fa99e00916b5":{"type":"look","settings":{"product":"","color_hotspot":"#ffffff","hotspot_desktop_horizontal":55,"hotspot_desktop_vertical":22,"hotspot_mobile_horizontal":49,"hotspot_mobile_vertical":27}}},"block_order":["template--21828924539181__5e1e5bf5-c81b-45dd-ab36-0e564f692a95-look-1","template--21828924539181__5e1e5bf5-c81b-45dd-ab36-0e564f692a95-look-3","80ec1a9a-6c41-41a3-abce-d0530cd8284e","32e5449c-4bff-411c-86d2-fa99e00916b5"],"settings":{"heading":"","heading_size":100,"heading_alignment":"center","image_ratio":"square","info_alignment":"center","desktop_size":"small","show_quickview":true,"show_vendor":false,"show_rating":false,"image_alignment":"layered","full_width":true,"padding_full_width":true,"show_section_divider":false,"desktop_height":"750px","padding_top":0,"padding_bottom":100,"full_width_mobile":false,"show_section_divider_mobile":false,"mobile_height":"400px","padding_top_mobile":40,"padding_bottom_mobile":20}},"54f7b6ce-e4ba-42b3-9550-cde9eb5ab2b4":{"type":"testimonials","blocks":{"template--21828924539181__54f7b6ce-e4ba-42b3-9550-cde9eb5ab2b4-testimonial-1":{"type":"testimonial","settings":{"icon_star":"5_star","custom_icon":"","title":"Great...Highly recommend it.","text":"<p>“ My wife and I have been using the product we bought for several months now. We have found it to be very helpful in keeping our two little guys clean and dry. Everything was easy to use and easy to clean. Attractive flowering variety with striking red undersides. We highly recommend it. ”<\/p>","author":"Advanced retinoid eye balm","author_note":"<p>View Full Product<\/p>"}},"d0b82a1e-a703-4398-b7b5-4e077b5645ab":{"type":"testimonial","settings":{"icon_star":"5_star","custom_icon":"","title":"Great...Highly recommend it.","text":"<p>“ My wife and I have been using the product we bought for several months now. We have found it to be very helpful in keeping our two little guys clean and dry. Everything was easy to use and easy to clean. Attractive flowering variety with striking red undersides. We highly recommend it. ”<\/p>","author":"Advanced retinoid eye balm","author_note":"<p>View Full Product<\/p>"}},"7159ade8-fd43-44fe-bd0e-a3017f6027d2":{"type":"testimonial","settings":{"icon_star":"5_star","custom_icon":"","title":"Great...Highly recommend it.","text":"<p>“ My wife and I have been using the product we bought for several months now. We have found it to be very helpful in keeping our two little guys clean and dry. Everything was easy to use and easy to clean. Attractive flowering variety with striking red undersides. We highly recommend it. ”<\/p>","author":"Advanced retinoid eye balm","author_note":"<p>View Full Product<\/p>"}},"b892a521-c8f7-43f2-a4eb-0daa4e9bac16":{"type":"testimonial","settings":{"icon_star":"5_star","custom_icon":"","title":"Great...Highly recommend it.","text":"<p>“ My wife and I have been using the product we bought for several months now. We have found it to be very helpful in keeping our two little guys clean and dry. Everything was easy to use and easy to clean. Attractive flowering variety with striking red undersides. We highly recommend it. ”<\/p>","author":"Advanced retinoid eye balm","author_note":"<p>View Full Product<\/p>"}}},"block_order":["template--21828924539181__54f7b6ce-e4ba-42b3-9550-cde9eb5ab2b4-testimonial-1","d0b82a1e-a703-4398-b7b5-4e077b5645ab","7159ade8-fd43-44fe-bd0e-a3017f6027d2","b892a521-c8f7-43f2-a4eb-0daa4e9bac16"],"settings":{"heading":"","heading_size":100,"text_alignment":"center","testimonial_items_view":"multiple","show_arrow":true,"show_pagination":true,"show_author_image":true,"author_image":"top","image_ratio":"round","desktop_height":400,"background_color_light":"rgba(0,0,0,0)","item_background_color_light":"#ffffff","heading_and_title_light":"rgba(0,0,0,0)","item_text_color_light":"rgba(0,0,0,0)","background_color_dark":"rgba(0,0,0,0)","item_background_color_dark":"#202020","heading_and_title_dark":"rgba(0,0,0,0)","item_text_color_dark":"rgba(0,0,0,0)","show_section_divider":false,"top_padding":0,"bottom_padding":100,"show_section_divider_mobile":false,"top_padding_mobile":20,"bottom_padding_mobile":20}},"6c240d5b-c5b1-4370-96f5-adff063eb83e":{"type":"image-comparison","settings":{"heading":"","heading_base_size":100,"layout_comparison":"horizontal","desktop_height":"750px","mobile_height":"400px","image_corner_radius":0,"heading_before_image":"Before","heading_base_size_before_image":100,"heading_before_image_position":"top","heading_after_image":"After","heading_base_size_after_image":100,"heading_after_image_position":"top","heading_color":"#67595e","background_color":"#ffffff","heading_color_dark":"#67595e","background_color_dark":"#ffffff","full_width":true,"padding_full_width":true,"show_section_divider":false,"top_padding":0,"bottom_padding":100,"full_width_mobile":false,"show_section_divider_mobile":false,"top_padding_mobile":40,"bottom_padding_mobile":40}},"31318fc4-4c4e-4f2e-aca5-a42a85b71d86":{"type":"collage","blocks":{"57ce0b54-e71f-4fe1-900c-12e795e7ce1a":{"type":"image","settings":{"overlay_opacity":0,"image_link":"","open_new_window":false,"image_padding":false,"number_of_columns":1,"number_of_row":1,"title":"Perfect Vitamin C serumfor the Whole Family","title_size":80,"text":"<p>This waterless product contains water-soluble vitamin C powder, activated upon contact with skin moisture. Each use delivers instant radiance and forms a protective barrier, promoting a brighter and firmer complexion.<\/p>","text_size":100,"button_label":"","button_link":"","open_new_window_button":false,"text_align":"left","content_position":"bottom","title_color":"#ffffff","text_color":"#ffffff","color_button":"rgba(0,0,0,0)","color_text_button":"rgba(0,0,0,0)","color_button_hover":"rgba(0,0,0,0)","color_text_button_hover":"rgba(0,0,0,0)","color_button_secondary":"rgba(0,0,0,0)","secondary_button_text":"rgba(0,0,0,0)"}},"8faff488-e22e-482e-8e8a-191fa1386524":{"type":"product","settings":{"product":"","show_quickview":true,"info_alignment":"center","desktop_size":"small","number_of_columns":1,"number_of_row":1}}},"block_order":["57ce0b54-e71f-4fe1-900c-12e795e7ce1a","8faff488-e22e-482e-8e8a-191fa1386524"],"settings":{"heading":"","heading_size":100,"heading_alignment":"center","subheading":"","text":"","background_color_light":"rgba(0,0,0,0)","background_color_dark":"rgba(0,0,0,0)","show_vendor":false,"show_rating":false,"max_columns":2,"spacing":0,"full_width":true,"show_section_divider":false,"padding_top":0,"padding_bottom":0,"min_columns_mobile":"1","spacing_mobile":20,"full_width_mobile":false,"show_section_divider_mobile":false,"padding_top_mobile":0,"padding_bottom_mobile":0}},"57f62b09-78c6-4493-8b06-5e856d0a5da6":{"type":"collage","blocks":{"584a7402-e7ec-4ad8-b443-4e0ba55f2372":{"type":"product","settings":{"product":"","show_quickview":true,"info_alignment":"center","desktop_size":"small","number_of_columns":1,"number_of_row":1}},"a480cae4-374f-47a0-9601-f6419fc30db9":{"type":"image","settings":{"overlay_opacity":0,"image_link":"","open_new_window":false,"image_padding":false,"number_of_columns":1,"number_of_row":1,"title":"Perfect Vitamin C serumfor the Whole Family","title_size":80,"text":"<p>This waterless product contains water-soluble vitamin C powder, activated upon contact with skin moisture. Each use delivers instant radiance and forms a protective barrier, promoting a brighter and firmer complexion.<\/p>","text_size":100,"button_label":"","button_link":"","open_new_window_button":false,"text_align":"left","content_position":"bottom","title_color":"#ffffff","text_color":"#ffffff","color_button":"rgba(0,0,0,0)","color_text_button":"rgba(0,0,0,0)","color_button_hover":"rgba(0,0,0,0)","color_text_button_hover":"rgba(0,0,0,0)","color_button_secondary":"rgba(0,0,0,0)","secondary_button_text":"rgba(0,0,0,0)"}}},"block_order":["584a7402-e7ec-4ad8-b443-4e0ba55f2372","a480cae4-374f-47a0-9601-f6419fc30db9"],"settings":{"heading":"","heading_size":100,"heading_alignment":"center","subheading":"","text":"","background_color_light":"rgba(0,0,0,0)","background_color_dark":"rgba(0,0,0,0)","show_vendor":false,"show_rating":false,"max_columns":2,"spacing":0,"full_width":true,"show_section_divider":false,"padding_top":0,"padding_bottom":100,"min_columns_mobile":"1","spacing_mobile":20,"full_width_mobile":false,"show_section_divider_mobile":false,"padding_top_mobile":0,"padding_bottom_mobile":100}},"ec753deb-9b85-432b-ad75-2c2fd240c350":{"type":"media-gallery","blocks":{"template--21828924539181__ec753deb-9b85-432b-ad75-2c2fd240c350-media-2":{"type":"media","settings":{"image_link":"","open_new_window":false,"video_url":"","enable_video_autoplay":true,"video_alt_text":"","enable_content_overlay":true,"content_position":"center","overlay_opacity":0,"number_of_columns":2,"number_of_row":1,"icon":"none","custom_icon":"","icon_size":45,"sub_title":"","title":"","title_size":80,"text":"<h2>Follow us on<\/h2><h2>Instagram<\/h2>","text_size":130,"text_align":"right","media_position":"top","button_label":"Follow @Eurus","button_link":"","open_new_window_button":false,"color_overlay":"rgba(0,0,0,0)","title_color":"#ffffff","text_color":"rgba(0,0,0,0)","color_button":"#000000","background_button":"#ffffff","color_button_hover":"rgba(0,0,0,0)","background_button_hover":"rgba(0,0,0,0)","color_button_secondary":"rgba(0,0,0,0)","secondary_button_text":"rgba(0,0,0,0)"}},"template--21828924539181__ec753deb-9b85-432b-ad75-2c2fd240c350-media-3":{"type":"media","settings":{"image_link":"","open_new_window":false,"video_url":"","enable_video_autoplay":true,"video_alt_text":"","enable_content_overlay":true,"content_position":"center","overlay_opacity":0,"number_of_columns":1,"number_of_row":1,"icon":"none","custom_icon":"","icon_size":45,"sub_title":"","title":"","title_size":80,"text":"","text_size":130,"text_align":"center","media_position":"top","button_label":"","button_link":"","open_new_window_button":false,"color_overlay":"rgba(0,0,0,0)","title_color":"rgba(0,0,0,0)","text_color":"rgba(0,0,0,0)","color_button":"rgba(0,0,0,0)","background_button":"rgba(0,0,0,0)","color_button_hover":"rgba(0,0,0,0)","background_button_hover":"rgba(0,0,0,0)","color_button_secondary":"rgba(0,0,0,0)","secondary_button_text":"rgba(0,0,0,0)"}},"e201a23e-7152-431b-bd6e-681a502ff504":{"type":"media","settings":{"image_link":"","open_new_window":false,"video_url":"","enable_video_autoplay":true,"video_alt_text":"","enable_content_overlay":true,"content_position":"center","overlay_opacity":0,"number_of_columns":1,"number_of_row":1,"icon":"none","custom_icon":"","icon_size":45,"sub_title":"","title":"","title_size":80,"text":"","text_size":130,"text_align":"center","media_position":"top","button_label":"","button_link":"","open_new_window_button":false,"color_overlay":"rgba(0,0,0,0)","title_color":"rgba(0,0,0,0)","text_color":"rgba(0,0,0,0)","color_button":"rgba(0,0,0,0)","background_button":"rgba(0,0,0,0)","color_button_hover":"rgba(0,0,0,0)","background_button_hover":"rgba(0,0,0,0)","color_button_secondary":"rgba(0,0,0,0)","secondary_button_text":"rgba(0,0,0,0)"}},"5599b296-b06c-4496-8800-62a2bdab8c49":{"type":"media","settings":{"image_link":"","open_new_window":false,"video_url":"","enable_video_autoplay":true,"video_alt_text":"","enable_content_overlay":true,"content_position":"center","overlay_opacity":0,"number_of_columns":1,"number_of_row":1,"icon":"none","custom_icon":"","icon_size":45,"sub_title":"","title":"","title_size":80,"text":"","text_size":130,"text_align":"center","media_position":"top","button_label":"","button_link":"","open_new_window_button":false,"color_overlay":"rgba(0,0,0,0)","title_color":"rgba(0,0,0,0)","text_color":"rgba(0,0,0,0)","color_button":"rgba(0,0,0,0)","background_button":"rgba(0,0,0,0)","color_button_hover":"rgba(0,0,0,0)","background_button_hover":"rgba(0,0,0,0)","color_button_secondary":"rgba(0,0,0,0)","secondary_button_text":"rgba(0,0,0,0)"}},"18e177f8-e77d-48ba-b580-1d5bff64df63":{"type":"media","settings":{"image_link":"","open_new_window":false,"video_url":"","enable_video_autoplay":true,"video_alt_text":"","enable_content_overlay":true,"content_position":"center","overlay_opacity":0,"number_of_columns":1,"number_of_row":1,"icon":"none","custom_icon":"","icon_size":45,"sub_title":"","title":"","title_size":80,"text":"","text_size":130,"text_align":"center","media_position":"top","button_label":"","button_link":"","open_new_window_button":false,"color_overlay":"rgba(0,0,0,0)","title_color":"rgba(0,0,0,0)","text_color":"rgba(0,0,0,0)","color_button":"rgba(0,0,0,0)","background_button":"rgba(0,0,0,0)","color_button_hover":"rgba(0,0,0,0)","background_button_hover":"rgba(0,0,0,0)","color_button_secondary":"rgba(0,0,0,0)","secondary_button_text":"rgba(0,0,0,0)"}},"9e5a7d5f-cde0-4c24-9e77-505083ab92d0":{"type":"media","settings":{"image_link":"","open_new_window":false,"video_url":"","enable_video_autoplay":true,"video_alt_text":"","enable_content_overlay":true,"content_position":"center","overlay_opacity":0,"number_of_columns":1,"number_of_row":1,"icon":"none","custom_icon":"","icon_size":45,"sub_title":"","title":"","title_size":80,"text":"","text_size":130,"text_align":"center","media_position":"top","button_label":"","button_link":"","open_new_window_button":false,"color_overlay":"rgba(0,0,0,0)","title_color":"rgba(0,0,0,0)","text_color":"rgba(0,0,0,0)","color_button":"rgba(0,0,0,0)","background_button":"rgba(0,0,0,0)","color_button_hover":"rgba(0,0,0,0)","background_button_hover":"rgba(0,0,0,0)","color_button_secondary":"rgba(0,0,0,0)","secondary_button_text":"rgba(0,0,0,0)"}},"b149f9ba-e8aa-448b-94a8-6b44f4947113":{"type":"media","settings":{"image_link":"","open_new_window":false,"video_url":"","enable_video_autoplay":true,"video_alt_text":"","enable_content_overlay":true,"content_position":"center","overlay_opacity":0,"number_of_columns":1,"number_of_row":1,"icon":"none","custom_icon":"","icon_size":45,"sub_title":"","title":"","title_size":80,"text":"","text_size":130,"text_align":"center","media_position":"top","button_label":"","button_link":"","open_new_window_button":false,"color_overlay":"rgba(0,0,0,0)","title_color":"rgba(0,0,0,0)","text_color":"rgba(0,0,0,0)","color_button":"rgba(0,0,0,0)","background_button":"rgba(0,0,0,0)","color_button_hover":"rgba(0,0,0,0)","background_button_hover":"rgba(0,0,0,0)","color_button_secondary":"rgba(0,0,0,0)","secondary_button_text":"rgba(0,0,0,0)"}},"13399efa-f0f5-45ef-a2a4-10275769f165":{"type":"media","settings":{"image_link":"","open_new_window":false,"video_url":"","enable_video_autoplay":true,"video_alt_text":"","enable_content_overlay":true,"content_position":"center","overlay_opacity":0,"number_of_columns":1,"number_of_row":1,"icon":"none","custom_icon":"","icon_size":45,"sub_title":"","title":"","title_size":80,"text":"","text_size":130,"text_align":"center","media_position":"top","button_label":"","button_link":"","open_new_window_button":false,"color_overlay":"rgba(0,0,0,0)","title_color":"rgba(0,0,0,0)","text_color":"rgba(0,0,0,0)","color_button":"rgba(0,0,0,0)","background_button":"rgba(0,0,0,0)","color_button_hover":"rgba(0,0,0,0)","background_button_hover":"rgba(0,0,0,0)","color_button_secondary":"rgba(0,0,0,0)","secondary_button_text":"rgba(0,0,0,0)"}},"60b6b5df-3bed-41f5-99f9-2ff1c08509d9":{"type":"media","settings":{"image_link":"","open_new_window":false,"video_url":"","enable_video_autoplay":true,"video_alt_text":"","enable_content_overlay":true,"content_position":"center","overlay_opacity":0,"number_of_columns":1,"number_of_row":1,"icon":"none","custom_icon":"","icon_size":45,"sub_title":"","title":"","title_size":80,"text":"","text_size":130,"text_align":"center","media_position":"top","button_label":"","button_link":"","open_new_window_button":false,"color_overlay":"rgba(0,0,0,0)","title_color":"rgba(0,0,0,0)","text_color":"rgba(0,0,0,0)","color_button":"rgba(0,0,0,0)","background_button":"rgba(0,0,0,0)","color_button_hover":"rgba(0,0,0,0)","background_button_hover":"rgba(0,0,0,0)","color_button_secondary":"rgba(0,0,0,0)","secondary_button_text":"rgba(0,0,0,0)"}}},"block_order":["template--21828924539181__ec753deb-9b85-432b-ad75-2c2fd240c350-media-2","template--21828924539181__ec753deb-9b85-432b-ad75-2c2fd240c350-media-3","e201a23e-7152-431b-bd6e-681a502ff504","5599b296-b06c-4496-8800-62a2bdab8c49","18e177f8-e77d-48ba-b580-1d5bff64df63","9e5a7d5f-cde0-4c24-9e77-505083ab92d0","b149f9ba-e8aa-448b-94a8-6b44f4947113","13399efa-f0f5-45ef-a2a4-10275769f165","60b6b5df-3bed-41f5-99f9-2ff1c08509d9"],"settings":{"heading":"IMAGE GALLERY","heading_size":100,"heading_alignment":"center","subheading":"","text":"<p>This is an image gallery block but you can use this block as an Instagram Feed by installing an Instagram App.<\/p>","max_columns":5,"spacing":30,"height_desktop":350,"show_section_divider":true,"full_width":true,"padding_full_width":true,"padding_top":0,"padding_bottom":32,"min_columns_mobile":"1","spacing_mobile":16,"height_mobile":250,"show_section_divider_mobile":true,"full_width_mobile":false,"padding_top_mobile":0,"padding_bottom_mobile":28}}},"order":["main","fe5dccd3-17fd-4fd3-ada9-a0e11305981c","e32885d8-0a8f-4c4f-8801-377d01cb7656","4352d226-8e70-4b9d-94d5-8f8b0e27084b","5493b371-fcfe-444c-962d-192e9f353ea4","49bf70fc-7d8d-43ff-9731-590eef50fbf6","collage-aca5-a42a85b71d86","5e1e5bf5-c81b-45dd-ab36-0e564f692a95","54f7b6ce-e4ba-42b3-9550-cde9eb5ab2b4","6c240d5b-c5b1-4370-96f5-adff063eb83e","31318fc4-4c4e-4f2e-aca5-a42a85b71d86","57f62b09-78c6-4493-8b06-5e856d0a5da6","ec753deb-9b85-432b-ad75-2c2fd240c350"]}