{"sections":{"17285973076987fa65":{"type":"apps","blocks":{"conversagent_gqa_block_QBgU4B":{"type":"shopify:\/\/apps\/conversagent\/blocks\/gqa-block\/9dcb9616-f02a-40f7-b434-36f4866f2140","settings":{"gqa_agentName":"Grace","gqa_agentTagLine":"AI Assistant","gqa_waitForGreeting":false,"gqa_isSearchSuggestion":false,"gqa_theme_bodyBg":"#fff","gqa_theme_bodyBorderColor":"#bfbfbf","gqa_theme_msgBubbleUserBg":"#7123c0","gqa_theme_msgBubbleUserTextColor":"#fff","gqa_theme_msgBubbleAgentBg":"#f0f0f0","gqa_theme_msgBubbleAgentTextColor":"#000","gqa_customCSS":""}}},"block_order":["conversagent_gqa_block_QBgU4B"],"settings":{"include_margins":true}},"main":{"type":"main-page","custom_css":[".globo-form-app {border-radius: 12px;}"],"settings":{"show_heading":false,"heading_size":80,"heading_tag":"h1","show_breadcrumbs":false,"show_breadcrumbs_border":false,"full_width_breadcrumb":true,"desktop_content_alignment":"text-center","mobile_content_alignment":"text-center","background_color_light":"#f2f2f2","text_color_light":"rgba(0,0,0,0)","textlink_color_light":"rgba(0,0,0,0)","background_color_dark":"#313131","text_color_dark":"rgba(0,0,0,0)","textlink_color_dark":"rgba(0,0,0,0)","padding_top":28,"padding_bottom":28,"padding_top_mobile":20,"padding_bottom_mobile":20}}},"order":["17285973076987fa65","main"]}