{"sections":{"main":{"type":"main-page","disabled":true,"settings":{"show_heading":true,"heading_size":170,"show_breadcrumbs":true,"show_breadcrumbs_border":false,"full_width_breadcrumb":true,"desktop_content_alignment":"text-left","mobile_content_alignment":"text-left","background_color_light":"#f2f2f2","text_color_light":"rgba(0,0,0,0)","textlink_color_light":"rgba(0,0,0,0)","background_color_dark":"#313131","text_color_dark":"rgba(0,0,0,0)","textlink_color_dark":"rgba(0,0,0,0)","padding_top":28,"padding_bottom":28,"padding_top_mobile":20,"padding_bottom_mobile":20}},"slideshow":{"type":"slideshow","blocks":{"slide-0":{"type":"slide","settings":{"image":"","overlay_opacity":20,"subheading":"UP TO 30% OFF","heading":"Spring Summer Sale","heading_size":150,"text":"","button_label_1":"New Arrival","button_link_1":"","open_new_window_button":false,"button_label_2":"Shop All","button_link_2":"","open_new_window_button_2":false,"content_alignment":"custom","custom_horizontal":35,"custom_vertical":50,"color_text":"rgba(0,0,0,0)","color_button":"#ffffff","color_text_button":"#000000","color_button_hover":"rgba(0,0,0,0)","color_text_button_hover":"rgba(0,0,0,0)","color_button_secondary":"#ffffff"}},"slide-1":{"type":"slide","settings":{"image":"","image_mobile":"","overlay_opacity":20,"subheading":"","heading":"Be New Everyday","heading_size":170,"text":"<p>Streetwear, snickers, and more than just clothes<\/p>","button_label_1":"Shop Men's","button_link_1":"","open_new_window_button":false,"button_label_2":"","button_link_2":"","open_new_window_button_2":false,"content_alignment":"custom","custom_horizontal":22,"custom_vertical":55,"color_text":"rgba(0,0,0,0)","color_button":"#ffffff","color_text_button":"#000000","color_button_hover":"rgba(0,0,0,0)","color_text_button_hover":"rgba(0,0,0,0)","color_button_secondary":"rgba(0,0,0,0)"}},"slide-2":{"type":"slide","settings":{"image":"","image_mobile":"","overlay_opacity":20,"subheading":"","heading":"A Taste For Fashion","heading_size":170,"text":"<p>Tell your story through fashion.<\/p>","button_label_1":"Shop all products","button_link_1":"","open_new_window_button":false,"button_label_2":"","button_link_2":"","open_new_window_button_2":false,"content_alignment":"middle-center","custom_horizontal":50,"custom_vertical":50,"color_text":"rgba(0,0,0,0)","color_button":"#ffffff","color_text_button":"#000000","color_button_hover":"rgba(0,0,0,0)","color_text_button_hover":"rgba(0,0,0,0)","color_button_secondary":"rgba(0,0,0,0)"}}},"block_order":["slide-0","slide-1","slide-2"],"settings":{"show_hero":true,"auto_play":true,"change_slides_speed":10,"show_arrow":false,"slider_visual":"bars","transition_style":"fade","full_width":true,"padding_full_width":false,"rounded_corner_image":false,"desktop_height":"fullscreen","padding_top":0,"padding_bottom":0,"full_width_mobile":true,"rounded_corner_image_mobile":false,"mobile_height":"400","padding_top_mobile":0,"padding_bottom_mobile":0}},"fbdafa00-0127-4b0e-897d-010ee5bb88d1":{"type":"scrolling-banner","blocks":{"template--20617281765677__fbdafa00-0127-4b0e-897d-010ee5bb88d1-text-1":{"type":"text","settings":{"text":"FREE SHIPPING & RETURNS","text_size":130,"spacing_left":0,"spacing_right":0,"spacing_left_mobile":0,"spacing_right_mobile":0}},"template--20617281765677__fbdafa00-0127-4b0e-897d-010ee5bb88d1-text-2":{"type":"text","settings":{"text":"FREE SHIPPING & RETURNS","text_size":130,"spacing_left":0,"spacing_right":0,"spacing_left_mobile":0,"spacing_right_mobile":0}},"ca1785c9-13c1-4672-b840-6d0d1d12df81":{"type":"text","settings":{"text":"FREE SHIPPING & RETURNS","text_size":130,"spacing_left":0,"spacing_right":0,"spacing_left_mobile":0,"spacing_right_mobile":0}},"2d32135c-d5c0-40f3-91d2-b6efe209eb4d":{"type":"text","settings":{"text":"FREE SHIPPING & RETURNS","text_size":130,"spacing_left":0,"spacing_right":0,"spacing_left_mobile":0,"spacing_right_mobile":0}}},"block_order":["template--20617281765677__fbdafa00-0127-4b0e-897d-010ee5bb88d1-text-1","template--20617281765677__fbdafa00-0127-4b0e-897d-010ee5bb88d1-text-2","ca1785c9-13c1-4672-b840-6d0d1d12df81","2d32135c-d5c0-40f3-91d2-b6efe209eb4d"],"settings":{"show_border":false,"speed":30,"direction":"right","pause_hover":false,"bg_light":"#f2f2f2","color_text_light":"#000000","bg_dark":"#f2f2f2","color_text_dark":"#202020","space_block":60,"padding_top":16,"padding_bottom":16,"space_block_mobile":40,"padding_top_mobile":16,"padding_bottom_mobile":16}},"featured_collection":{"type":"featured-collection","blocks":{"collection-0":{"type":"collection","settings":{"collection":"","show_description":false,"description":"","show_vendor":false,"show_rating":true,"show_quickview":true,"show_promotion":false,"promotion_position":"left","card_link":"","open_new_window":false,"enable_text_overlay":false,"overlay_opacity":0,"image_ratio":"100","heading":"Featured collection","heading_size":70,"content":"<p>10% OFF<\/p>","text_size":100,"content_alignment":"center","content_position":"bottom","button_label":"See more","button_link":"","open_new_window_button":false,"background_color":"rgba(0,0,0,0)","color_text":"rgba(0,0,0,0)","color_button":"rgba(0,0,0,0)","color_text_button":"rgba(0,0,0,0)","color_button_hover":"rgba(0,0,0,0)","color_text_button_hover":"rgba(0,0,0,0)","color_button_secondary":"rgba(0,0,0,0)"}},"20ecfd0b-1f74-4e32-bd50-3de18737923b":{"type":"collection","settings":{"collection":"","show_description":false,"description":"","show_vendor":false,"show_rating":false,"show_quickview":true,"show_promotion":false,"promotion_position":"left","card_link":"","open_new_window":false,"enable_text_overlay":false,"overlay_opacity":0,"image_ratio":"100","heading":"Featured collection","heading_size":70,"content":"<p>10% OFF<\/p>","text_size":100,"content_alignment":"center","content_position":"bottom","button_label":"See more","button_link":"","open_new_window_button":false,"background_color":"rgba(0,0,0,0)","color_text":"rgba(0,0,0,0)","color_button":"rgba(0,0,0,0)","color_text_button":"rgba(0,0,0,0)","color_button_hover":"rgba(0,0,0,0)","color_text_button_hover":"rgba(0,0,0,0)","color_button_secondary":"rgba(0,0,0,0)"}},"d1878cf9-cd64-430c-bc0d-6ee6e45a4956":{"type":"collection","settings":{"collection":"","show_description":false,"description":"","show_vendor":false,"show_rating":false,"show_quickview":true,"show_promotion":false,"promotion_position":"left","card_link":"","open_new_window":false,"enable_text_overlay":false,"overlay_opacity":0,"image_ratio":"100","heading":"Featured collection","heading_size":70,"content":"<p>10% OFF<\/p>","text_size":100,"content_alignment":"center","content_position":"bottom","button_label":"See more","button_link":"","open_new_window_button":false,"background_color":"rgba(0,0,0,0)","color_text":"rgba(0,0,0,0)","color_button":"rgba(0,0,0,0)","color_text_button":"rgba(0,0,0,0)","color_button_hover":"rgba(0,0,0,0)","color_text_button_hover":"rgba(0,0,0,0)","color_button_secondary":"rgba(0,0,0,0)"}}},"block_order":["collection-0","20ecfd0b-1f74-4e32-bd50-3de18737923b","d1878cf9-cd64-430c-bc0d-6ee6e45a4956"],"settings":{"title":"","heading_size":100,"heading_alignment":"center","show_view_all":false,"view_all_position":"bottom","enable_desktop_slider":true,"swiper_on_mobile":true,"auto_play":false,"change_slides_speed":5,"columns_desktop":4,"rows_desktop":2,"spacing":28,"full_width":false,"show_section_divider":false,"padding_top":44,"padding_bottom":24,"columns_mobile":"2","spacing_mobile":16,"full_width_mobile":false,"show_section_divider_mobile":false,"padding_top_mobile":16,"padding_bottom_mobile":0}},"09b84760-10ce-4021-8456-8ffea4b7b68b":{"type":"rich-text","blocks":{"template--20657778360614__09b84760-10ce-4021-8456-8ffea4b7b68b-text-1":{"type":"text","settings":{"text":"<p>Whatever outfit you choose to wear be sure to have a secondary choice ready should the weather turn foul, or have a throw or shawl... even a stylish umbrella to help you weather the weather!<\/p>"}}},"block_order":["template--20657778360614__09b84760-10ce-4021-8456-8ffea4b7b68b-text-1"],"settings":{"background_color_light":"","background_color_dark":"","content_alignment":"center","show_section_divider":false,"padding_top":0,"padding_bottom":48,"content_alignment_mobile":"center","show_section_divider_mobile":true,"padding_top_mobile":16,"padding_bottom_mobile":16}},"22e92d17-9126-4767-a068-af8104143a49":{"type":"media-gallery","blocks":{"template--20657778360614__22e92d17-9126-4767-a068-af8104143a49-media-3":{"type":"media","settings":{"image_link":"","open_new_window":false,"video_url":"","enable_video_autoplay":true,"video_alt_text":"","content_position":"center","overlay_opacity":100,"number_of_columns":1,"number_of_row":1,"title":"Spring Collection","title_size":90,"text":"<p>Like the butterfly, embrace change and transformation<\/p>","text_size":130,"text_align":"center","button_label":"Discover more","button_link":"","open_new_window_button":false,"color_overlay":"#e3e3e3","title_color":"#000000","text_color":"#000000","color_button":"#ffffff","background_button":"#000000","color_button_hover":"rgba(0,0,0,0)","background_button_hover":"rgba(0,0,0,0)"}},"template--20657778360614__22e92d17-9126-4767-a068-af8104143a49-media-2":{"type":"media","settings":{"image":"","image_link":"","open_new_window":false,"video_url":"","enable_video_autoplay":true,"video_alt_text":"","content_position":"center","overlay_opacity":0,"number_of_columns":1,"number_of_row":2,"title":"","title_size":80,"text":"","text_size":130,"text_align":"center","button_label":"","button_link":"","open_new_window_button":false,"color_overlay":"rgba(0,0,0,0)","title_color":"rgba(0,0,0,0)","text_color":"rgba(0,0,0,0)","color_button":"rgba(0,0,0,0)","background_button":"rgba(0,0,0,0)","color_button_hover":"rgba(0,0,0,0)","background_button_hover":"rgba(0,0,0,0)"}},"4dce6f08-b205-49ad-bd9a-d49c0e904b2d":{"type":"media","settings":{"image":"","image_link":"","open_new_window":false,"video_url":"","enable_video_autoplay":true,"video_alt_text":"","content_position":"center","overlay_opacity":0,"number_of_columns":1,"number_of_row":1,"title":"","title_size":80,"text":"","text_size":130,"text_align":"center","button_label":"","button_link":"","open_new_window_button":false,"color_overlay":"rgba(0,0,0,0)","title_color":"rgba(0,0,0,0)","text_color":"rgba(0,0,0,0)","color_button":"rgba(0,0,0,0)","background_button":"rgba(0,0,0,0)","color_button_hover":"rgba(0,0,0,0)","background_button_hover":"rgba(0,0,0,0)"}},"template--20657778360614__22e92d17-9126-4767-a068-af8104143a49-media-1":{"type":"media","settings":{"image":"","image_link":"","open_new_window":false,"video_url":"","enable_video_autoplay":true,"video_alt_text":"","content_position":"center","overlay_opacity":0,"number_of_columns":1,"number_of_row":1,"title":"","title_size":80,"text":"","text_size":130,"text_align":"center","button_label":"","button_link":"","open_new_window_button":false,"color_overlay":"rgba(0,0,0,0)","title_color":"rgba(0,0,0,0)","text_color":"rgba(0,0,0,0)","color_button":"rgba(0,0,0,0)","background_button":"rgba(0,0,0,0)","color_button_hover":"rgba(0,0,0,0)","background_button_hover":"rgba(0,0,0,0)"}},"92f3062a-43e8-47e8-91cd-b81b7923ee7e":{"type":"media","settings":{"image_link":"","open_new_window":false,"video_url":"","enable_video_autoplay":true,"video_alt_text":"","content_position":"center","overlay_opacity":100,"number_of_columns":1,"number_of_row":1,"title":"Summer Collection","title_size":90,"text":"<p>Live life to the fullest and make memories to last a lifetime<\/p>","text_size":130,"text_align":"center","button_label":"Discover more","button_link":"","open_new_window_button":false,"color_overlay":"#e3e3e3","title_color":"#000000","text_color":"#000000","color_button":"#ffffff","background_button":"#000000","color_button_hover":"rgba(0,0,0,0)","background_button_hover":"rgba(0,0,0,0)"}}},"block_order":["template--20657778360614__22e92d17-9126-4767-a068-af8104143a49-media-3","template--20657778360614__22e92d17-9126-4767-a068-af8104143a49-media-2","4dce6f08-b205-49ad-bd9a-d49c0e904b2d","template--20657778360614__22e92d17-9126-4767-a068-af8104143a49-media-1","92f3062a-43e8-47e8-91cd-b81b7923ee7e"],"settings":{"heading":"","heading_size":100,"max_columns":3,"spacing":16,"height_desktop":400,"show_section_divider":false,"full_width":true,"padding_top":16,"padding_bottom":16,"min_columns_mobile":"2","spacing_mobile":8,"height_mobile":250,"show_section_divider_mobile":false,"full_width_mobile":false,"padding_top_mobile":16,"padding_bottom_mobile":16}},"e2976073-9596-4227-9ad1-6906044e88bc":{"type":"featured-collection","blocks":{"template--20617281765677__e2976073-9596-4227-9ad1-6906044e88bc-collection-1":{"type":"collection","settings":{"collection":"","show_description":true,"description":"","show_vendor":false,"show_rating":true,"show_quickview":true,"show_promotion":true,"promotion_position":"left","card_link":"","open_new_window":false,"image":"","enable_text_overlay":true,"overlay_opacity":20,"image_ratio":"150","heading":"Summer Lookbook","heading_size":70,"content":"<p>More colourful place with our everyday essentials.<\/p>","text_size":100,"content_alignment":"left","content_position":"bottom","button_label":"Discover more","button_link":"","open_new_window_button":false,"background_color":"rgba(0,0,0,0)","color_text":"#ffffff","color_button":"#ffffff","color_text_button":"#000000","color_button_hover":"rgba(0,0,0,0)","color_text_button_hover":"#000000","color_button_secondary":"rgba(0,0,0,0)"}}},"block_order":["template--20617281765677__e2976073-9596-4227-9ad1-6906044e88bc-collection-1"],"settings":{"title":"Featured collections","heading_size":100,"heading_alignment":"left","show_view_all":true,"view_all_position":"top","enable_desktop_slider":true,"swiper_on_mobile":false,"auto_play":true,"change_slides_speed":5,"columns_desktop":3,"rows_desktop":2,"spacing":28,"full_width":false,"show_section_divider":false,"padding_top":24,"padding_bottom":24,"columns_mobile":"2","spacing_mobile":16,"full_width_mobile":false,"show_section_divider_mobile":false,"padding_top_mobile":28,"padding_bottom_mobile":28}},"promotion_banner":{"type":"promotion-banner","blocks":{"image-banner-0":{"type":"image_banner","settings":{"heading":"Hot Deal of This Week","heading_size":170,"subheading":"","text":"Sale Minium 25% Discount Or Up 75% Off On A Big Range Of Clothing","text_size":130,"content_box_type":"square","add_frame":false,"color_content_box_light":"rgba(0,0,0,0)","color_content_box_dark":"rgba(0,0,0,0)"}},"e711ce7c-3b8d-4578-85ef-eaa9394a1c48":{"type":"countdown_timer","settings":{"timezone":"-4","end_year":2023,"end_month":"12","end_day":"1","end_hour":"0","end_minute":"0","timer_color_countdown":"rgba(0,0,0,0)","text_color_countdown":"#ffffff","bg_color_countdown":"rgba(0,0,0,0)"}},"buttons-0":{"type":"buttons","settings":{"button_label":"Discover more","button_link":"","open_new_window_button":false,"button_label_2":"","button_link_2":"","open_new_window_button_2":false,"color_button":"#ffffff","color_button_hover":"rgba(0,0,0,0)","color_text_button":"#000000","color_text_button_hover":"rgba(0,0,0,0)","color_button_secondary":"rgba(0,0,0,0)"}}},"block_order":["image-banner-0","e711ce7c-3b8d-4578-85ef-eaa9394a1c48","buttons-0"],"settings":{"heading":"Promotion Banner","image":"","image_mobile":"","image_link":"","open_new_window":false,"image_overlay_opacity":20,"content_position":"center-left","content_horizontal":50,"content_vertical":50,"position_content_mobile":"center","content_alignment":"left","show_hero":false,"full_width":true,"padding_full_width":false,"rounded_corner_image":false,"desktop_height":"650px","padding_top":0,"padding_bottom":0,"full_width_mobile":true,"rounded_corner_image_mobile":false,"mobile_height":"400px","padding_top_mobile":0,"padding_bottom_mobile":0}},"9d2741c9-b12f-4257-bb06-40888c31edef":{"type":"scrolling-banner","blocks":{"template--20617281765677__9d2741c9-b12f-4257-bb06-40888c31edef-text-1":{"type":"text","settings":{"text":"NEW ARRIVALS","text_size":130,"spacing_left":0,"spacing_right":0,"spacing_left_mobile":0,"spacing_right_mobile":0}},"template--20617281765677__9d2741c9-b12f-4257-bb06-40888c31edef-text-2":{"type":"text","settings":{"text":"NEW ARRIVALS","text_size":130,"spacing_left":0,"spacing_right":0,"spacing_left_mobile":0,"spacing_right_mobile":0}},"c4bddc3d-814b-47e6-8cb1-3e58e4990d38":{"type":"text","settings":{"text":"NEW ARRIVALS","text_size":130,"spacing_left":0,"spacing_right":0,"spacing_left_mobile":0,"spacing_right_mobile":0}},"3f8ef8e4-ca57-4de2-ba22-442fcaf914fc":{"type":"text","settings":{"text":"NEW ARRIVALS","text_size":130,"spacing_left":0,"spacing_right":0,"spacing_left_mobile":0,"spacing_right_mobile":0}}},"block_order":["template--20617281765677__9d2741c9-b12f-4257-bb06-40888c31edef-text-1","template--20617281765677__9d2741c9-b12f-4257-bb06-40888c31edef-text-2","c4bddc3d-814b-47e6-8cb1-3e58e4990d38","3f8ef8e4-ca57-4de2-ba22-442fcaf914fc"],"settings":{"show_border":false,"speed":20,"direction":"left","pause_hover":false,"bg_light":"#000000","color_text_light":"#ffffff","bg_dark":"#f2f2f2","color_text_dark":"#202020","space_block":60,"padding_top":16,"padding_bottom":16,"space_block_mobile":40,"padding_top_mobile":16,"padding_bottom_mobile":16}},"df53789c-262b-427b-b757-7e0d6a2728c9":{"type":"featured-blog","settings":{"heading":"Latest in Blog","heading_size":100,"heading_alignment":"center","blog":"bags","post_limit":3,"columns_desktop":3,"show_view_all":false,"view_all_position":"top","show_image":true,"image_ratio":"75","item_secondary_background":false,"show_author":true,"show_name":false,"show_date":true,"show_excerpt":true,"show_tag":true,"show_comment_counts":true,"enable_desktop_slider":false,"swiper_on_mobile":false,"auto_play":true,"change_slides_speed":5,"spacing":28,"show_section_divider":false,"padding_top":64,"padding_bottom":0,"columns_mobile":"1","spacing_mobile":28,"show_section_divider_mobile":false,"padding_top_mobile":36,"padding_bottom_mobile":36}},"38be6dd5-45c0-468f-9746-85c08fbb864a":{"type":"logo-list","blocks":{"template--20617281765677__38be6dd5-45c0-468f-9746-85c08fbb864a-logo-1":{"type":"logo","settings":{"image_logo":"","image_link":"","open_new_window":false}},"template--20617281765677__38be6dd5-45c0-468f-9746-85c08fbb864a-logo-2":{"type":"logo","settings":{"image_logo":"","image_link":"","open_new_window":false}},"template--20617281765677__38be6dd5-45c0-468f-9746-85c08fbb864a-logo-3":{"type":"logo","settings":{"image_logo":"","image_link":"","open_new_window":false}},"template--20617281765677__38be6dd5-45c0-468f-9746-85c08fbb864a-logo-4":{"type":"logo","settings":{"image_logo":"","image_link":"","open_new_window":false}},"2faaa48e-3ef2-4784-a02d-f34692a7d72e":{"type":"logo","settings":{"image_logo":"","image_link":"","open_new_window":false}},"5138c2ba-e693-471a-97ee-9008a0886cab":{"type":"logo","settings":{"image_logo":"","image_link":"","open_new_window":false}},"01b7d714-f302-453d-8359-6f0492011eff":{"type":"logo","settings":{"image_logo":"","image_link":"","open_new_window":false}},"51e88b37-dfb5-4f9c-b801-fb24672388b6":{"type":"logo","settings":{"image_logo":"","image_link":"","open_new_window":false}},"761eacde-4610-44bb-88d0-a5c2b420ae17":{"type":"logo","settings":{"image_logo":"","image_link":"","open_new_window":false}}},"block_order":["template--20617281765677__38be6dd5-45c0-468f-9746-85c08fbb864a-logo-1","template--20617281765677__38be6dd5-45c0-468f-9746-85c08fbb864a-logo-2","template--20617281765677__38be6dd5-45c0-468f-9746-85c08fbb864a-logo-3","template--20617281765677__38be6dd5-45c0-468f-9746-85c08fbb864a-logo-4","2faaa48e-3ef2-4784-a02d-f34692a7d72e","5138c2ba-e693-471a-97ee-9008a0886cab","01b7d714-f302-453d-8359-6f0492011eff","51e88b37-dfb5-4f9c-b801-fb24672388b6","761eacde-4610-44bb-88d0-a5c2b420ae17"],"settings":{"heading":"","heading_size":100,"corner_image":0,"background_color_light":"rgba(0,0,0,0)","background_color_dark":"rgba(0,0,0,0)","enable_carousel_on_desktop":true,"auto_switch_bar":true,"change_bar_every":5,"show_navigation":false,"columns_desktop":9,"full_width":true,"show_section_divider":false,"spacing":30,"padding_top":16,"padding_bottom":16,"layout_mobile":"carousel","columns_mobile":"2","show_section_divider_mobile":true,"spacing_mobile":16,"padding_top_mobile":0,"padding_bottom_mobile":0}},"956b60c2-b41e-4967-90b8-54d93a72f4f6":{"type":"map","blocks":{"template--21119477481766__956b60c2-b41e-4967-90b8-54d93a72f4f6-heading-1":{"type":"heading","settings":{"heading":"Store name","heading_size":90}},"template--21119477481766__956b60c2-b41e-4967-90b8-54d93a72f4f6-richtext-1":{"type":"richtext","settings":{"text":"<p>75 9th Ave, New York, NY 10011-7006<\/p><\/br><p>Mon - Fri, 8:30am - 10:30pm,<\/br>Saturday, 8:30am - 10:30pm,<\/br>Sunday, 8:30am - 10:30pm<\/p>","text_size":100}},"template--21119477481766__956b60c2-b41e-4967-90b8-54d93a72f4f6-button-1":{"type":"button","settings":{"button_label":"Get directions"}}},"block_order":["template--21119477481766__956b60c2-b41e-4967-90b8-54d93a72f4f6-heading-1","template--21119477481766__956b60c2-b41e-4967-90b8-54d93a72f4f6-richtext-1","template--21119477481766__956b60c2-b41e-4967-90b8-54d93a72f4f6-button-1"],"settings":{"store_address":"75 9th Ave, New York, NY 10011-7006","desktop_height":"600px","mobile_height":"600px","rounded_corner_image":false,"content_position":"top-left","content_alignment":"left","bg_color_map":"#f6f6f6","text_color_map":"rgba(0,0,0,0)","heading_color":"rgba(0,0,0,0)","bg_color_map_dark":"#2a2a2a","text_color_map_dark":"rgba(0,0,0,0)","heading_color_dark":"rgba(0,0,0,0)","full_width":true,"padding_top":0,"padding_bottom":0,"full_width_mobile":true,"padding_top_mobile":0,"padding_bottom_mobile":0}},"df820ef4-657c-46e4-ac89-5b9dacb1c8cd":{"type":"popup-promotion","blocks":{"template--20646680822054__df820ef4-657c-46e4-ac89-5b9dacb1c8cd-heading-1":{"type":"heading","settings":{"subheading":"","heading":"$10 off your first order","heading_color":"#000000","heading_color_dark":"#ffffff"}},"template--20646680822054__df820ef4-657c-46e4-ac89-5b9dacb1c8cd-text-1":{"type":"text","settings":{"text":"<p>Simply enter code coupon_code at checkout<\/p>","coupon_code":"SIMPLY10","coupon_color":"#ff6600","coupon_color_dark":"#ff6600"}},"template--20646680822054__df820ef4-657c-46e4-ac89-5b9dacb1c8cd-button-1":{"type":"button","settings":{"button_label":"SHOP NOW","button_link":"","open_new_window":false,"button_color":"rgba(0,0,0,0)","button_text_color":"rgba(0,0,0,0)","button_color_dark":"rgba(0,0,0,0)","button_text_color_dark":"rgba(0,0,0,0)"}}},"block_order":["template--20646680822054__df820ef4-657c-46e4-ac89-5b9dacb1c8cd-heading-1","template--20646680822054__df820ef4-657c-46e4-ac89-5b9dacb1c8cd-text-1","template--20646680822054__df820ef4-657c-46e4-ac89-5b9dacb1c8cd-button-1"],"settings":{"popup_position":"bottom-left","content_position":"left","content_alignment":"center","background_color_light":"#f6f6f6","text_color_light":"#000000","background_color_dark":"#2a2a2a","text_color_dark":"#ffffff","show_for_guests_only":false,"show_on_mobile":true,"schedule_enabled":false,"delay":15,"reappear_after":1}}},"order":["main","slideshow","fbdafa00-0127-4b0e-897d-010ee5bb88d1","featured_collection","09b84760-10ce-4021-8456-8ffea4b7b68b","22e92d17-9126-4767-a068-af8104143a49","e2976073-9596-4227-9ad1-6906044e88bc","promotion_banner","9d2741c9-b12f-4257-bb06-40888c31edef","df53789c-262b-427b-b757-7e0d6a2728c9","38be6dd5-45c0-468f-9746-85c08fbb864a","956b60c2-b41e-4967-90b8-54d93a72f4f6","df820ef4-657c-46e4-ac89-5b9dacb1c8cd"]}