{"sections":{"main":{"type":"main-page","disabled":true,"settings":{"show_heading":true,"heading_size":170,"show_breadcrumbs":true,"show_breadcrumbs_border":false,"full_width_breadcrumb":true,"desktop_content_alignment":"text-left","mobile_content_alignment":"text-left","background_color_light":"#f2f2f2","text_color_light":"rgba(0,0,0,0)","textlink_color_light":"rgba(0,0,0,0)","background_color_dark":"#313131","text_color_dark":"rgba(0,0,0,0)","textlink_color_dark":"rgba(0,0,0,0)","padding_top":28,"padding_bottom":28,"padding_top_mobile":20,"padding_bottom_mobile":20}},"2adb40bf-2eb3-4e37-82ee-45f8bd53828f":{"type":"promotion-banner","blocks":{"template--21733304697133__2adb40bf-2eb3-4e37-82ee-45f8bd53828f-image_banner-1":{"type":"image_banner","settings":{"heading":"SPARKLE OF JEWELRY","heading_size":170,"subheading":"UP TO 30% OFF","text":"Our Precious Jewelry Collections","text_size":130,"content_box_type":"square","add_frame":false,"color_content_box_light":"rgba(0,0,0,0)","color_content_box_dark":"rgba(0,0,0,0)"}},"template--21733304697133__2adb40bf-2eb3-4e37-82ee-45f8bd53828f-buttons-1":{"type":"buttons","settings":{"button_label":"ORDER NOW","button_link":"","open_new_window_button":false,"button_label_2":"","button_link_2":"","open_new_window_button_2":false,"color_button":"rgba(0,0,0,0)","color_button_hover":"rgba(0,0,0,0)","color_text_button":"rgba(0,0,0,0)","color_text_button_hover":"rgba(0,0,0,0)","color_button_secondary":"rgba(0,0,0,0)","secondary_button_text":"rgba(0,0,0,0)"}}},"block_order":["template--21733304697133__2adb40bf-2eb3-4e37-82ee-45f8bd53828f-image_banner-1","template--21733304697133__2adb40bf-2eb3-4e37-82ee-45f8bd53828f-buttons-1"],"settings":{"heading":"Promotion Banner","image_link":"","open_new_window":false,"image_overlay_opacity":0,"content_position":"custom","content_horizontal":10,"content_vertical":70,"position_content_mobile":"center","content_alignment":"left","show_hero":false,"full_width":true,"padding_full_width":false,"rounded_corner_image":false,"desktop_height":"750px","padding_top":0,"padding_bottom":0,"full_width_mobile":true,"rounded_corner_image_mobile":false,"mobile_height":"400px","padding_top_mobile":0,"padding_bottom_mobile":0}},"542718bc-ce2c-4602-9014-160486e477ae":{"type":"flash-sale","blocks":{"template--21733304697133__542718bc-ce2c-4602-9014-160486e477ae-image_banner-1":{"type":"image_banner","settings":{"heading":"Sale 45% Off","heading_size":110,"text":"<p>Hurry up! Get the best deal at best price. coupon_code<\/p>","text_size":100,"coupon_code":"Flashsale45","coupon_color":"#c2a27a","coupon_color_dark":"#c2a27a"}},"template--21733304697133__542718bc-ce2c-4602-9014-160486e477ae-countdown_timer-1":{"type":"countdown_timer","settings":{"timezone":"-4","end_year":2024,"end_month":"1","end_day":"1","end_hour":"0","end_minute":"0","timer_style":"square","border_style":"line_vertical","overlay_opacity":100,"timer_color_countdown":"#c2a27a","text_color_countdown":"#ffffff","bg_color_countdown":"rgba(0,0,0,0)","spacing_col":40,"spacing_col_mobile":8}},"template--21733304697133__542718bc-ce2c-4602-9014-160486e477ae-buttons-1":{"type":"buttons","settings":{"button_label":"ORDER NOW","button_link":"","open_new_window_button":false,"color_button":"rgba(0,0,0,0)","color_button_hover":"rgba(0,0,0,0)","color_text_button":"rgba(0,0,0,0)","color_text_button_hover":"rgba(0,0,0,0)","color_button_secondary":"rgba(0,0,0,0)","secondary_button_text":"rgba(0,0,0,0)"}}},"block_order":["template--21733304697133__542718bc-ce2c-4602-9014-160486e477ae-image_banner-1","template--21733304697133__542718bc-ce2c-4602-9014-160486e477ae-countdown_timer-1","template--21733304697133__542718bc-ce2c-4602-9014-160486e477ae-buttons-1"],"settings":{"image_overlay_opacity":20,"show_hero":false,"border_section":"dotted","content_layout":"horizontal","content_alignment":"left","full_width":false,"padding_full_width":false,"rounded_corner_image":false,"spacing_col":40,"spacing_row":32,"padding_top":68,"padding_bottom":32,"content_alignment_mobile":"center","full_width_mobile":false,"rounded_corner_image_mobile":true,"spacing_row_mobile":20,"padding_top_mobile":80,"padding_bottom_mobile":40,"background_color_light":"#970000","heading_light":"#ffffff","text_light":"#c2a27a","line_border_light":"rgba(0,0,0,0)","background_color_dark":"#a90000","heading_dark":"#ffffff","text_dark":"#c2a27a","line_border_dark":"rgba(0,0,0,0)"}},"image_with_text_daXkb3":{"type":"image-with-text","blocks":{"heading_zKwrhM":{"type":"heading","settings":{"subheading":"Example subheading","heading":"Shop For Gold Jewelry","heading_base_size":100,"text":"<p>Lorem ipsumt venenatis iaculis iaculis. Integer sit amet auctor justo, ac vestibulum orci. Aenean ultrices magna at porttitor eleifend. <br\/><br\/>Nam sodales scelerisque sedve stibulum aliquam euismod mi vitae nibh odales scelerisque ipsum sed vestibulum aliquam euismod mi vitae blandit libero at mauris condimentum scelerisque. In scelerisque in mauris ut malesuada sodales scelerisque.<\/p>","heading_light":"rgba(0,0,0,0)","text_light":"rgba(0,0,0,0)","heading_dark":"rgba(0,0,0,0)","text_dark":"rgba(0,0,0,0)"}},"button_kDbMTn":{"type":"button","settings":{"button_label":"Our story","button_link":"","open_new_window":false,"button_light":"rgba(0,0,0,0)","button_text_light":"rgba(0,0,0,0)","button_hover_light":"rgba(0,0,0,0)","button_text_hover_light":"rgba(0,0,0,0)","button_dark":"rgba(0,0,0,0)","button_text_dark":"rgba(0,0,0,0)","button_hover_dark":"rgba(0,0,0,0)","button_text_hover_dark":"rgba(0,0,0,0)"}}},"block_order":["heading_zKwrhM","button_kDbMTn"],"settings":{"video_url":"","video_alt_text":"","enable_video_autoplay":false,"desktop_height":"650px","mobile_height":"400px","desktop_image_width":"medium","image_layout":"normal","image_corner_radius":0,"content_layout":"no-overlap","spacing_image":false,"text_position":"center","text_alignment":"start","background_color_light":"#ffffff","background_color_dark":"#2e1c13","image_alignment":"left","full_width":false,"top_padding":40,"bottom_padding":0,"image_alignment_mobile":"left","full_width_mobile":false,"top_padding_mobile":0,"bottom_padding_mobile":0}},"266fa286-8bc0-4bc1-a4e6-1f33fc116825":{"type":"featured-collection","blocks":{"template--16227738386592__266fa286-8bc0-4bc1-a4e6-1f33fc116825-collection-1":{"type":"collection","settings":{"collection":"","show_description":true,"description":"","show_vendor":true,"show_rating":false,"show_quickview":true,"show_promotion":false,"promotion_position":"left","card_link":"","open_new_window":false,"enable_text_overlay":false,"overlay_opacity":0,"image_ratio":"100","heading":"Featured collection","heading_size":70,"content":"<p>10% OFF<\/p>","text_size":100,"content_alignment":"center","content_position":"bottom","button_label":"See more","button_link":"","open_new_window_button":false,"background_color":"rgba(0,0,0,0)","color_text":"rgba(0,0,0,0)","color_button":"rgba(0,0,0,0)","color_text_button":"rgba(0,0,0,0)","color_button_hover":"rgba(0,0,0,0)","color_text_button_hover":"rgba(0,0,0,0)","color_button_secondary":"rgba(0,0,0,0)","secondary_button_text":"rgba(0,0,0,0)"}}},"block_order":["template--16227738386592__266fa286-8bc0-4bc1-a4e6-1f33fc116825-collection-1"],"settings":{"title":"New Arrivals","heading_size":110,"heading_alignment":"center","subheading":"","text":"","show_view_all":false,"view_all_position":"top","title_size":120,"title_style":"none","enable_desktop_slider":true,"swiper_on_mobile":true,"auto_play":false,"change_slides_speed":5,"columns_desktop":5,"rows_desktop":1,"spacing":4,"full_width":true,"show_section_divider":false,"padding_top":72,"padding_bottom":32,"columns_mobile":"2","spacing_mobile":20,"full_width_mobile":false,"show_section_divider_mobile":false,"padding_top_mobile":40,"padding_bottom_mobile":20}},"media_gallery_gRc3hY":{"type":"media-gallery","blocks":{"media_C6r9qQ":{"type":"media","settings":{"image_link":"","open_new_window":false,"video_url":"","enable_video_autoplay":true,"video_alt_text":"","enable_content_overlay":true,"content_position":"center","overlay_opacity":0,"number_of_columns":2,"number_of_row":2,"icon":"none","custom_icon":"","icon_size":45,"sub_title":"","title":"New Arrivals","title_size":80,"text":"<p>Raw, hand-cut stones with natural inclusions.<\/p>","text_size":130,"text_align":"center","media_position":"top","button_label":"Shop Now","button_link":"","open_new_window_button":false,"color_overlay":"rgba(0,0,0,0)","title_color":"#ffffff","text_color":"#ffffff","color_button":"rgba(0,0,0,0)","background_button":"rgba(0,0,0,0)","color_button_hover":"rgba(0,0,0,0)","background_button_hover":"rgba(0,0,0,0)","color_button_secondary":"rgba(0,0,0,0)","secondary_button_text":"rgba(0,0,0,0)"}},"media_dTPDHB":{"type":"media","settings":{"image_link":"","open_new_window":false,"video_url":"","enable_video_autoplay":true,"video_alt_text":"","enable_content_overlay":true,"content_position":"center","overlay_opacity":0,"number_of_columns":2,"number_of_row":2,"icon":"none","custom_icon":"","icon_size":45,"sub_title":"","title":"Jewelry Collection","title_size":80,"text":"<p>Only On Our Store!<\/p>","text_size":130,"text_align":"center","media_position":"top","button_label":"Shop Now","button_link":"","open_new_window_button":false,"color_overlay":"rgba(0,0,0,0)","title_color":"#ffffff","text_color":"#ffffff","color_button":"rgba(0,0,0,0)","background_button":"rgba(0,0,0,0)","color_button_hover":"rgba(0,0,0,0)","background_button_hover":"rgba(0,0,0,0)","color_button_secondary":"rgba(0,0,0,0)","secondary_button_text":"rgba(0,0,0,0)"}}},"block_order":["media_C6r9qQ","media_dTPDHB"],"settings":{"heading":"","heading_size":100,"heading_alignment":"center","subheading":"","text":"","max_columns":4,"spacing":4,"height_desktop":300,"show_section_divider":false,"full_width":true,"padding_full_width":false,"padding_top":48,"padding_bottom":28,"min_columns_mobile":"1","spacing_mobile":16,"height_mobile":250,"show_section_divider_mobile":false,"full_width_mobile":true,"padding_top_mobile":28,"padding_bottom_mobile":28}},"rich_text_8A6FgJ":{"type":"rich-text","blocks":{"heading_XQD8C8":{"type":"heading","settings":{"heading":"Jewelry Design","heading_size":100}},"text_bJE7He":{"type":"text","settings":{"text":"<p>At Eurus Jewelry, design creates universal pieces, allowing them to be worn with everything and all the time.<br\/>Sophisticated - Handcrafted - Unique - Timeless - Ethical - Genderles<\/p>"}}},"block_order":["heading_XQD8C8","text_bJE7He"],"settings":{"heading_light":"rgba(0,0,0,0)","text_light":"rgba(0,0,0,0)","background_color_light":"","heading_dark":"rgba(0,0,0,0)","text_dark":"rgba(0,0,0,0)","background_color_dark":"","content_alignment":"center","show_section_divider":false,"make_full_page_width":true,"padding_top":52,"padding_bottom":28,"content_alignment_mobile":"center","show_section_divider_mobile":false,"padding_top_mobile":28,"padding_bottom_mobile":28}},"collection_list_banner_Htmznf":{"type":"collection-list-banner","blocks":{"slide_KPNGtx":{"type":"slide","settings":{"collection":"","title":"","video_url":"","video_alt_text":"","overlay_opacity":0,"subheading":"","heading_item":"","heading_size":170,"text_description":"","use_collection_description":false,"button_label_1":"","button_link_1":"","open_new_window_button":false,"content_position":"center","content_horizontal":50,"content_vertical":50,"content_alignment":"center","color_text":"rgba(0,0,0,0)","color_button":"rgba(0,0,0,0)","color_text_button":"rgba(0,0,0,0)","color_button_hover":"rgba(0,0,0,0)","color_text_button_hover":"rgba(0,0,0,0)","color_button_secondary":"rgba(0,0,0,0)","secondary_button_text":"rgba(0,0,0,0)"}},"slide_KNmbKd":{"type":"slide","settings":{"collection":"","title":"","video_url":"","video_alt_text":"","overlay_opacity":0,"subheading":"","heading_item":"","heading_size":170,"text_description":"","use_collection_description":false,"button_label_1":"","button_link_1":"","open_new_window_button":false,"content_position":"center","content_horizontal":50,"content_vertical":50,"content_alignment":"center","color_text":"rgba(0,0,0,0)","color_button":"rgba(0,0,0,0)","color_text_button":"rgba(0,0,0,0)","color_button_hover":"rgba(0,0,0,0)","color_text_button_hover":"rgba(0,0,0,0)","color_button_secondary":"rgba(0,0,0,0)","secondary_button_text":"rgba(0,0,0,0)"}},"slide_3ycAQC":{"type":"slide","settings":{"collection":"","title":"","video_url":"","video_alt_text":"","overlay_opacity":0,"subheading":"","heading_item":"","heading_size":170,"text_description":"","use_collection_description":false,"button_label_1":"","button_link_1":"","open_new_window_button":false,"content_position":"center","content_horizontal":50,"content_vertical":50,"content_alignment":"center","color_text":"rgba(0,0,0,0)","color_button":"rgba(0,0,0,0)","color_text_button":"rgba(0,0,0,0)","color_button_hover":"rgba(0,0,0,0)","color_text_button_hover":"rgba(0,0,0,0)","color_button_secondary":"rgba(0,0,0,0)","secondary_button_text":"rgba(0,0,0,0)"}},"slide_WearpU":{"type":"slide","settings":{"collection":"","title":"","video_url":"","video_alt_text":"","overlay_opacity":0,"subheading":"","heading_item":"","heading_size":170,"text_description":"","use_collection_description":false,"button_label_1":"","button_link_1":"","open_new_window_button":false,"content_position":"center","content_horizontal":50,"content_vertical":50,"content_alignment":"center","color_text":"rgba(0,0,0,0)","color_button":"rgba(0,0,0,0)","color_text_button":"rgba(0,0,0,0)","color_button_hover":"rgba(0,0,0,0)","color_text_button_hover":"rgba(0,0,0,0)","color_button_secondary":"rgba(0,0,0,0)","secondary_button_text":"rgba(0,0,0,0)"}},"slide_pPTkBf":{"type":"slide","settings":{"collection":"","title":"","video_url":"","video_alt_text":"","overlay_opacity":0,"subheading":"","heading_item":"","heading_size":170,"text_description":"","use_collection_description":false,"button_label_1":"","button_link_1":"","open_new_window_button":false,"content_position":"center","content_horizontal":50,"content_vertical":50,"content_alignment":"center","color_text":"rgba(0,0,0,0)","color_button":"rgba(0,0,0,0)","color_text_button":"rgba(0,0,0,0)","color_button_hover":"rgba(0,0,0,0)","color_text_button_hover":"rgba(0,0,0,0)","color_button_secondary":"rgba(0,0,0,0)","secondary_button_text":"rgba(0,0,0,0)"}},"slide_fekrTM":{"type":"slide","settings":{"collection":"","title":"","video_url":"","video_alt_text":"","overlay_opacity":0,"subheading":"","heading_item":"","heading_size":170,"text_description":"","use_collection_description":false,"button_label_1":"","button_link_1":"","open_new_window_button":false,"content_position":"center","content_horizontal":50,"content_vertical":50,"content_alignment":"center","color_text":"rgba(0,0,0,0)","color_button":"rgba(0,0,0,0)","color_text_button":"rgba(0,0,0,0)","color_button_hover":"rgba(0,0,0,0)","color_text_button_hover":"rgba(0,0,0,0)","color_button_secondary":"rgba(0,0,0,0)","secondary_button_text":"rgba(0,0,0,0)"}}},"block_order":["slide_KPNGtx","slide_KNmbKd","slide_3ycAQC","slide_WearpU","slide_pPTkBf","slide_fekrTM"],"settings":{"show_hero":false,"auto_play":true,"change_slides_speed":5,"pagination_position":"center","pagination_size":130,"transition_style":"fade","full_width":true,"padding_full_width":false,"rounded_corner_image":false,"desktop_height":"650px","padding_top":52,"padding_bottom":28,"full_width_mobile":true,"rounded_corner_image_mobile":false,"mobile_height":"500px","padding_top_mobile":0,"padding_bottom_mobile":20}},"collage_QHBrer":{"type":"collage","blocks":{"product_tGrVDy":{"type":"product","settings":{"product":"","show_quickview":true,"info_alignment":"center","desktop_size":"large","number_of_columns":1,"number_of_row":1}},"product_ehBTTw":{"type":"product","settings":{"product":"","show_quickview":true,"info_alignment":"center","desktop_size":"large","number_of_columns":1,"number_of_row":1}},"image_zGBHRY":{"type":"image","settings":{"overlay_opacity":20,"image_link":"","open_new_window":false,"image_padding":false,"number_of_columns":2,"number_of_row":2,"title":"Holiday Season","title_size":120,"text":"<p>Sophisticated <br\/>Handcrafted Unique Timeless<br\/>Ethical Genderles<\/p>","text_size":120,"button_label":"Shop Now","button_link":"","open_new_window_button":false,"text_align":"center","content_position":"center","title_color":"#ffffff","text_color":"#ffffff","color_button":"rgba(0,0,0,0)","color_text_button":"rgba(0,0,0,0)","color_button_hover":"rgba(0,0,0,0)","color_text_button_hover":"rgba(0,0,0,0)","color_button_secondary":"rgba(0,0,0,0)","secondary_button_text":"rgba(0,0,0,0)"}},"product_Q8MRxK":{"type":"product","settings":{"product":"","show_quickview":true,"info_alignment":"center","desktop_size":"large","number_of_columns":1,"number_of_row":1}},"product_zfBxLa":{"type":"product","settings":{"product":"","show_quickview":true,"info_alignment":"center","desktop_size":"large","number_of_columns":1,"number_of_row":1}}},"block_order":["product_tGrVDy","product_ehBTTw","image_zGBHRY","product_Q8MRxK","product_zfBxLa"],"settings":{"heading":"","heading_size":100,"heading_alignment":"center","subheading":"","text":"","background_color_light":"rgba(0,0,0,0)","background_color_dark":"rgba(0,0,0,0)","show_vendor":false,"show_rating":false,"max_columns":4,"spacing":28,"full_width":false,"show_section_divider":false,"padding_top":52,"padding_bottom":80,"min_columns_mobile":"2","spacing_mobile":20,"full_width_mobile":false,"show_section_divider_mobile":false,"padding_top_mobile":28,"padding_bottom_mobile":28}},"b0c3c413-29d7-4821-9125-5d7807e91b1a":{"type":"testimonials","blocks":{"template--21733516837165__b0c3c413-29d7-4821-9125-5d7807e91b1a-testimonial-1":{"type":"testimonial","settings":{"icon_star":"5_star","custom_icon":"","title":"Very pleased!","text":"<p>This is such a beautiful shirt! In person it is very vibrant, and I’m very impressed with the quality! I’m very impressed with the quality! When it arrived it...<\/p>","author":"Karolina May","author_note":"<p>Bostom, MA<\/p>"}},"template--21733516837165__b0c3c413-29d7-4821-9125-5d7807e91b1a-testimonial-2":{"type":"testimonial","settings":{"icon_star":"5_star","custom_icon":"","title":"Very pleased!","text":"<p>This is such a beautiful shirt! In person it is very vibrant, and I’m very impressed with the quality! I’m very impressed with the quality! When it arrived it...<\/p>","author":"Karolina May","author_note":"<p>Bostom, MA<\/p>"}},"template--21733516837165__b0c3c413-29d7-4821-9125-5d7807e91b1a-testimonial-3":{"type":"testimonial","settings":{"icon_star":"5_star","custom_icon":"","title":"Very pleased!","text":"<p>This is such a beautiful shirt! In person it is very vibrant, and I’m very impressed with the quality! I’m very impressed with the quality! When it arrived it...<\/p>","author":"Karolina May","author_note":"<p>Bostom, MA<\/p>"}}},"block_order":["template--21733516837165__b0c3c413-29d7-4821-9125-5d7807e91b1a-testimonial-1","template--21733516837165__b0c3c413-29d7-4821-9125-5d7807e91b1a-testimonial-2","template--21733516837165__b0c3c413-29d7-4821-9125-5d7807e91b1a-testimonial-3"],"settings":{"heading":"What Our Clients Say About Us?","heading_size":100,"text_alignment":"start","testimonial_items_view":"multiple","show_arrow":true,"show_pagination":false,"show_author_image":true,"author_image":"left","image_ratio":"round","desktop_height":300,"background_color_light":"#f5f0e7","item_background_color_light":"#ffffff","heading_and_title_light":"rgba(0,0,0,0)","item_text_color_light":"rgba(0,0,0,0)","background_color_dark":"#34231a","item_background_color_dark":"#2e1c13","heading_and_title_dark":"rgba(0,0,0,0)","item_text_color_dark":"rgba(0,0,0,0)","show_section_divider":false,"top_padding":80,"bottom_padding":80,"show_section_divider_mobile":false,"top_padding_mobile":20,"bottom_padding_mobile":20}},"multicolumn_ditwPi":{"type":"multicolumn","blocks":{"column_nLwYRV":{"type":"column","settings":{"icon":"plane","custom_icon":"","title":"Free Shipping","title_link":"","open_new_window":false,"heading_size":100,"text":"<p>Free Shipping For Orders Over $130<\/p>"}},"column_FDhx3f":{"type":"column","settings":{"icon":"box","custom_icon":"","title":"Big Saving","title_link":"","open_new_window":false,"heading_size":100,"text":"<p>Big Saving On First Order Over $99.99<\/p>"}},"column_h4h3wL":{"type":"column","settings":{"icon":"washing","custom_icon":"","title":"Online Support","title_link":"","open_new_window":false,"heading_size":100,"text":"<p>24 Hours A Day, 7 Days A Week<\/p>"}},"column_NQi8Wx":{"type":"column","settings":{"icon":"check-mark","custom_icon":"","title":"Flexible Payment","title_link":"","open_new_window":false,"heading_size":100,"text":"<p>Pay With Multiple Credit Cards<\/p>"}}},"block_order":["column_nLwYRV","column_FDhx3f","column_h4h3wL","column_NQi8Wx"],"settings":{"title":"","heading_size":100,"secondary_background":"section","border_column":"line_vertical","column_content_alignment":"start","icon_position":"above","icon_size":45,"enable_desktop_slider":true,"swiper_on_mobile":false,"change_bar_every":5,"background_color_light":"#f5f0e7","heading_light":"rgba(0,0,0,0)","text_light":"rgba(0,0,0,0)","line_border_light":"rgba(0,0,0,0)","color_icon_light":"#c2a27a","background_color_dark":"#34231a","heading_dark":"rgba(0,0,0,0)","text_dark":"rgba(0,0,0,0)","line_border_dark":"rgba(0,0,0,0)","color_icon_dark":"#c2a27a","column_layout_desktop":"lg:w-1\/4","section_height_desktop":"md:py-7","spacing_desktop":28,"full_width":false,"padding_full_width":false,"show_section_divider":false,"padding_top":28,"padding_bottom":28,"column_layout_mobile":"w-full","section_height_mobile":"py-5","spacing_mobile":16,"full_width_mobile":false,"show_section_divider_mobile":false,"padding_top_mobile":20,"padding_bottom_mobile":20}},"af624b20-ce45-4de0-92f4-2dc7b3455aab":{"type":"featured-blog","settings":{"heading":"Blog & New Update","heading_size":110,"heading_alignment":"center","blog":"news","post_limit":3,"columns_desktop":3,"show_view_all":false,"view_all_position":"top","title_size":140,"content_alignment":"left","show_image":true,"image_ratio":"75","item_secondary_background":false,"show_author":true,"show_name":false,"show_date":true,"show_excerpt":false,"show_tag":false,"show_comment_counts":false,"show_read_more":true,"button_read_more_label":"READ NOW","enable_desktop_slider":false,"swiper_on_mobile":true,"auto_play":false,"change_slides_speed":5,"full_width":false,"spacing":4,"show_section_divider":false,"padding_top":80,"padding_bottom":80,"columns_mobile":"1","spacing_mobile":4,"show_section_divider_mobile":false,"padding_top_mobile":40,"padding_bottom_mobile":20}},"b84ad124-a083-44ac-82f0-33b146a44236":{"type":"media-gallery","blocks":{"template--21733304697133__b84ad124-a083-44ac-82f0-33b146a44236-media-1":{"type":"media","settings":{"image_link":"","open_new_window":false,"video_url":"","enable_video_autoplay":true,"video_alt_text":"","enable_content_overlay":true,"content_position":"center","overlay_opacity":0,"number_of_columns":1,"number_of_row":1,"icon":"none","custom_icon":"","icon_size":45,"sub_title":"","title":"","title_size":80,"text":"","text_size":130,"text_align":"center","media_position":"top","button_label":"","button_link":"","open_new_window_button":false,"color_overlay":"rgba(0,0,0,0)","title_color":"rgba(0,0,0,0)","text_color":"rgba(0,0,0,0)","color_button":"rgba(0,0,0,0)","background_button":"rgba(0,0,0,0)","color_button_hover":"rgba(0,0,0,0)","background_button_hover":"rgba(0,0,0,0)","color_button_secondary":"rgba(0,0,0,0)","secondary_button_text":"rgba(0,0,0,0)"}},"template--21733304697133__b84ad124-a083-44ac-82f0-33b146a44236-media-2":{"type":"media","settings":{"image_link":"","open_new_window":false,"video_url":"","enable_video_autoplay":true,"video_alt_text":"","enable_content_overlay":true,"content_position":"center","overlay_opacity":0,"number_of_columns":1,"number_of_row":1,"icon":"none","custom_icon":"","icon_size":45,"sub_title":"","title":"","title_size":80,"text":"","text_size":130,"text_align":"center","media_position":"top","button_label":"","button_link":"","open_new_window_button":false,"color_overlay":"rgba(0,0,0,0)","title_color":"rgba(0,0,0,0)","text_color":"rgba(0,0,0,0)","color_button":"rgba(0,0,0,0)","background_button":"rgba(0,0,0,0)","color_button_hover":"rgba(0,0,0,0)","background_button_hover":"rgba(0,0,0,0)","color_button_secondary":"rgba(0,0,0,0)","secondary_button_text":"rgba(0,0,0,0)"}},"template--21733304697133__b84ad124-a083-44ac-82f0-33b146a44236-media-3":{"type":"media","settings":{"image_link":"","open_new_window":false,"video_url":"","enable_video_autoplay":true,"video_alt_text":"","enable_content_overlay":true,"content_position":"center","overlay_opacity":0,"number_of_columns":1,"number_of_row":1,"icon":"none","custom_icon":"","icon_size":45,"sub_title":"","title":"","title_size":80,"text":"","text_size":130,"text_align":"center","media_position":"top","button_label":"","button_link":"","open_new_window_button":false,"color_overlay":"rgba(0,0,0,0)","title_color":"rgba(0,0,0,0)","text_color":"rgba(0,0,0,0)","color_button":"rgba(0,0,0,0)","background_button":"rgba(0,0,0,0)","color_button_hover":"rgba(0,0,0,0)","background_button_hover":"rgba(0,0,0,0)","color_button_secondary":"rgba(0,0,0,0)","secondary_button_text":"rgba(0,0,0,0)"}},"aa3f0c15-e89f-4b65-a534-8cc8f583a498":{"type":"media","settings":{"image_link":"","open_new_window":false,"video_url":"","enable_video_autoplay":true,"video_alt_text":"","enable_content_overlay":true,"content_position":"center","overlay_opacity":0,"number_of_columns":1,"number_of_row":1,"icon":"none","custom_icon":"","icon_size":45,"sub_title":"","title":"","title_size":80,"text":"","text_size":130,"text_align":"center","media_position":"top","button_label":"","button_link":"","open_new_window_button":false,"color_overlay":"rgba(0,0,0,0)","title_color":"rgba(0,0,0,0)","text_color":"rgba(0,0,0,0)","color_button":"rgba(0,0,0,0)","background_button":"rgba(0,0,0,0)","color_button_hover":"rgba(0,0,0,0)","background_button_hover":"rgba(0,0,0,0)","color_button_secondary":"rgba(0,0,0,0)","secondary_button_text":"rgba(0,0,0,0)"}},"580a3362-ff6d-493c-b5e4-e0b6fb275cb2":{"type":"media","settings":{"image_link":"","open_new_window":false,"video_url":"","enable_video_autoplay":true,"video_alt_text":"","enable_content_overlay":true,"content_position":"center","overlay_opacity":0,"number_of_columns":1,"number_of_row":1,"icon":"none","custom_icon":"","icon_size":45,"sub_title":"","title":"","title_size":80,"text":"","text_size":130,"text_align":"center","media_position":"top","button_label":"","button_link":"","open_new_window_button":false,"color_overlay":"rgba(0,0,0,0)","title_color":"rgba(0,0,0,0)","text_color":"rgba(0,0,0,0)","color_button":"rgba(0,0,0,0)","background_button":"rgba(0,0,0,0)","color_button_hover":"rgba(0,0,0,0)","background_button_hover":"rgba(0,0,0,0)","color_button_secondary":"rgba(0,0,0,0)","secondary_button_text":"rgba(0,0,0,0)"}}},"block_order":["template--21733304697133__b84ad124-a083-44ac-82f0-33b146a44236-media-1","template--21733304697133__b84ad124-a083-44ac-82f0-33b146a44236-media-2","template--21733304697133__b84ad124-a083-44ac-82f0-33b146a44236-media-3","aa3f0c15-e89f-4b65-a534-8cc8f583a498","580a3362-ff6d-493c-b5e4-e0b6fb275cb2"],"settings":{"heading":"Get Inspired With @Eurus Jewelry","heading_size":110,"heading_alignment":"center","subheading":"","text":"","max_columns":5,"spacing":4,"height_desktop":300,"show_section_divider":false,"full_width":true,"padding_full_width":true,"padding_top":68,"padding_bottom":60,"min_columns_mobile":"1","spacing_mobile":4,"height_mobile":250,"show_section_divider_mobile":false,"full_width_mobile":false,"padding_top_mobile":40,"padding_bottom_mobile":28}}},"order":["main","2adb40bf-2eb3-4e37-82ee-45f8bd53828f","542718bc-ce2c-4602-9014-160486e477ae","image_with_text_daXkb3","266fa286-8bc0-4bc1-a4e6-1f33fc116825","media_gallery_gRc3hY","rich_text_8A6FgJ","collection_list_banner_Htmznf","collage_QHBrer","b0c3c413-29d7-4821-9125-5d7807e91b1a","multicolumn_ditwPi","af624b20-ce45-4de0-92f4-2dc7b3455aab","b84ad124-a083-44ac-82f0-33b146a44236"]}