{"sections":{"main":{"type":"main-page","disabled":true,"settings":{"show_heading":true,"heading_size":170,"show_breadcrumbs":true,"show_breadcrumbs_border":false,"full_width_breadcrumb":true,"desktop_content_alignment":"text-left","mobile_content_alignment":"text-left","background_color_light":"#f2f2f2","text_color_light":"rgba(0,0,0,0)","textlink_color_light":"rgba(0,0,0,0)","background_color_dark":"#313131","text_color_dark":"rgba(0,0,0,0)","textlink_color_dark":"rgba(0,0,0,0)","padding_top":28,"padding_bottom":28,"padding_top_mobile":20,"padding_bottom_mobile":20}},"f0cbc652-8ff2-4fde-a0c9-2351ec837f17":{"type":"slideshow","blocks":{"template--16227738386592__f0cbc652-8ff2-4fde-a0c9-2351ec837f17-slide-1":{"type":"slide","settings":{"overlay_opacity":20,"subheading":"","heading":"SPECIAL OFFER 70% OFF","heading_size":150,"text":"<p>Browse Through Out Latest Trendy Collections<\/p>","button_label_1":"DISCOVER NOW","button_link_1":"","open_new_window_button":false,"button_label_2":"","button_link_2":"","open_new_window_button_2":false,"content_alignment":"middle-center","custom_horizontal":50,"custom_vertical":50,"color_text":"rgba(0,0,0,0)","color_button":"rgba(0,0,0,0)","color_text_button":"rgba(0,0,0,0)","color_button_hover":"rgba(0,0,0,0)","color_text_button_hover":"rgba(0,0,0,0)","color_button_secondary":"rgba(0,0,0,0)"}},"template--16227738386592__f0cbc652-8ff2-4fde-a0c9-2351ec837f17-slide-2":{"type":"slide","settings":{"overlay_opacity":20,"subheading":"","heading":"FIND EVERYTHING FOR YOUR BABY","heading_size":150,"text":"<p>Browse Through Out Latest Trendy Collections<\/p>","button_label_1":"DISCOVER NOW","button_link_1":"","open_new_window_button":false,"button_label_2":"","button_link_2":"","open_new_window_button_2":false,"content_alignment":"middle-center","custom_horizontal":50,"custom_vertical":50,"color_text":"rgba(0,0,0,0)","color_button":"rgba(0,0,0,0)","color_text_button":"rgba(0,0,0,0)","color_button_hover":"rgba(0,0,0,0)","color_text_button_hover":"rgba(0,0,0,0)","color_button_secondary":"rgba(0,0,0,0)"}},"659fa831-dacc-439a-a966-b74d5a6d8351":{"type":"slide","settings":{"overlay_opacity":20,"subheading":"","heading":"NEW WOODER TOYS","heading_size":150,"text":"<p>Browse Through Out Latest Trendy Collections<\/p>","button_label_1":"DISCOVER NOW","button_link_1":"","open_new_window_button":false,"button_label_2":"","button_link_2":"","open_new_window_button_2":false,"content_alignment":"middle-center","custom_horizontal":50,"custom_vertical":50,"color_text":"rgba(0,0,0,0)","color_button":"rgba(0,0,0,0)","color_text_button":"rgba(0,0,0,0)","color_button_hover":"rgba(0,0,0,0)","color_text_button_hover":"rgba(0,0,0,0)","color_button_secondary":"rgba(0,0,0,0)"}}},"block_order":["template--16227738386592__f0cbc652-8ff2-4fde-a0c9-2351ec837f17-slide-1","template--16227738386592__f0cbc652-8ff2-4fde-a0c9-2351ec837f17-slide-2","659fa831-dacc-439a-a966-b74d5a6d8351"],"settings":{"show_hero":true,"auto_play":true,"change_slides_speed":10,"show_arrow":true,"slider_visual":"dots","transition_style":"fade","full_width":true,"padding_full_width":false,"rounded_corner_image":false,"desktop_height":"fullscreen","padding_top":0,"padding_bottom":32,"full_width_mobile":true,"rounded_corner_image_mobile":false,"mobile_height":"500","padding_top_mobile":0,"padding_bottom_mobile":20}},"b457eb4a-628a-44bc-b003-f9d2878b22ba":{"type":"rich-text","blocks":{"template--16228044603552__b457eb4a-628a-44bc-b003-f9d2878b22ba-caption-1":{"type":"caption","settings":{"caption":"WELCOME TO EURUS KIDS","text_style":"subtitle","text_size":100}},"template--16228044603552__b457eb4a-628a-44bc-b003-f9d2878b22ba-heading-1":{"type":"heading","settings":{"heading":"SUSTAINABLE WOODEN TOYS FOR CHILDREN","heading_size":100}},"ab50381c-553c-48d9-a1e1-c6069b2e865a":{"type":"text","settings":{"text":"<p>Share information about your brand with your customers. Describe a product, make announcements, or welcome customers to your store.<\/p>"}}},"block_order":["template--16228044603552__b457eb4a-628a-44bc-b003-f9d2878b22ba-caption-1","template--16228044603552__b457eb4a-628a-44bc-b003-f9d2878b22ba-heading-1","ab50381c-553c-48d9-a1e1-c6069b2e865a"],"settings":{"background_color_light":"","background_color_dark":"","content_alignment":"center","show_section_divider":false,"padding_top":32,"padding_bottom":64,"content_alignment_mobile":"center","show_section_divider_mobile":false,"padding_top_mobile":20,"padding_bottom_mobile":40}},"9c55ed50-db2c-4dc4-9bb5-e0e112486d86":{"type":"featured-collection","blocks":{"template--16228044603552__9c55ed50-db2c-4dc4-9bb5-e0e112486d86-collection-1":{"type":"collection","settings":{"collection":"","show_description":true,"description":"","show_vendor":false,"show_rating":false,"show_quickview":true,"show_promotion":false,"promotion_position":"left","card_link":"","open_new_window":false,"enable_text_overlay":false,"overlay_opacity":0,"image_ratio":"100","heading":"Featured collection","heading_size":70,"content":"<p>10% OFF<\/p>","text_size":100,"content_alignment":"center","content_position":"bottom","button_label":"See more","button_link":"","open_new_window_button":false,"background_color":"rgba(0,0,0,0)","color_text":"rgba(0,0,0,0)","color_button":"rgba(0,0,0,0)","color_text_button":"rgba(0,0,0,0)","color_button_hover":"rgba(0,0,0,0)","color_text_button_hover":"rgba(0,0,0,0)","color_button_secondary":"rgba(0,0,0,0)"}},"fd6d3b65-2ded-4031-92a3-35f898bb1611":{"type":"collection","settings":{"collection":"","show_description":true,"description":"","show_vendor":false,"show_rating":false,"show_quickview":true,"show_promotion":false,"promotion_position":"left","card_link":"","open_new_window":false,"enable_text_overlay":false,"overlay_opacity":0,"image_ratio":"100","heading":"Featured collection","heading_size":70,"content":"<p>10% OFF<\/p>","text_size":100,"content_alignment":"center","content_position":"bottom","button_label":"See more","button_link":"","open_new_window_button":false,"background_color":"rgba(0,0,0,0)","color_text":"rgba(0,0,0,0)","color_button":"rgba(0,0,0,0)","color_text_button":"rgba(0,0,0,0)","color_button_hover":"rgba(0,0,0,0)","color_text_button_hover":"rgba(0,0,0,0)","color_button_secondary":"rgba(0,0,0,0)"}}},"block_order":["template--16228044603552__9c55ed50-db2c-4dc4-9bb5-e0e112486d86-collection-1","fd6d3b65-2ded-4031-92a3-35f898bb1611"],"settings":{"title":"FEATURED COLLECTIONS","heading_size":50,"heading_alignment":"center","show_view_all":false,"view_all_position":"top","title_size":170,"title_style":"uppercase","enable_desktop_slider":true,"swiper_on_mobile":true,"auto_play":false,"change_slides_speed":5,"columns_desktop":5,"rows_desktop":2,"spacing":30,"full_width":false,"show_section_divider":true,"padding_top":64,"padding_bottom":32,"columns_mobile":"2","spacing_mobile":20,"full_width_mobile":false,"show_section_divider_mobile":true,"padding_top_mobile":40,"padding_bottom_mobile":20}},"c9b52aa5-e7f5-4fe3-8f95-f035b886990d":{"type":"collection-list","blocks":{"template--16228044603552__c9b52aa5-e7f5-4fe3-8f95-f035b886990d-featured_collection-1":{"type":"featured_collection","settings":{"collection":""}},"template--16228044603552__c9b52aa5-e7f5-4fe3-8f95-f035b886990d-featured_collection-2":{"type":"featured_collection","settings":{"collection":""}},"template--16228044603552__c9b52aa5-e7f5-4fe3-8f95-f035b886990d-featured_collection-3":{"type":"featured_collection","settings":{"collection":""}},"template--16228044603552__c9b52aa5-e7f5-4fe3-8f95-f035b886990d-featured_collection-4":{"type":"featured_collection","settings":{"collection":""}},"742ce77f-1945-40ea-a179-ad7c43d25fe5":{"type":"featured_collection","settings":{"collection":""}},"6a721823-ac91-4a63-895c-14b7849abc1d":{"type":"featured_collection","settings":{"collection":""}}},"block_order":["template--16228044603552__c9b52aa5-e7f5-4fe3-8f95-f035b886990d-featured_collection-1","template--16228044603552__c9b52aa5-e7f5-4fe3-8f95-f035b886990d-featured_collection-2","template--16228044603552__c9b52aa5-e7f5-4fe3-8f95-f035b886990d-featured_collection-3","template--16228044603552__c9b52aa5-e7f5-4fe3-8f95-f035b886990d-featured_collection-4","742ce77f-1945-40ea-a179-ad7c43d25fe5","6a721823-ac91-4a63-895c-14b7849abc1d"],"settings":{"heading":"EXPLORE THE LATEST COLLECTION","heading_size":80,"heading_alignment":"center","show_view_all":false,"background_color_light":"","background_color_dark":"","image_ratio":"round","title_size":80,"show_text_overlay":false,"content_alignment":"center","content_position":"bottom","image_overlay_opacity":5,"title_color":"rgba(0,0,0,0)","text_light":"rgba(0,0,0,0)","title_color_dark":"rgba(0,0,0,0)","text_dark":"rgba(0,0,0,0)","show_item_count":true,"columns_desktop":6,"columns_mobile":"2","enable_desktop_slider":false,"swiper_on_mobile":true,"spacing":30,"show_section_divider":false,"full_width":false,"padding_top":32,"padding_bottom":32,"spacing_mobile":20,"show_section_divider_mobile":false,"padding_top_mobile":20,"padding_bottom_mobile":20}},"8643a661-bee0-474b-aa4f-607e1da5bd7d":{"type":"media-gallery","blocks":{"template--16228044603552__8643a661-bee0-474b-aa4f-607e1da5bd7d-media-1":{"type":"media","settings":{"image_link":"","open_new_window":false,"video_url":"","enable_video_autoplay":true,"video_alt_text":"","content_position":"bottom","overlay_opacity":20,"number_of_columns":2,"number_of_row":1,"title":"New Arrival Winter","title_size":80,"text":"<p>Browse Through Out Latest Trendy Collections Browse Through Out Latest Latest Trendy Collections<\/p>","text_size":130,"text_align":"center","button_label":"DISCOVER NOW","button_link":"","open_new_window_button":false,"color_overlay":"rgba(0,0,0,0)","title_color":"#ffffff","text_color":"#ffffff","color_button":"#2cb29b","background_button":"#ffffff","color_button_hover":"rgba(0,0,0,0)","background_button_hover":"rgba(0,0,0,0)"}},"template--16228044603552__8643a661-bee0-474b-aa4f-607e1da5bd7d-media-2":{"type":"media","settings":{"image_link":"","open_new_window":false,"video_url":"","enable_video_autoplay":true,"video_alt_text":"","content_position":"bottom","overlay_opacity":20,"number_of_columns":1,"number_of_row":1,"title":"Must Have Items","title_size":80,"text":"<p>Browse Through Out Latest Trendy Collections<\/p>","text_size":130,"text_align":"center","button_label":"DISCOVER NOW","button_link":"","open_new_window_button":false,"color_overlay":"rgba(0,0,0,0)","title_color":"#ffffff","text_color":"#ffffff","color_button":"#2cb29b","background_button":"#ffffff","color_button_hover":"rgba(0,0,0,0)","background_button_hover":"rgba(0,0,0,0)"}},"template--16228044603552__8643a661-bee0-474b-aa4f-607e1da5bd7d-media-3":{"type":"media","settings":{"image_link":"","open_new_window":false,"video_url":"","enable_video_autoplay":true,"video_alt_text":"","content_position":"bottom","overlay_opacity":20,"number_of_columns":1,"number_of_row":1,"title":"Baby Stroller","title_size":80,"text":"<p>Browse Through Out Latest Trendy Collections<\/p>","text_size":130,"text_align":"center","button_label":"DISCOVER NOW","button_link":"","open_new_window_button":false,"color_overlay":"rgba(0,0,0,0)","title_color":"#ffffff","text_color":"#ffffff","color_button":"#2cb29b","background_button":"#ffffff","color_button_hover":"rgba(0,0,0,0)","background_button_hover":"rgba(0,0,0,0)"}},"4842f06b-8902-4de3-a0fc-49a8e0732ea4":{"type":"media","settings":{"image_link":"","open_new_window":false,"video_url":"","enable_video_autoplay":true,"video_alt_text":"","content_position":"bottom","overlay_opacity":20,"number_of_columns":1,"number_of_row":1,"title":"Pushchairs","title_size":80,"text":"<p>Browse Through Out Latest Trendy Collections<\/p>","text_size":130,"text_align":"center","button_label":"DISCOVER NOW","button_link":"","open_new_window_button":false,"color_overlay":"rgba(0,0,0,0)","title_color":"#ffffff","text_color":"#ffffff","color_button":"#2cb29b","background_button":"#ffffff","color_button_hover":"rgba(0,0,0,0)","background_button_hover":"rgba(0,0,0,0)"}},"5700da96-6b10-438a-8bc2-e93b828e9993":{"type":"media","settings":{"image_link":"","open_new_window":false,"video_url":"","enable_video_autoplay":true,"video_alt_text":"","content_position":"bottom","overlay_opacity":20,"number_of_columns":1,"number_of_row":1,"title":"Winter Clothing","title_size":80,"text":"<p>Browse Through Out Latest Trendy Collections<\/p>","text_size":130,"text_align":"center","button_label":"DISCOVER NOW","button_link":"","open_new_window_button":false,"color_overlay":"rgba(0,0,0,0)","title_color":"#ffffff","text_color":"#ffffff","color_button":"#2cb29b","background_button":"#ffffff","color_button_hover":"rgba(0,0,0,0)","background_button_hover":"rgba(0,0,0,0)"}},"67d45a68-e82d-409c-aa90-547a3a509b17":{"type":"media","settings":{"image_link":"","open_new_window":false,"video_url":"","enable_video_autoplay":true,"video_alt_text":"","content_position":"bottom","overlay_opacity":20,"number_of_columns":2,"number_of_row":1,"title":"Products for Pregnant","title_size":80,"text":"<p>Browse Through Out Latest Trendy Collections Browse Through Out Latest Latest Trendy Collections<\/p>","text_size":130,"text_align":"center","button_label":"DISCOVER NOW","button_link":"","open_new_window_button":false,"color_overlay":"rgba(0,0,0,0)","title_color":"#ffffff","text_color":"#ffffff","color_button":"#2cb29b","background_button":"#ffffff","color_button_hover":"rgba(0,0,0,0)","background_button_hover":"rgba(0,0,0,0)"}}},"block_order":["template--16228044603552__8643a661-bee0-474b-aa4f-607e1da5bd7d-media-1","template--16228044603552__8643a661-bee0-474b-aa4f-607e1da5bd7d-media-2","template--16228044603552__8643a661-bee0-474b-aa4f-607e1da5bd7d-media-3","4842f06b-8902-4de3-a0fc-49a8e0732ea4","5700da96-6b10-438a-8bc2-e93b828e9993","67d45a68-e82d-409c-aa90-547a3a509b17"],"settings":{"heading":"","heading_size":100,"heading_alignment":"center","max_columns":4,"spacing":4,"height_desktop":400,"show_section_divider":false,"full_width":true,"padding_full_width":false,"padding_top":32,"padding_bottom":32,"min_columns_mobile":"1","spacing_mobile":4,"height_mobile":270,"show_section_divider_mobile":false,"full_width_mobile":true,"padding_top_mobile":20,"padding_bottom_mobile":20}},"de82033d-8c77-4a8f-af6f-afec6ff9d0a1":{"type":"featured-collection","blocks":{"template--16228044603552__de82033d-8c77-4a8f-af6f-afec6ff9d0a1-collection-1":{"type":"collection","settings":{"collection":"","show_description":true,"description":"","show_vendor":false,"show_rating":false,"show_quickview":true,"show_promotion":false,"promotion_position":"left","card_link":"","open_new_window":false,"enable_text_overlay":false,"overlay_opacity":0,"image_ratio":"100","heading":"Featured collection","heading_size":70,"content":"<p>10% OFF<\/p>","text_size":100,"content_alignment":"center","content_position":"bottom","button_label":"See more","button_link":"","open_new_window_button":false,"background_color":"rgba(0,0,0,0)","color_text":"rgba(0,0,0,0)","color_button":"rgba(0,0,0,0)","color_text_button":"rgba(0,0,0,0)","color_button_hover":"rgba(0,0,0,0)","color_text_button_hover":"rgba(0,0,0,0)","color_button_secondary":"rgba(0,0,0,0)"}}},"block_order":["template--16228044603552__de82033d-8c77-4a8f-af6f-afec6ff9d0a1-collection-1"],"settings":{"title":"DEAL HOT THIS WEEK","heading_size":80,"heading_alignment":"center","show_view_all":false,"view_all_position":"top","title_size":120,"title_style":"none","enable_desktop_slider":false,"swiper_on_mobile":true,"auto_play":false,"change_slides_speed":5,"columns_desktop":5,"rows_desktop":1,"spacing":30,"full_width":false,"show_section_divider":false,"padding_top":32,"padding_bottom":32,"columns_mobile":"2","spacing_mobile":20,"full_width_mobile":false,"show_section_divider_mobile":false,"padding_top_mobile":20,"padding_bottom_mobile":20}},"1da14272-5eca-4ff0-a095-614f0262aa25":{"type":"logo-list","blocks":{"template--16228044603552__1da14272-5eca-4ff0-a095-614f0262aa25-logo-1":{"type":"logo","settings":{"image_link":"","open_new_window":false}},"template--16228044603552__1da14272-5eca-4ff0-a095-614f0262aa25-logo-2":{"type":"logo","settings":{"image_link":"","open_new_window":false}},"template--16228044603552__1da14272-5eca-4ff0-a095-614f0262aa25-logo-3":{"type":"logo","settings":{"image_link":"","open_new_window":false}},"template--16228044603552__1da14272-5eca-4ff0-a095-614f0262aa25-logo-4":{"type":"logo","settings":{"image_link":"","open_new_window":false}},"template--16228044603552__1da14272-5eca-4ff0-a095-614f0262aa25-logo-5":{"type":"logo","settings":{"image_link":"","open_new_window":false}},"template--16228044603552__1da14272-5eca-4ff0-a095-614f0262aa25-logo-6":{"type":"logo","settings":{"image_link":"","open_new_window":false}},"452f2563-e7c7-4110-b53f-8e359530945f":{"type":"logo","settings":{"image_link":"","open_new_window":false}},"839d79fe-8291-4c5f-b6b9-ca05fbfc41a3":{"type":"logo","settings":{"image_link":"","open_new_window":false}}},"block_order":["template--16228044603552__1da14272-5eca-4ff0-a095-614f0262aa25-logo-1","template--16228044603552__1da14272-5eca-4ff0-a095-614f0262aa25-logo-2","template--16228044603552__1da14272-5eca-4ff0-a095-614f0262aa25-logo-3","template--16228044603552__1da14272-5eca-4ff0-a095-614f0262aa25-logo-4","template--16228044603552__1da14272-5eca-4ff0-a095-614f0262aa25-logo-5","template--16228044603552__1da14272-5eca-4ff0-a095-614f0262aa25-logo-6","452f2563-e7c7-4110-b53f-8e359530945f","839d79fe-8291-4c5f-b6b9-ca05fbfc41a3"],"settings":{"heading":"POPULAR BRAND","heading_size":80,"heading_alignment":"center","corner_image":0,"show_border":true,"image_ratio":"auto","background_color_light":"rgba(0,0,0,0)","background_color_dark":"rgba(0,0,0,0)","enable_carousel_on_desktop":false,"auto_switch_bar":true,"change_bar_every":5,"show_navigation":true,"columns_desktop":4,"full_width":false,"show_section_divider":false,"spacing":30,"padding_top":32,"padding_bottom":32,"layout_mobile":"stacked","columns_mobile":"2","show_section_divider_mobile":false,"spacing_mobile":20,"padding_top_mobile":20,"padding_bottom_mobile":20}},"b6f61913-20a2-4368-8645-641a9e9c2a49":{"type":"promotion-banner","blocks":{"template--16228044603552__b6f61913-20a2-4368-8645-641a9e9c2a49-image_banner-1":{"type":"image_banner","settings":{"heading":"New sesson, new arrival","heading_size":170,"subheading":"","text":"Sale Minium 25% Discount Or Up 75% Off On A Big Range Of Products","text_size":130,"content_box_type":"square","add_frame":false,"color_content_box_light":"rgba(0,0,0,0)","color_content_box_dark":"rgba(0,0,0,0)"}},"template--16228044603552__b6f61913-20a2-4368-8645-641a9e9c2a49-buttons-1":{"type":"buttons","settings":{"button_label":"DISCOVER NOW","button_link":"","open_new_window_button":false,"button_label_2":"","button_link_2":"","open_new_window_button_2":false,"color_button":"#ffffff","color_button_hover":"rgba(0,0,0,0)","color_text_button":"#2cb29b","color_text_button_hover":"rgba(0,0,0,0)","color_button_secondary":"rgba(0,0,0,0)"}}},"block_order":["template--16228044603552__b6f61913-20a2-4368-8645-641a9e9c2a49-image_banner-1","template--16228044603552__b6f61913-20a2-4368-8645-641a9e9c2a49-buttons-1"],"settings":{"heading":"Promotion Banner","image_link":"","open_new_window":false,"image_overlay_opacity":20,"content_position":"center","content_horizontal":50,"content_vertical":50,"position_content_mobile":"center","content_alignment":"center","show_hero":false,"full_width":true,"padding_full_width":false,"rounded_corner_image":false,"desktop_height":"550px","padding_top":32,"padding_bottom":32,"full_width_mobile":true,"rounded_corner_image_mobile":false,"mobile_height":"400px","padding_top_mobile":20,"padding_bottom_mobile":20}},"b298ed5e-7537-491b-ad59-a8df424a3f8a":{"type":"featured-product","blocks":{"eee0d211-d181-48b3-9744-ddcffce967b7":{"type":"product_name","settings":{}},"template--16228044603552__b298ed5e-7537-491b-ad59-a8df424a3f8a-badges-1":{"type":"badges","settings":{}},"template--16228044603552__b298ed5e-7537-491b-ad59-a8df424a3f8a-price-1":{"type":"price","settings":{"show_tax_and_shipping":false}},"template--16228044603552__b298ed5e-7537-491b-ad59-a8df424a3f8a-description-1":{"type":"description","settings":{"show_in_tab":false}},"template--16228044603552__b298ed5e-7537-491b-ad59-a8df424a3f8a-variant_picker-1":{"type":"variant_picker","settings":{"picker_type":"button","show_variant_option":true,"enable_color_swatches":false}},"template--16228044603552__b298ed5e-7537-491b-ad59-a8df424a3f8a-quantity_selector-1":{"type":"quantity_selector","settings":{}},"template--16228044603552__b298ed5e-7537-491b-ad59-a8df424a3f8a-buy_buttons-1":{"type":"buy_buttons","settings":{"show_dynamic_checkout":true,"pickup_availability":true,"preorder_show":"no","preorder_button_label":"Pre-order","preorder_message":"<p>This product will be available for sale in 2 weeks, but you can pre-order now to receive 10% discount!<\/p>","preorder_show_dynamic_button":false,"show_background":false,"box_type":"square","background_color_light":"rgba(0,0,0,0)","message_color_light":"rgba(0,0,0,0)","background_color_dark":"rgba(0,0,0,0)","message_color_dark":"rgba(0,0,0,0)"}},"7025f50b-388b-4e52-88b9-92860f0264c5":{"type":"collapsible_tab","settings":{"heading":"Additional Information","tab_content":"<p>Share information about your brand with your customers. Describe a product, make announcements, or welcome customers to your store.<\/p>"}},"92d27d56-03ff-4965-a208-ab6c3645857d":{"type":"collapsible_tab","settings":{"heading":"Additional Information","tab_content":"<p>Share information about your brand with your customers. Describe a product, make announcements, or welcome customers to your store.<\/p>"}},"cfe1b012-96be-4480-9382-5cc8616c07f6":{"type":"social_sharing","settings":{}}},"block_order":["eee0d211-d181-48b3-9744-ddcffce967b7","template--16228044603552__b298ed5e-7537-491b-ad59-a8df424a3f8a-badges-1","template--16228044603552__b298ed5e-7537-491b-ad59-a8df424a3f8a-price-1","template--16228044603552__b298ed5e-7537-491b-ad59-a8df424a3f8a-description-1","template--16228044603552__b298ed5e-7537-491b-ad59-a8df424a3f8a-variant_picker-1","template--16228044603552__b298ed5e-7537-491b-ad59-a8df424a3f8a-quantity_selector-1","template--16228044603552__b298ed5e-7537-491b-ad59-a8df424a3f8a-buy_buttons-1","7025f50b-388b-4e52-88b9-92860f0264c5","92d27d56-03ff-4965-a208-ab6c3645857d","cfe1b012-96be-4480-9382-5cc8616c07f6"],"settings":{"product":"","show_product_name":false,"show_vendor":false,"desktop_layout":"left","image_ratio":"square","show_arrow_button":false,"show_thumbnails":true,"thumbnail_position":"vertical","enable_image_zoom":true,"enable_video_autoplay":false,"enable_video_loop":false,"show_first_image_avaiable":true,"full_width":false,"spacing_col":"small","show_section_divider":false,"padding_top":32,"padding_bottom":64,"full_width_mobile":false,"show_section_divider_mobile":false,"padding_top_mobile":20,"padding_bottom_mobile":40,"background_color_light":"#ffffff","text_light":"rgba(0,0,0,0)","background_color_dark":"#000000","text_dark":"rgba(0,0,0,0)"}},"fc46ea2c-0359-4036-b517-bab373652750":{"type":"featured-blog","settings":{"heading":"ON THE BLOG","heading_size":80,"heading_alignment":"center","blog":"news","post_limit":3,"columns_desktop":3,"show_view_all":false,"view_all_position":"top","content_alignment":"left","show_image":true,"image_ratio":"75","item_secondary_background":false,"show_author":false,"show_name":true,"show_date":false,"show_excerpt":false,"show_tag":true,"show_comment_counts":false,"enable_desktop_slider":false,"swiper_on_mobile":true,"auto_play":false,"change_slides_speed":5,"full_width":false,"spacing":30,"show_section_divider":true,"padding_top":64,"padding_bottom":32,"columns_mobile":"1","spacing_mobile":20,"show_section_divider_mobile":true,"padding_top_mobile":40,"padding_bottom_mobile":20}},"bda4d44e-d750-4b85-a5ac-0241e38fb401":{"type":"newsletter","blocks":{"template--16228044603552__bda4d44e-d750-4b85-a5ac-0241e38fb401-heading-1":{"type":"heading","settings":{"heading":"LET’S STAY CONNECTED","heading_size":80}},"template--16228044603552__bda4d44e-d750-4b85-a5ac-0241e38fb401-paragraph-1":{"type":"paragraph","settings":{"text":"<p>Apply for our free membership to receive exclusive deals, news and events.<\/p>"}},"template--16228044603552__bda4d44e-d750-4b85-a5ac-0241e38fb401-email_form-1":{"type":"email_form","settings":{"button_label":"Subscribe","form_width":"large"}}},"block_order":["template--16228044603552__bda4d44e-d750-4b85-a5ac-0241e38fb401-heading-1","template--16228044603552__bda4d44e-d750-4b85-a5ac-0241e38fb401-paragraph-1","template--16228044603552__bda4d44e-d750-4b85-a5ac-0241e38fb401-email_form-1"],"settings":{"background_color_light":"","heading_light":"rgba(0,0,0,0)","text_light":"rgba(0,0,0,0)","button_light":"rgba(0,0,0,0)","button_text_light":"rgba(0,0,0,0)","button_hover_light":"rgba(0,0,0,0)","button_text_hover_light":"rgba(0,0,0,0)","line_border":"rgba(0,0,0,0)","background_color_dark":"","heading_dark":"rgba(0,0,0,0)","text_dark":"rgba(0,0,0,0)","button_dark":"rgba(0,0,0,0)","button_text_dark":"rgba(0,0,0,0)","button_hover_dark":"rgba(0,0,0,0)","button_text_hover_dark":"rgba(0,0,0,0)","line_border_dark":"rgba(0,0,0,0)","show_section_divider":true,"padding_top":64,"padding_bottom":32,"show_section_divider_mobile":true,"padding_top_mobile":40,"padding_bottom_mobile":20}},"08bb1e98-16a7-483e-86fc-18924306276f":{"type":"map","blocks":{"template--16228044603552__08bb1e98-16a7-483e-86fc-18924306276f-heading-1":{"type":"heading","settings":{"heading":"Store name","heading_size":90}},"template--16228044603552__08bb1e98-16a7-483e-86fc-18924306276f-richtext-1":{"type":"richtext","settings":{"text":"<p>75 9th Ave, New York, NY 10011-7006<\/p><\/br><p>Mon - Fri, 8:30am - 10:30pm,<\/br>Saturday, 8:30am - 10:30pm,<\/br>Sunday, 8:30am - 10:30pm<\/p>","text_size":100}},"template--16228044603552__08bb1e98-16a7-483e-86fc-18924306276f-button-1":{"type":"button","settings":{"button_label":"Get directions"}}},"block_order":["template--16228044603552__08bb1e98-16a7-483e-86fc-18924306276f-heading-1","template--16228044603552__08bb1e98-16a7-483e-86fc-18924306276f-richtext-1","template--16228044603552__08bb1e98-16a7-483e-86fc-18924306276f-button-1"],"settings":{"store_address":"75 9th Ave, New York, NY 10011-7006","desktop_height":"600px","mobile_height":"600px","rounded_corner_image":false,"content_position":"top-left","content_alignment":"left","bg_color_map":"rgba(0,0,0,0)","text_color_map":"rgba(0,0,0,0)","heading_color":"rgba(0,0,0,0)","bg_color_map_dark":"rgba(0,0,0,0)","text_color_map_dark":"rgba(0,0,0,0)","heading_color_dark":"rgba(0,0,0,0)","full_width":true,"padding_top":32,"padding_bottom":0,"full_width_mobile":true,"padding_top_mobile":20,"padding_bottom_mobile":0}}},"order":["main","f0cbc652-8ff2-4fde-a0c9-2351ec837f17","b457eb4a-628a-44bc-b003-f9d2878b22ba","9c55ed50-db2c-4dc4-9bb5-e0e112486d86","c9b52aa5-e7f5-4fe3-8f95-f035b886990d","8643a661-bee0-474b-aa4f-607e1da5bd7d","de82033d-8c77-4a8f-af6f-afec6ff9d0a1","1da14272-5eca-4ff0-a095-614f0262aa25","b6f61913-20a2-4368-8645-641a9e9c2a49","b298ed5e-7537-491b-ad59-a8df424a3f8a","fc46ea2c-0359-4036-b517-bab373652750","bda4d44e-d750-4b85-a5ac-0241e38fb401","08bb1e98-16a7-483e-86fc-18924306276f"]}