{"sections":{"main":{"type":"main-page","disabled":true,"settings":{"show_heading":true,"heading_size":170,"show_breadcrumbs":true,"show_breadcrumbs_border":false,"full_width_breadcrumb":true,"desktop_content_alignment":"text-left","mobile_content_alignment":"text-left","background_color_light":"#f2f2f2","text_color_light":"rgba(0,0,0,0)","textlink_color_light":"rgba(0,0,0,0)","background_color_dark":"#313131","text_color_dark":"rgba(0,0,0,0)","textlink_color_dark":"rgba(0,0,0,0)","padding_top":28,"padding_bottom":28,"padding_top_mobile":20,"padding_bottom_mobile":20}},"706e7610-1e19-47fe-afdc-3d0d2e919074":{"type":"slideshow","blocks":{"template--20754774196525__706e7610-1e19-47fe-afdc-3d0d2e919074-slide-1":{"type":"slide","settings":{"image":"","overlay_opacity":20,"subheading":"UP TO 30% OFF","heading":"Spring Summer Sale","heading_size":160,"text":"","button_label_1":"New Arrival","button_link_1":"","open_new_window_button":false,"button_label_2":"Shop All","button_link_2":"","open_new_window_button_2":false,"content_alignment":"custom","custom_horizontal":20,"custom_vertical":50,"color_text":"#ffffff","color_button":"#ffffff","color_text_button":"#000000","color_button_hover":"rgba(0,0,0,0)","color_text_button_hover":"rgba(0,0,0,0)","color_button_secondary":"#ffffff"}},"template--20754774196525__706e7610-1e19-47fe-afdc-3d0d2e919074-slide-2":{"type":"slide","settings":{"image":"","image_mobile":"","overlay_opacity":20,"subheading":"UP TO 30% OFF","heading":"Spring Summer Sale","heading_size":160,"text":"","button_label_1":"New Arrival","button_link_1":"","open_new_window_button":false,"button_label_2":"Shop All","button_link_2":"","open_new_window_button_2":false,"content_alignment":"middle-center","custom_horizontal":80,"custom_vertical":50,"color_text":"#ffffff","color_button":"#ffffff","color_text_button":"#000000","color_button_hover":"rgba(0,0,0,0)","color_text_button_hover":"rgba(0,0,0,0)","color_button_secondary":"#ffffff"}},"cebdbaa1-4027-4fee-8580-8a6e46f2ab59":{"type":"slide","settings":{"image":"","image_mobile":"","overlay_opacity":20,"subheading":"UP TO 30% OFF","heading":"Spring Summer Sale","heading_size":160,"text":"","button_label_1":"New Arrival","button_link_1":"","open_new_window_button":false,"button_label_2":"Shop All","button_link_2":"","open_new_window_button_2":false,"content_alignment":"middle-right","custom_horizontal":50,"custom_vertical":51,"color_text":"#ffffff","color_button":"#ffffff","color_text_button":"#000000","color_button_hover":"rgba(0,0,0,0)","color_text_button_hover":"rgba(0,0,0,0)","color_button_secondary":"#ffffff"}}},"block_order":["template--20754774196525__706e7610-1e19-47fe-afdc-3d0d2e919074-slide-1","template--20754774196525__706e7610-1e19-47fe-afdc-3d0d2e919074-slide-2","cebdbaa1-4027-4fee-8580-8a6e46f2ab59"],"settings":{"show_hero":true,"auto_play":true,"change_slides_speed":10,"show_arrow":false,"slider_visual":"bars","transition_style":"fade","full_width":true,"padding_full_width":false,"rounded_corner_image":false,"desktop_height":"fullscreen","padding_top":0,"padding_bottom":0,"full_width_mobile":true,"rounded_corner_image_mobile":false,"mobile_height":"500","padding_top_mobile":0,"padding_bottom_mobile":0}},"04562db9-694b-486d-8371-e0eef3cb296a":{"type":"logo-list","blocks":{"template--20754774196525__04562db9-694b-486d-8371-e0eef3cb296a-logo-1":{"type":"logo","settings":{"image_logo":"","image_link":"","open_new_window":false}},"template--20754774196525__04562db9-694b-486d-8371-e0eef3cb296a-logo-2":{"type":"logo","settings":{"image_logo":"","image_link":"","open_new_window":false}},"template--20754774196525__04562db9-694b-486d-8371-e0eef3cb296a-logo-3":{"type":"logo","settings":{"image_logo":"","image_link":"","open_new_window":false}},"template--20754774196525__04562db9-694b-486d-8371-e0eef3cb296a-logo-4":{"type":"logo","settings":{"image_logo":"","image_link":"","open_new_window":false}},"e1aff670-3af1-43b5-a533-672904ac2ee3":{"type":"logo","settings":{"image_logo":"","image_link":"","open_new_window":false}},"5160449e-33f6-4259-9b13-f26aac3478b0":{"type":"logo","settings":{"image_logo":"","image_link":"","open_new_window":false}},"63f848c1-7436-4769-9a6b-9c4d641eecd6":{"type":"logo","settings":{"image_logo":"","image_link":"","open_new_window":false}},"0cf67b3c-159f-494a-860a-bce263a5065f":{"type":"logo","settings":{"image_logo":"","image_link":"","open_new_window":false}},"a71f45aa-cbcf-43a4-ad9b-e7ce0ae06e8c":{"type":"logo","settings":{"image_logo":"","image_link":"","open_new_window":false}},"397a39d4-b584-47a5-ac50-afe48d7da8b9":{"type":"logo","settings":{"image_logo":"","image_link":"","open_new_window":false}},"701a58fa-2ffd-452b-b2ab-bccac5d37aea":{"type":"logo","settings":{"image_logo":"","image_link":"","open_new_window":false}},"002abec5-6760-40d1-9122-3786c5c739db":{"type":"logo","settings":{"image_logo":"","image_link":"","open_new_window":false}},"716b5334-5a34-4992-b4e0-7d7f78adf437":{"type":"logo","settings":{"image_logo":"","image_link":"","open_new_window":false}}},"block_order":["template--20754774196525__04562db9-694b-486d-8371-e0eef3cb296a-logo-1","template--20754774196525__04562db9-694b-486d-8371-e0eef3cb296a-logo-2","template--20754774196525__04562db9-694b-486d-8371-e0eef3cb296a-logo-3","template--20754774196525__04562db9-694b-486d-8371-e0eef3cb296a-logo-4","e1aff670-3af1-43b5-a533-672904ac2ee3","5160449e-33f6-4259-9b13-f26aac3478b0","63f848c1-7436-4769-9a6b-9c4d641eecd6","0cf67b3c-159f-494a-860a-bce263a5065f","a71f45aa-cbcf-43a4-ad9b-e7ce0ae06e8c","397a39d4-b584-47a5-ac50-afe48d7da8b9","701a58fa-2ffd-452b-b2ab-bccac5d37aea","002abec5-6760-40d1-9122-3786c5c739db","716b5334-5a34-4992-b4e0-7d7f78adf437"],"settings":{"heading":"","heading_size":100,"corner_image":0,"background_color_light":"rgba(0,0,0,0)","background_color_dark":"rgba(0,0,0,0)","enable_carousel_on_desktop":true,"auto_switch_bar":true,"change_bar_every":5,"show_navigation":false,"columns_desktop":9,"full_width":true,"show_section_divider":false,"spacing":40,"padding_top":32,"padding_bottom":32,"layout_mobile":"carousel","columns_mobile":"2","show_section_divider_mobile":false,"spacing_mobile":16,"padding_top_mobile":28,"padding_bottom_mobile":28}},"0f96fde6-c5ae-4616-aeb0-91e707420954":{"type":"featured-collection","blocks":{"template--20754774196525__0f96fde6-c5ae-4616-aeb0-91e707420954-collection-1":{"type":"collection","settings":{"collection":"","show_description":true,"description":"","show_vendor":false,"show_rating":true,"show_quickview":true,"show_promotion":false,"promotion_position":"left","card_link":"","open_new_window":false,"enable_text_overlay":false,"overlay_opacity":0,"image_ratio":"100","heading":"Featured collection","heading_size":70,"content":"<p>10% OFF<\/p>","text_size":100,"content_alignment":"center","content_position":"bottom","button_label":"See more","button_link":"","open_new_window_button":false,"background_color":"rgba(0,0,0,0)","color_text":"rgba(0,0,0,0)","color_button":"rgba(0,0,0,0)","color_text_button":"rgba(0,0,0,0)","color_button_hover":"rgba(0,0,0,0)","color_text_button_hover":"rgba(0,0,0,0)","color_button_secondary":"rgba(0,0,0,0)"}},"960ad02d-0fcb-4e3b-a0d0-b1dd54b7063a":{"type":"collection","settings":{"collection":"","show_description":true,"description":"","show_vendor":false,"show_rating":true,"show_quickview":true,"show_promotion":false,"promotion_position":"left","card_link":"","open_new_window":false,"enable_text_overlay":false,"overlay_opacity":0,"image_ratio":"100","heading":"Featured collection","heading_size":70,"content":"<p>10% OFF<\/p>","text_size":100,"content_alignment":"center","content_position":"bottom","button_label":"See more","button_link":"","open_new_window_button":false,"background_color":"rgba(0,0,0,0)","color_text":"rgba(0,0,0,0)","color_button":"rgba(0,0,0,0)","color_text_button":"rgba(0,0,0,0)","color_button_hover":"rgba(0,0,0,0)","color_text_button_hover":"rgba(0,0,0,0)","color_button_secondary":"rgba(0,0,0,0)"}},"45e4ec3a-57c9-4097-b1f9-0adae06399d1":{"type":"collection","settings":{"collection":"","show_description":true,"description":"","show_vendor":false,"show_rating":true,"show_quickview":true,"show_promotion":false,"promotion_position":"left","card_link":"","open_new_window":false,"enable_text_overlay":false,"overlay_opacity":0,"image_ratio":"100","heading":"Featured collection","heading_size":70,"content":"<p>10% OFF<\/p>","text_size":100,"content_alignment":"center","content_position":"bottom","button_label":"See more","button_link":"","open_new_window_button":false,"background_color":"rgba(0,0,0,0)","color_text":"rgba(0,0,0,0)","color_button":"rgba(0,0,0,0)","color_text_button":"rgba(0,0,0,0)","color_button_hover":"rgba(0,0,0,0)","color_text_button_hover":"rgba(0,0,0,0)","color_button_secondary":"rgba(0,0,0,0)"}}},"block_order":["template--20754774196525__0f96fde6-c5ae-4616-aeb0-91e707420954-collection-1","960ad02d-0fcb-4e3b-a0d0-b1dd54b7063a","45e4ec3a-57c9-4097-b1f9-0adae06399d1"],"settings":{"title":"New Products","heading_size":100,"heading_alignment":"center","show_view_all":false,"view_all_position":"top","enable_desktop_slider":true,"swiper_on_mobile":true,"auto_play":false,"change_slides_speed":5,"columns_desktop":4,"rows_desktop":2,"spacing":28,"full_width":false,"show_section_divider":true,"padding_top":60,"padding_bottom":28,"columns_mobile":"2","spacing_mobile":16,"full_width_mobile":false,"show_section_divider_mobile":true,"padding_top_mobile":28,"padding_bottom_mobile":16}},"e5622ead-76ea-4d21-b2e3-cfa4466087a8":{"type":"collection-list","blocks":{"template--20754774196525__e5622ead-76ea-4d21-b2e3-cfa4466087a8-featured_collection-1":{"type":"featured_collection","settings":{"collection":""}},"template--20754774196525__e5622ead-76ea-4d21-b2e3-cfa4466087a8-featured_collection-2":{"type":"featured_collection","settings":{"collection":""}},"template--20754774196525__e5622ead-76ea-4d21-b2e3-cfa4466087a8-featured_collection-3":{"type":"featured_collection","settings":{"collection":""}},"template--20754774196525__e5622ead-76ea-4d21-b2e3-cfa4466087a8-featured_collection-4":{"type":"featured_collection","settings":{"collection":""}},"a2b3cb76-bcd3-42f4-8cd5-1b273c54fae5":{"type":"featured_collection","settings":{"collection":""}},"e4341d85-e7ab-441e-8841-33b9a029ac9b":{"type":"featured_collection","settings":{"collection":""}}},"block_order":["template--20754774196525__e5622ead-76ea-4d21-b2e3-cfa4466087a8-featured_collection-1","template--20754774196525__e5622ead-76ea-4d21-b2e3-cfa4466087a8-featured_collection-2","template--20754774196525__e5622ead-76ea-4d21-b2e3-cfa4466087a8-featured_collection-3","template--20754774196525__e5622ead-76ea-4d21-b2e3-cfa4466087a8-featured_collection-4","a2b3cb76-bcd3-42f4-8cd5-1b273c54fae5","e4341d85-e7ab-441e-8841-33b9a029ac9b"],"settings":{"heading":"Shop By Categories","heading_size":100,"heading_alignment":"center","show_view_all":false,"background_color_light":"","background_color_dark":"","image_ratio":"round","title_size":80,"show_text_overlay":false,"content_alignment":"center","content_position":"bottom","image_overlay_opacity":5,"title_color":"rgba(0,0,0,0)","text_light":"rgba(0,0,0,0)","title_color_dark":"rgba(0,0,0,0)","text_dark":"rgba(0,0,0,0)","show_item_count":true,"columns_desktop":6,"columns_mobile":"2","enable_desktop_slider":false,"swiper_on_mobile":true,"spacing":4,"show_section_divider":false,"full_width":false,"padding_top":32,"padding_bottom":28,"spacing_mobile":4,"show_section_divider_mobile":false,"padding_top_mobile":20,"padding_bottom_mobile":28}},"397461cb-2431-439a-941a-df7e2b6c44a9":{"type":"media-gallery","blocks":{"template--20754774196525__397461cb-2431-439a-941a-df7e2b6c44a9-media-1":{"type":"media","settings":{"image":"","image_link":"","open_new_window":false,"video_url":"","enable_video_autoplay":true,"video_alt_text":"","content_position":"center","overlay_opacity":20,"number_of_columns":2,"number_of_row":2,"title":"Spring Summer New Collections","title_size":80,"text":"","text_size":130,"text_align":"center","button_label":"Discover more","button_link":"","open_new_window_button":false,"color_overlay":"rgba(0,0,0,0)","title_color":"#ffffff","text_color":"#ffffff","color_button":"#000000","background_button":"#ffffff","color_button_hover":"rgba(0,0,0,0)","background_button_hover":"rgba(0,0,0,0)"}},"template--20754774196525__397461cb-2431-439a-941a-df7e2b6c44a9-media-2":{"type":"media","settings":{"image":"","image_link":"","open_new_window":false,"video_url":"","enable_video_autoplay":true,"video_alt_text":"","content_position":"center","overlay_opacity":20,"number_of_columns":1,"number_of_row":1,"title":"Men’s Lookbook","title_size":80,"text":"","text_size":130,"text_align":"center","button_label":"Discover more","button_link":"","open_new_window_button":false,"color_overlay":"rgba(0,0,0,0)","title_color":"#ffffff","text_color":"#ffffff","color_button":"#000000","background_button":"#ffffff","color_button_hover":"rgba(0,0,0,0)","background_button_hover":"rgba(0,0,0,0)"}},"template--20754774196525__397461cb-2431-439a-941a-df7e2b6c44a9-media-3":{"type":"media","settings":{"image":"","image_link":"","open_new_window":false,"video_url":"","enable_video_autoplay":true,"video_alt_text":"","content_position":"center","overlay_opacity":20,"number_of_columns":1,"number_of_row":1,"title":"Women’s Lookbook","title_size":80,"text":"","text_size":130,"text_align":"center","button_label":"Discover more","button_link":"","open_new_window_button":false,"color_overlay":"rgba(0,0,0,0)","title_color":"#ffffff","text_color":"#ffffff","color_button":"#000000","background_button":"#ffffff","color_button_hover":"rgba(0,0,0,0)","background_button_hover":"rgba(0,0,0,0)"}}},"block_order":["template--20754774196525__397461cb-2431-439a-941a-df7e2b6c44a9-media-1","template--20754774196525__397461cb-2431-439a-941a-df7e2b6c44a9-media-2","template--20754774196525__397461cb-2431-439a-941a-df7e2b6c44a9-media-3"],"settings":{"heading":"","heading_size":100,"max_columns":2,"spacing":4,"height_desktop":270,"show_section_divider":false,"full_width":true,"padding_top":32,"padding_bottom":28,"min_columns_mobile":"1","spacing_mobile":16,"height_mobile":250,"show_section_divider_mobile":false,"full_width_mobile":true,"padding_top_mobile":28,"padding_bottom_mobile":28}},"7afd35dc-68ab-45e4-9ae9-375fff7da7d9":{"type":"shop-the-look","blocks":{"template--20754774196525__7afd35dc-68ab-45e4-9ae9-375fff7da7d9-look-1":{"type":"look","settings":{"product":"","color_hotspot":"#000000","hotspot_desktop_horizontal":30,"hotspot_desktop_vertical":50,"hotspot_mobile_horizontal":27,"hotspot_mobile_vertical":47}},"template--20754774196525__7afd35dc-68ab-45e4-9ae9-375fff7da7d9-look-2":{"type":"look","settings":{"product":"","color_hotspot":"#000000","hotspot_desktop_horizontal":53,"hotspot_desktop_vertical":27,"hotspot_mobile_horizontal":54,"hotspot_mobile_vertical":25}},"template--20754774196525__7afd35dc-68ab-45e4-9ae9-375fff7da7d9-look-3":{"type":"look","settings":{"product":"","color_hotspot":"#000000","hotspot_desktop_horizontal":64,"hotspot_desktop_vertical":50,"hotspot_mobile_horizontal":65,"hotspot_mobile_vertical":50}}},"block_order":["template--20754774196525__7afd35dc-68ab-45e4-9ae9-375fff7da7d9-look-1","template--20754774196525__7afd35dc-68ab-45e4-9ae9-375fff7da7d9-look-2","template--20754774196525__7afd35dc-68ab-45e4-9ae9-375fff7da7d9-look-3"],"settings":{"heading":"Shop Our Looks","heading_size":100,"image_desktop":"","image_ratio":"square","info_alignment":"center","show_quickview":true,"image_alignment":"left","full_width":false,"show_section_divider":false,"padding_top":28,"padding_bottom":68,"full_width_mobile":false,"show_section_divider_mobile":false,"padding_top_mobile":20,"padding_bottom_mobile":20}},"e47b6a65-efa1-4c26-9164-ed231aefb978":{"type":"newsletter","blocks":{"template--20754774196525__e47b6a65-efa1-4c26-9164-ed231aefb978-heading-1":{"type":"heading","settings":{"heading":"Subscribe to our emails","heading_size":100}},"template--20754774196525__e47b6a65-efa1-4c26-9164-ed231aefb978-paragraph-1":{"type":"paragraph","settings":{"text":"<p>Apply for our free membership to receive exclusive deals, news and events.<\/p>"}},"template--20754774196525__e47b6a65-efa1-4c26-9164-ed231aefb978-email_form-1":{"type":"email_form","settings":{"button_label":"Subscribe","form_width":"large"}}},"block_order":["template--20754774196525__e47b6a65-efa1-4c26-9164-ed231aefb978-heading-1","template--20754774196525__e47b6a65-efa1-4c26-9164-ed231aefb978-paragraph-1","template--20754774196525__e47b6a65-efa1-4c26-9164-ed231aefb978-email_form-1"],"settings":{"background_color_light":"","heading_light":"rgba(0,0,0,0)","text_light":"rgba(0,0,0,0)","button_light":"rgba(0,0,0,0)","button_text_light":"rgba(0,0,0,0)","button_hover_light":"rgba(0,0,0,0)","button_text_hover_light":"rgba(0,0,0,0)","line_border":"rgba(0,0,0,0)","background_color_dark":"","heading_dark":"rgba(0,0,0,0)","text_dark":"rgba(0,0,0,0)","button_dark":"rgba(0,0,0,0)","button_text_dark":"rgba(0,0,0,0)","button_hover_dark":"rgba(0,0,0,0)","button_text_hover_dark":"rgba(0,0,0,0)","line_border_dark":"rgba(0,0,0,0)","padding_top":68,"padding_bottom":68,"padding_top_mobile":20,"padding_bottom_mobile":20}},"4fc0bfde-2c0e-4ff5-aa98-8b03a7ab1481":{"type":"map","blocks":{"template--20754774196525__4fc0bfde-2c0e-4ff5-aa98-8b03a7ab1481-heading-1":{"type":"heading","settings":{"heading":"Find Our Store","heading_size":80}},"template--20754774196525__4fc0bfde-2c0e-4ff5-aa98-8b03a7ab1481-richtext-1":{"type":"richtext","settings":{"text":"<p>75 9th Ave, New York, NY 10011-7006<\/p><p>Mon - Fri, 8:30am - 10:30pm,<br\/>Saturday, 8:30am - 10:30pm,<br\/>Sunday, 8:30am - 10:30pm<\/p>","text_size":100}},"template--20754774196525__4fc0bfde-2c0e-4ff5-aa98-8b03a7ab1481-button-1":{"type":"button","settings":{"button_label":"Get directions"}}},"block_order":["template--20754774196525__4fc0bfde-2c0e-4ff5-aa98-8b03a7ab1481-heading-1","template--20754774196525__4fc0bfde-2c0e-4ff5-aa98-8b03a7ab1481-richtext-1","template--20754774196525__4fc0bfde-2c0e-4ff5-aa98-8b03a7ab1481-button-1"],"settings":{"store_address":"75 9th Ave, New York, NY 10011-7006","desktop_height":"600px","mobile_height":"600px","rounded_corner_image":false,"content_position":"top-left","content_alignment":"left","bg_color_map":"#f6f6f6","text_color_map":"rgba(0,0,0,0)","heading_color":"rgba(0,0,0,0)","bg_color_map_dark":"#2a2a2a","text_color_map_dark":"rgba(0,0,0,0)","heading_color_dark":"rgba(0,0,0,0)","full_width":true,"padding_top":28,"padding_bottom":0,"full_width_mobile":true,"padding_top_mobile":20,"padding_bottom_mobile":0}}},"order":["main","706e7610-1e19-47fe-afdc-3d0d2e919074","04562db9-694b-486d-8371-e0eef3cb296a","0f96fde6-c5ae-4616-aeb0-91e707420954","e5622ead-76ea-4d21-b2e3-cfa4466087a8","397461cb-2431-439a-941a-df7e2b6c44a9","7afd35dc-68ab-45e4-9ae9-375fff7da7d9","e47b6a65-efa1-4c26-9164-ed231aefb978","4fc0bfde-2c0e-4ff5-aa98-8b03a7ab1481"]}