{"sections":{"main":{"type":"main-page","disabled":true,"settings":{"show_heading":true,"heading_size":170,"show_breadcrumbs":true,"show_breadcrumbs_border":false,"full_width_breadcrumb":true,"desktop_content_alignment":"text-left","mobile_content_alignment":"text-left","background_color_light":"#f2f2f2","text_color_light":"rgba(0,0,0,0)","textlink_color_light":"rgba(0,0,0,0)","background_color_dark":"#313131","text_color_dark":"rgba(0,0,0,0)","textlink_color_dark":"rgba(0,0,0,0)","padding_top":28,"padding_bottom":28,"padding_top_mobile":20,"padding_bottom_mobile":20}},"fe5dccd3-17fd-4fd3-ada9-a0e11305981c":{"type":"slideshow","blocks":{"template--21828924539181__fe5dccd3-17fd-4fd3-ada9-a0e11305981c-slide-1":{"type":"slide","settings":{"overlay_opacity":0,"subheading":"UP TO 30% OFF","heading":"MASTERING THE ART OF SKIN CARE","heading_size":170,"text":"","button_label_1":"New Arrival","button_link_1":"","open_new_window_button":false,"button_label_2":"Shop All","button_link_2":"","open_new_window_button_2":false,"content_alignment":"middle-left","custom_horizontal":50,"custom_vertical":50,"alignment":"center","color_text":"rgba(0,0,0,0)","color_button":"#ffffff","color_text_button":"#000000","color_button_hover":"rgba(0,0,0,0)","color_text_button_hover":"rgba(0,0,0,0)","color_button_secondary":"rgba(0,0,0,0)","secondary_button_text":"#ffffff"}},"971b1015-ef28-4d4a-a43c-646bfd6da4a0":{"type":"slide","settings":{"overlay_opacity":0,"subheading":"UP TO 30% OFF","heading":"MASTERING THE ART OF SKIN CARE","heading_size":170,"text":"<p>Tell your brand's story through images<\/p>","button_label_1":"New Arrival","button_link_1":"","open_new_window_button":false,"button_label_2":"Shop All","button_link_2":"","open_new_window_button_2":false,"content_alignment":"middle-center","custom_horizontal":50,"custom_vertical":50,"alignment":"center","color_text":"rgba(0,0,0,0)","color_button":"#ffffff","color_text_button":"#000000","color_button_hover":"rgba(0,0,0,0)","color_text_button_hover":"rgba(0,0,0,0)","color_button_secondary":"rgba(0,0,0,0)","secondary_button_text":"#ffffff"}}},"block_order":["template--21828924539181__fe5dccd3-17fd-4fd3-ada9-a0e11305981c-slide-1","971b1015-ef28-4d4a-a43c-646bfd6da4a0"],"settings":{"show_hero":false,"auto_play":true,"change_slides_speed":5,"show_arrow":false,"slider_visual":"bars","transition_style":"fade","full_width":true,"padding_full_width":false,"rounded_corner_image":false,"desktop_height":"natural","padding_top":0,"padding_bottom":0,"full_width_mobile":true,"rounded_corner_image_mobile":false,"mobile_height":"500","padding_top_mobile":0,"padding_bottom_mobile":0}},"d557b959-57cb-476f-adb6-18808587f120":{"type":"scrolling-banner","blocks":{"template--21829637407021__d557b959-57cb-476f-adb6-18808587f120-text-1":{"type":"text","settings":{"text":"FREE SHIPPING & RETURNS","text_size":120,"text_color":"primary","spacing_left":0,"spacing_right":0,"spacing_left_mobile":0,"spacing_right_mobile":0}}},"block_order":["template--21829637407021__d557b959-57cb-476f-adb6-18808587f120-text-1"],"settings":{"show_border":false,"speed":10,"direction":"right","pause_hover":true,"bg_light":"#6b7050","color_text_light":"#ffffff","color_text_light_2":"rgba(0,0,0,0)","bg_dark":"#6b7050","color_text_dark":"#ffffff","color_text_dark_2":"rgba(0,0,0,0)","space_block":60,"padding_top":20,"padding_bottom":20,"space_block_mobile":40,"padding_top_mobile":20,"padding_bottom_mobile":20}},"e32885d8-0a8f-4c4f-8801-377d01cb7656":{"type":"featured-collection","blocks":{"template--21828924539181__e32885d8-0a8f-4c4f-8801-377d01cb7656-collection-1":{"type":"collection","settings":{"collection":"","show_description":true,"description":"","show_vendor":false,"show_rating":false,"show_quickview":true,"show_promotion":false,"promotion_position":"left","card_link":"","open_new_window":false,"enable_text_overlay":false,"overlay_opacity":0,"image_ratio":"100","heading":"Featured collection","heading_size":70,"content":"<p>10% OFF<\/p>","text_size":100,"content_alignment":"center","content_position":"bottom","button_label":"See more","button_link":"","open_new_window_button":false,"background_color":"rgba(0,0,0,0)","color_text":"rgba(0,0,0,0)","color_button":"rgba(0,0,0,0)","color_text_button":"rgba(0,0,0,0)","color_button_hover":"rgba(0,0,0,0)","color_text_button_hover":"rgba(0,0,0,0)","color_button_secondary":"rgba(0,0,0,0)","secondary_button_text":"rgba(0,0,0,0)"}},"08ee5408-e395-407f-a4a9-0549e81957ab":{"type":"collection","settings":{"collection":"","show_description":true,"description":"","show_vendor":false,"show_rating":false,"show_quickview":true,"show_promotion":false,"promotion_position":"left","card_link":"","open_new_window":false,"enable_text_overlay":false,"overlay_opacity":0,"image_ratio":"100","heading":"Featured collection","heading_size":70,"content":"<p>10% OFF<\/p>","text_size":100,"content_alignment":"center","content_position":"bottom","button_label":"See more","button_link":"","open_new_window_button":false,"background_color":"rgba(0,0,0,0)","color_text":"rgba(0,0,0,0)","color_button":"rgba(0,0,0,0)","color_text_button":"rgba(0,0,0,0)","color_button_hover":"rgba(0,0,0,0)","color_text_button_hover":"rgba(0,0,0,0)","color_button_secondary":"rgba(0,0,0,0)","secondary_button_text":"rgba(0,0,0,0)"}},"5ccd493c-8422-447a-9d25-ec723cf4c74d":{"type":"collection","settings":{"collection":"","show_description":true,"description":"","show_vendor":false,"show_rating":false,"show_quickview":true,"show_promotion":false,"promotion_position":"left","card_link":"","open_new_window":false,"enable_text_overlay":false,"overlay_opacity":0,"image_ratio":"100","heading":"Featured collection","heading_size":70,"content":"<p>10% OFF<\/p>","text_size":100,"content_alignment":"center","content_position":"bottom","button_label":"See more","button_link":"","open_new_window_button":false,"background_color":"rgba(0,0,0,0)","color_text":"rgba(0,0,0,0)","color_button":"rgba(0,0,0,0)","color_text_button":"rgba(0,0,0,0)","color_button_hover":"rgba(0,0,0,0)","color_text_button_hover":"rgba(0,0,0,0)","color_button_secondary":"rgba(0,0,0,0)","secondary_button_text":"rgba(0,0,0,0)"}}},"block_order":["template--21828924539181__e32885d8-0a8f-4c4f-8801-377d01cb7656-collection-1","08ee5408-e395-407f-a4a9-0549e81957ab","5ccd493c-8422-447a-9d25-ec723cf4c74d"],"settings":{"title":"","heading_size":100,"heading_alignment":"center","subheading":"","text":"","show_view_all":false,"view_all_position":"top","title_size":120,"title_style":"uppercase","enable_desktop_slider":true,"swiper_on_mobile":true,"auto_play":false,"change_slides_speed":5,"columns_desktop":4,"rows_desktop":2,"spacing":30,"full_width":false,"show_section_divider":false,"padding_top":100,"padding_bottom":100,"columns_mobile":"1","spacing_mobile":16,"full_width_mobile":false,"show_section_divider_mobile":false,"padding_top_mobile":44,"padding_bottom_mobile":28}},"4352d226-8e70-4b9d-94d5-8f8b0e27084b":{"type":"media-gallery","blocks":{"template--21828924539181__4352d226-8e70-4b9d-94d5-8f8b0e27084b-media-1":{"type":"media","settings":{"image_link":"","open_new_window":false,"video_url":"","enable_video_autoplay":true,"video_alt_text":"","enable_content_overlay":true,"content_position":"bottom","overlay_opacity":0,"number_of_columns":1,"number_of_row":2,"icon":"none","custom_icon":"","icon_size":45,"sub_title":"","title":"Eurus’s skin story","title_size":80,"text":"<p>Meet our founder and find out why Pai was made for sensitive skin.<\/p>","text_size":130,"text_align":"left","media_position":"top","button_label":"Lear More","button_link":"","open_new_window_button":false,"color_overlay":"rgba(0,0,0,0)","title_color":"#ffffff","text_color":"#ffffff","color_button":"#000000","background_button":"#ffffff","color_button_hover":"rgba(0,0,0,0)","background_button_hover":"rgba(0,0,0,0)","color_button_secondary":"rgba(0,0,0,0)","secondary_button_text":"rgba(0,0,0,0)"}},"template--21828924539181__4352d226-8e70-4b9d-94d5-8f8b0e27084b-media-2":{"type":"media","settings":{"image_link":"","open_new_window":false,"video_url":"","enable_video_autoplay":true,"video_alt_text":"","enable_content_overlay":true,"content_position":"bottom","overlay_opacity":0,"number_of_columns":1,"number_of_row":2,"icon":"none","custom_icon":"","icon_size":45,"sub_title":"","title":"Class of 2023","title_size":80,"text":"<p>Discover the launches that have made this year our most exciting yet.<\/p>","text_size":130,"text_align":"left","media_position":"top","button_label":"Shop New In","button_link":"","open_new_window_button":false,"color_overlay":"rgba(0,0,0,0)","title_color":"#ffffff","text_color":"#ffffff","color_button":"#000000","background_button":"#ffffff","color_button_hover":"rgba(0,0,0,0)","background_button_hover":"rgba(0,0,0,0)","color_button_secondary":"rgba(0,0,0,0)","secondary_button_text":"rgba(0,0,0,0)"}},"template--21828924539181__4352d226-8e70-4b9d-94d5-8f8b0e27084b-media-3":{"type":"media","settings":{"image_link":"","open_new_window":false,"video_url":"","enable_video_autoplay":true,"video_alt_text":"","enable_content_overlay":true,"content_position":"bottom","overlay_opacity":0,"number_of_columns":1,"number_of_row":1,"icon":"none","custom_icon":"","icon_size":45,"sub_title":"","title":"Missed a live show?","title_size":80,"text":"","text_size":130,"text_align":"left","media_position":"top","button_label":"Stream Now","button_link":"","open_new_window_button":false,"color_overlay":"rgba(0,0,0,0)","title_color":"#ffffff","text_color":"#ffffff","color_button":"#000000","background_button":"#ffffff","color_button_hover":"#000000","background_button_hover":"rgba(0,0,0,0)","color_button_secondary":"rgba(0,0,0,0)","secondary_button_text":"rgba(0,0,0,0)"}},"db5d4772-95e7-4d11-8e89-fc1fca790d75":{"type":"media","settings":{"image_link":"","open_new_window":false,"video_url":"","enable_video_autoplay":true,"video_alt_text":"","enable_content_overlay":true,"content_position":"bottom","overlay_opacity":0,"number_of_columns":1,"number_of_row":1,"icon":"none","custom_icon":"","icon_size":45,"sub_title":"","title":"Discover bestsellers","title_size":80,"text":"","text_size":130,"text_align":"left","media_position":"top","button_label":"Shop Now","button_link":"","open_new_window_button":false,"color_overlay":"rgba(0,0,0,0)","title_color":"#ffffff","text_color":"#ffffff","color_button":"#000000","background_button":"#ffffff","color_button_hover":"rgba(0,0,0,0)","background_button_hover":"rgba(0,0,0,0)","color_button_secondary":"rgba(0,0,0,0)","secondary_button_text":"rgba(0,0,0,0)"}}},"block_order":["template--21828924539181__4352d226-8e70-4b9d-94d5-8f8b0e27084b-media-1","template--21828924539181__4352d226-8e70-4b9d-94d5-8f8b0e27084b-media-2","template--21828924539181__4352d226-8e70-4b9d-94d5-8f8b0e27084b-media-3","db5d4772-95e7-4d11-8e89-fc1fca790d75"],"settings":{"heading":"Featured Categories","heading_size":100,"heading_alignment":"center","subheading":"DISCOVER THIS WEEK’S","text":"","max_columns":3,"spacing":30,"height_desktop":410,"show_section_divider":false,"full_width":true,"padding_full_width":true,"padding_top":0,"padding_bottom":100,"min_columns_mobile":"1","spacing_mobile":16,"height_mobile":200,"show_section_divider_mobile":false,"full_width_mobile":false,"padding_top_mobile":0,"padding_bottom_mobile":44}},"5493b371-fcfe-444c-962d-192e9f353ea4":{"type":"multicolumn","blocks":{"template--21829375295789__5493b371-fcfe-444c-962d-192e9f353ea4-column-1":{"type":"column","settings":{"icon":"truck","custom_icon":"","title":"SKINCARE BENEFITS","title_link":"","open_new_window":false,"heading_size":100,"text":"<p>EWG VERIFIED™, made with 99.9%+ natural origin ingredients* including phytoglycogen.<\/p>"}},"template--21829375295789__5493b371-fcfe-444c-962d-192e9f353ea4-column-2":{"type":"column","settings":{"icon":"truck","custom_icon":"","title":"PLASTIC-FREE MAKEUP","title_link":"","open_new_window":false,"heading_size":100,"text":"<p>Eco-innovative plastic-free packaging made from FSC-certified biodegradable cardboard.<\/p>"}},"template--21829375295789__5493b371-fcfe-444c-962d-192e9f353ea4-column-3":{"type":"column","settings":{"icon":"truck","custom_icon":"","title":"NATURAL GLOWY LOOK","title_link":"","open_new_window":false,"heading_size":100,"text":"<p>EWG VERIFIED™, made with 99.9%+ natural origin ingredients* including phytoglycogen.<\/p>"}},"template--21829375295789__5493b371-fcfe-444c-962d-192e9f353ea4-column-4":{"type":"column","settings":{"icon":"truck","custom_icon":"","title":"SWIPE, BLEND, GO","title_link":"","open_new_window":false,"heading_size":100,"text":"<p>Buildable makeup sticks that blend naturally for all skin tones. Swipe, blend, go!<\/p>"}}},"block_order":["template--21829375295789__5493b371-fcfe-444c-962d-192e9f353ea4-column-1","template--21829375295789__5493b371-fcfe-444c-962d-192e9f353ea4-column-2","template--21829375295789__5493b371-fcfe-444c-962d-192e9f353ea4-column-3","template--21829375295789__5493b371-fcfe-444c-962d-192e9f353ea4-column-4"],"settings":{"title":"","heading_size":100,"secondary_background":"section","border_column":"none","column_content_alignment":"center","icon_position":"above","icon_size":90,"enable_desktop_slider":true,"swiper_on_mobile":true,"change_bar_every":5,"background_color_light":"#eae1d2","heading_light":"#242424","text_light":"#242424","line_border_light":"rgba(0,0,0,0)","color_icon_light":"#6b7050","background_color_dark":"#3a3a3a","heading_dark":"#ffffff","text_dark":"#898989","line_border_dark":"rgba(0,0,0,0)","color_icon_dark":"#6b7050","column_layout_desktop":"lg:w-1\/4","section_height_desktop":"md:py-7","spacing_desktop":28,"full_width":false,"padding_full_width":false,"show_section_divider":false,"padding_top":28,"padding_bottom":28,"column_layout_mobile":"w-full","section_height_mobile":"py-5","spacing_mobile":16,"full_width_mobile":false,"show_section_divider_mobile":false,"padding_top_mobile":20,"padding_bottom_mobile":20}},"a159fbf9-40c0-49d4-b75a-cc7f53362203":{"type":"media-gallery","blocks":{"template--21828924539181__4352d226-8e70-4b9d-94d5-8f8b0e27084b-media-1":{"type":"media","settings":{"image_link":"","open_new_window":false,"video_url":"","enable_video_autoplay":true,"video_alt_text":"","enable_content_overlay":true,"content_position":"bottom","overlay_opacity":0,"number_of_columns":1,"number_of_row":2,"icon":"none","custom_icon":"","icon_size":45,"sub_title":"","title":"","title_size":80,"text":"","text_size":130,"text_align":"center","media_position":"top","button_label":"Skin Care","button_link":"","open_new_window_button":false,"color_overlay":"rgba(0,0,0,0)","title_color":"rgba(0,0,0,0)","text_color":"rgba(0,0,0,0)","color_button":"#000000","background_button":"#ffffff","color_button_hover":"rgba(0,0,0,0)","background_button_hover":"rgba(0,0,0,0)","color_button_secondary":"rgba(0,0,0,0)","secondary_button_text":"rgba(0,0,0,0)"}},"template--21828924539181__4352d226-8e70-4b9d-94d5-8f8b0e27084b-media-2":{"type":"media","settings":{"image_link":"","open_new_window":false,"video_url":"","enable_video_autoplay":true,"video_alt_text":"","enable_content_overlay":true,"content_position":"bottom","overlay_opacity":0,"number_of_columns":1,"number_of_row":2,"icon":"none","custom_icon":"","icon_size":45,"sub_title":"","title":"","title_size":80,"text":"","text_size":130,"text_align":"center","media_position":"top","button_label":"Moisturizing","button_link":"","open_new_window_button":false,"color_overlay":"rgba(0,0,0,0)","title_color":"rgba(0,0,0,0)","text_color":"rgba(0,0,0,0)","color_button":"#000000","background_button":"#ffffff","color_button_hover":"rgba(0,0,0,0)","background_button_hover":"rgba(0,0,0,0)","color_button_secondary":"rgba(0,0,0,0)","secondary_button_text":"rgba(0,0,0,0)"}},"template--21828924539181__4352d226-8e70-4b9d-94d5-8f8b0e27084b-media-3":{"type":"media","settings":{"image_link":"","open_new_window":false,"video_url":"","enable_video_autoplay":true,"video_alt_text":"","enable_content_overlay":true,"content_position":"bottom","overlay_opacity":0,"number_of_columns":1,"number_of_row":2,"icon":"none","custom_icon":"","icon_size":45,"sub_title":"","title":"","title_size":80,"text":"","text_size":130,"text_align":"center","media_position":"top","button_label":"Body Care","button_link":"","open_new_window_button":false,"color_overlay":"rgba(0,0,0,0)","title_color":"rgba(0,0,0,0)","text_color":"rgba(0,0,0,0)","color_button":"#000000","background_button":"#ffffff","color_button_hover":"#000000","background_button_hover":"rgba(0,0,0,0)","color_button_secondary":"rgba(0,0,0,0)","secondary_button_text":"rgba(0,0,0,0)"}},"db5d4772-95e7-4d11-8e89-fc1fca790d75":{"type":"media","settings":{"image_link":"","open_new_window":false,"video_url":"","enable_video_autoplay":true,"video_alt_text":"","enable_content_overlay":true,"content_position":"bottom","overlay_opacity":0,"number_of_columns":1,"number_of_row":2,"icon":"none","custom_icon":"","icon_size":45,"sub_title":"","title":"","title_size":80,"text":"","text_size":130,"text_align":"center","media_position":"top","button_label":"White Skin","button_link":"","open_new_window_button":false,"color_overlay":"rgba(0,0,0,0)","title_color":"rgba(0,0,0,0)","text_color":"rgba(0,0,0,0)","color_button":"#000000","background_button":"#ffffff","color_button_hover":"rgba(0,0,0,0)","background_button_hover":"rgba(0,0,0,0)","color_button_secondary":"rgba(0,0,0,0)","secondary_button_text":"rgba(0,0,0,0)"}}},"block_order":["template--21828924539181__4352d226-8e70-4b9d-94d5-8f8b0e27084b-media-1","template--21828924539181__4352d226-8e70-4b9d-94d5-8f8b0e27084b-media-2","template--21828924539181__4352d226-8e70-4b9d-94d5-8f8b0e27084b-media-3","db5d4772-95e7-4d11-8e89-fc1fca790d75"],"settings":{"heading":"FEATURED CATEGORIES","heading_size":100,"heading_alignment":"center","subheading":"DISCOVER THIS WEEK’S","text":"","max_columns":4,"spacing":30,"height_desktop":330,"show_section_divider":false,"full_width":true,"padding_full_width":true,"padding_top":100,"padding_bottom":100,"min_columns_mobile":"1","spacing_mobile":16,"height_mobile":200,"show_section_divider_mobile":false,"full_width_mobile":false,"padding_top_mobile":52,"padding_bottom_mobile":44}},"1330ef32-5867-4d7a-aa7d-9b17fa667041":{"type":"collage","blocks":{"8e6c3788-a12f-4a3f-af2d-ae33afae999a":{"type":"image","settings":{"overlay_opacity":0,"image_link":"","open_new_window":false,"image_padding":false,"number_of_columns":2,"number_of_row":2,"title":"","title_size":80,"text":"","text_size":100,"button_label":"","button_link":"","open_new_window_button":false,"text_align":"center","content_position":"center","title_color":"rgba(0,0,0,0)","text_color":"rgba(0,0,0,0)","color_button":"rgba(0,0,0,0)","color_text_button":"rgba(0,0,0,0)","color_button_hover":"rgba(0,0,0,0)","color_text_button_hover":"rgba(0,0,0,0)","color_button_secondary":"rgba(0,0,0,0)","secondary_button_text":"rgba(0,0,0,0)"}},"cae7c55d-9813-424f-8353-e4364b6c8182":{"type":"product","settings":{"product":"","show_quickview":true,"info_alignment":"center","desktop_size":"large","number_of_columns":1,"number_of_row":1}},"a1740060-5523-49f0-b7c2-08cfbffd56df":{"type":"product","settings":{"product":"","show_quickview":true,"info_alignment":"center","desktop_size":"large","number_of_columns":1,"number_of_row":1}},"550bf5e6-0137-4289-9219-652ad58e5425":{"type":"product","settings":{"product":"","show_quickview":true,"info_alignment":"center","desktop_size":"large","number_of_columns":1,"number_of_row":1}},"5074b464-8304-4374-bfa5-83d7cd4af4bf":{"type":"product","settings":{"product":"","show_quickview":true,"info_alignment":"center","desktop_size":"large","number_of_columns":1,"number_of_row":1}}},"block_order":["8e6c3788-a12f-4a3f-af2d-ae33afae999a","cae7c55d-9813-424f-8353-e4364b6c8182","a1740060-5523-49f0-b7c2-08cfbffd56df","550bf5e6-0137-4289-9219-652ad58e5425","5074b464-8304-4374-bfa5-83d7cd4af4bf"],"settings":{"heading":"EXCLUSIVELY FOR YOU","heading_size":100,"heading_alignment":"center","subheading":"EXPLORE OUR BESTSELLERS","text":"","background_color_light":"rgba(0,0,0,0)","background_color_dark":"rgba(0,0,0,0)","show_vendor":false,"show_rating":false,"max_columns":4,"spacing":30,"full_width":false,"show_section_divider":false,"padding_top":0,"padding_bottom":72,"min_columns_mobile":"2","spacing_mobile":20,"full_width_mobile":false,"show_section_divider_mobile":false,"padding_top_mobile":44,"padding_bottom_mobile":28}},"31318fc4-4c4e-4f2e-aca5-a42a85b71d86":{"type":"collage","blocks":{"8faff488-e22e-482e-8e8a-191fa1386524":{"type":"product","settings":{"product":"","show_quickview":true,"info_alignment":"center","desktop_size":"large","number_of_columns":1,"number_of_row":1}},"4ac344bb-19f6-439a-bfc4-00b4ff7761ea":{"type":"product","settings":{"product":"","show_quickview":true,"info_alignment":"center","desktop_size":"large","number_of_columns":1,"number_of_row":1}},"57ce0b54-e71f-4fe1-900c-12e795e7ce1a":{"type":"image","settings":{"overlay_opacity":0,"image_link":"","open_new_window":false,"image_padding":false,"number_of_columns":2,"number_of_row":2,"title":"","title_size":80,"text":"","text_size":100,"button_label":"","button_link":"","open_new_window_button":false,"text_align":"left","content_position":"bottom","title_color":"#ffffff","text_color":"#ffffff","color_button":"#ffffff","color_text_button":"#000000","color_button_hover":"rgba(0,0,0,0)","color_text_button_hover":"rgba(0,0,0,0)","color_button_secondary":"rgba(0,0,0,0)","secondary_button_text":"rgba(0,0,0,0)"}},"1b9a3705-986d-4aad-9233-a56706184559":{"type":"product","settings":{"product":"","show_quickview":true,"info_alignment":"center","desktop_size":"large","number_of_columns":1,"number_of_row":1}},"44058f94-fb61-4d68-9f64-b1797b09413b":{"type":"product","settings":{"product":"","show_quickview":true,"info_alignment":"center","desktop_size":"large","number_of_columns":1,"number_of_row":1}}},"block_order":["8faff488-e22e-482e-8e8a-191fa1386524","4ac344bb-19f6-439a-bfc4-00b4ff7761ea","57ce0b54-e71f-4fe1-900c-12e795e7ce1a","1b9a3705-986d-4aad-9233-a56706184559","44058f94-fb61-4d68-9f64-b1797b09413b"],"settings":{"heading":"","heading_size":100,"heading_alignment":"center","subheading":"","text":"","background_color_light":"rgba(0,0,0,0)","background_color_dark":"rgba(0,0,0,0)","show_vendor":false,"show_rating":false,"max_columns":4,"spacing":30,"full_width":false,"show_section_divider":false,"padding_top":0,"padding_bottom":100,"min_columns_mobile":"1","spacing_mobile":20,"full_width_mobile":false,"show_section_divider_mobile":false,"padding_top_mobile":28,"padding_bottom_mobile":0}},"5e1e5bf5-c81b-45dd-ab36-0e564f692a95":{"type":"shop-the-look","blocks":{"template--21828924539181__5e1e5bf5-c81b-45dd-ab36-0e564f692a95-look-1":{"type":"look","settings":{"product":"","color_hotspot":"#ffffff","hotspot_desktop_horizontal":23,"hotspot_desktop_vertical":65,"hotspot_mobile_horizontal":27,"hotspot_mobile_vertical":69}},"template--21828924539181__5e1e5bf5-c81b-45dd-ab36-0e564f692a95-look-3":{"type":"look","settings":{"product":"","color_hotspot":"#ffffff","hotspot_desktop_horizontal":64,"hotspot_desktop_vertical":74,"hotspot_mobile_horizontal":65,"hotspot_mobile_vertical":50}},"80ec1a9a-6c41-41a3-abce-d0530cd8284e":{"type":"look","settings":{"product":"","color_hotspot":"#ffffff","hotspot_desktop_horizontal":37,"hotspot_desktop_vertical":41,"hotspot_mobile_horizontal":81,"hotspot_mobile_vertical":81}},"32e5449c-4bff-411c-86d2-fa99e00916b5":{"type":"look","settings":{"product":"","color_hotspot":"#ffffff","hotspot_desktop_horizontal":55,"hotspot_desktop_vertical":22,"hotspot_mobile_horizontal":49,"hotspot_mobile_vertical":27}}},"block_order":["template--21828924539181__5e1e5bf5-c81b-45dd-ab36-0e564f692a95-look-1","template--21828924539181__5e1e5bf5-c81b-45dd-ab36-0e564f692a95-look-3","80ec1a9a-6c41-41a3-abce-d0530cd8284e","32e5449c-4bff-411c-86d2-fa99e00916b5"],"settings":{"heading":"","heading_size":100,"heading_alignment":"center","image_ratio":"square","info_alignment":"center","desktop_size":"small","show_quickview":true,"show_vendor":false,"show_rating":false,"image_alignment":"layered","full_width":true,"padding_full_width":false,"show_section_divider":false,"desktop_height":"750px","padding_top":0,"padding_bottom":0,"full_width_mobile":true,"show_section_divider_mobile":false,"mobile_height":"400px","padding_top_mobile":52,"padding_bottom_mobile":40}},"fa1c541c-dd71-47a2-b708-7a522a51b649":{"type":"flash-sale","blocks":{"template--21829637407021__fa1c541c-dd71-47a2-b708-7a522a51b649-image_banner-1":{"type":"image_banner","settings":{"heading":"Open For Sale","heading_size":100,"text":"<p>Hurry up! Get the best deal at best price. coupon_code<\/p>","text_size":100,"coupon_code":"Flashsale45","coupon_color":"#ad8330","coupon_color_dark":"#ad8330"}},"template--21829637407021__fa1c541c-dd71-47a2-b708-7a522a51b649-countdown_timer-1":{"type":"countdown_timer","settings":{"timezone":"-4","end_year":2023,"end_month":"1","end_day":"1","end_hour":"0","end_minute":"0","timer_style":"square","border_style":"line_vertical","overlay_opacity":100,"timer_color_countdown":"#ad8330","text_color_countdown":"rgba(0,0,0,0)","bg_color_countdown":"rgba(0,0,0,0)","spacing_col":40,"spacing_col_mobile":8}},"template--21829637407021__fa1c541c-dd71-47a2-b708-7a522a51b649-buttons-1":{"type":"buttons","settings":{"button_label":"Per-Order","button_link":"","open_new_window_button":false,"color_button":"rgba(0,0,0,0)","color_button_hover":"rgba(0,0,0,0)","color_text_button":"rgba(0,0,0,0)","color_text_button_hover":"rgba(0,0,0,0)","color_button_secondary":"rgba(0,0,0,0)","secondary_button_text":"rgba(0,0,0,0)"}}},"block_order":["template--21829637407021__fa1c541c-dd71-47a2-b708-7a522a51b649-image_banner-1","template--21829637407021__fa1c541c-dd71-47a2-b708-7a522a51b649-countdown_timer-1","template--21829637407021__fa1c541c-dd71-47a2-b708-7a522a51b649-buttons-1"],"settings":{"image_overlay_opacity":0,"show_hero":false,"border_section":"none","content_layout":"horizontal","content_alignment":"left","full_width":true,"padding_full_width":true,"rounded_corner_image":true,"spacing_col":40,"spacing_row":32,"padding_top":0,"padding_bottom":100,"content_alignment_mobile":"center","full_width_mobile":true,"rounded_corner_image_mobile":true,"spacing_row_mobile":20,"padding_top_mobile":0,"padding_bottom_mobile":40,"background_color_light":"rgba(0,0,0,0)","heading_light":"rgba(0,0,0,0)","text_light":"rgba(0,0,0,0)","line_border_light":"rgba(0,0,0,0)","background_color_dark":"#3a3a3a","heading_dark":"#ffffff","text_dark":"#ffffff","line_border_dark":"rgba(0,0,0,0)"}},"9cda8b80-9f67-4576-8198-dcda5555d9f8":{"type":"featured-product","blocks":{"template--21829637407021__9cda8b80-9f67-4576-8198-dcda5555d9f8-price-1":{"type":"price","settings":{"show_tax_and_shipping":false}},"30dd5bf0-d1b2-4301-997d-b08c42586b5b":{"type":"estimate_delivery","settings":{"message":"<p>Estimated delivery between <strong>earliest_delivery_date and latest_delivery_date.<\/strong><\/p>","tooltip_text":"","tooltip_icon":"none","custom_icon":"","tooltip_icon_position":"left","tooltip_message":"","show_background":true,"box_type":"square","background_color_light":"#e4edfa","message_color_light":"#276dd3","background_color_dark":"#e4edfa","message_color_dark":"#276dd3","bg_tooltip_color_light":"rgba(0,0,0,0)","tooltip_color_light":"rgba(0,0,0,0)","bg_tooltip_color_dark":"rgba(0,0,0,0)","tooltip_color_dark":"rgba(0,0,0,0)"}},"template--21829637407021__9cda8b80-9f67-4576-8198-dcda5555d9f8-badges-1":{"type":"badges","settings":{}},"template--21829637407021__9cda8b80-9f67-4576-8198-dcda5555d9f8-description-1":{"type":"description","settings":{"show_in_tab":false,"open_by_default":false}},"template--21829637407021__9cda8b80-9f67-4576-8198-dcda5555d9f8-variant_picker-1":{"type":"variant_picker","settings":{"picker_type":"button","show_variant_option":true,"enable_color_swatches":true}},"template--21829637407021__9cda8b80-9f67-4576-8198-dcda5555d9f8-quantity_selector-1":{"type":"quantity_selector","settings":{}},"template--21829637407021__9cda8b80-9f67-4576-8198-dcda5555d9f8-buy_buttons-1":{"type":"buy_buttons","settings":{"show_dynamic_checkout":true,"pickup_availability":false,"preorder_show":"no","preorder_button_label":"Pre-order","preorder_message":"<p>This product will be available for sale in 2 weeks, but you can pre-order now to receive 10% discount!<\/p>","preorder_show_dynamic_button":false,"show_background":false,"box_type":"square","background_color_light":"rgba(0,0,0,0)","message_color_light":"rgba(0,0,0,0)","background_color_dark":"rgba(0,0,0,0)","message_color_dark":"rgba(0,0,0,0)"}},"06a17e4c-5734-4a77-94f4-7094003cdf9a":{"type":"view_detail","settings":{}},"980fa356-a49a-4915-ab03-3f0b626f8d25":{"type":"social_sharing","settings":{}}},"block_order":["template--21829637407021__9cda8b80-9f67-4576-8198-dcda5555d9f8-price-1","30dd5bf0-d1b2-4301-997d-b08c42586b5b","template--21829637407021__9cda8b80-9f67-4576-8198-dcda5555d9f8-badges-1","template--21829637407021__9cda8b80-9f67-4576-8198-dcda5555d9f8-description-1","template--21829637407021__9cda8b80-9f67-4576-8198-dcda5555d9f8-variant_picker-1","template--21829637407021__9cda8b80-9f67-4576-8198-dcda5555d9f8-quantity_selector-1","template--21829637407021__9cda8b80-9f67-4576-8198-dcda5555d9f8-buy_buttons-1","06a17e4c-5734-4a77-94f4-7094003cdf9a","980fa356-a49a-4915-ab03-3f0b626f8d25"],"settings":{"product":"a-citrine-earrings","show_product_name":true,"title_size":100,"show_vendor":false,"desktop_layout":"left","image_ratio":"square","show_arrow_button":true,"show_thumbnails":false,"thumbnail_position":"horizontal","enable_image_zoom":true,"enable_video_autoplay":false,"enable_video_loop":false,"show_first_image_avaiable":true,"full_width":false,"spacing_col":"default","show_section_divider":true,"padding_top":60,"padding_bottom":60,"full_width_mobile":true,"show_section_divider_mobile":true,"padding_top_mobile":56,"padding_bottom_mobile":0,"background_color_light":"#ffffff","text_light":"rgba(0,0,0,0)","background_color_dark":"#202020","text_dark":"rgba(0,0,0,0)"}},"3bd8a2cf-56eb-4e5b-a45c-af9312e491bd":{"type":"products-bundle","settings":{"heading":"COMPLETE YOUR ROUTINE","heading_size":100,"subheading":"EXPLORE OUR BESTSELLERS","heading_alignment":"center","button_atb_label":"ADD TO BUNDLE","collection":"","product_to_show":3,"products":[],"each_product_can_added_to_bundle_once":true,"minimum_items":3,"discount_type":"percentage","discount_value":"","apply_discount_once_per_order":false,"summary_position":"right","bundler_heading":"Bundle Contents","bundler_text":"Add at least 3 items to get 33% Off","background_color_light":"rgba(0,0,0,0)","title_color":"rgba(0,0,0,0)","text_light":"rgba(0,0,0,0)","button_light":"rgba(0,0,0,0)","button_text_light":"rgba(0,0,0,0)","button_hover_light":"rgba(0,0,0,0)","button_text_hover_light":"rgba(0,0,0,0)","line_border":"rgba(0,0,0,0)","background_color_dark":"#3a3a3a","title_color_dark":"rgba(0,0,0,0)","text_dark":"#c3c3c3","button_dark":"rgba(0,0,0,0)","button_text_dark":"rgba(0,0,0,0)","button_hover_dark":"rgba(0,0,0,0)","button_text_hover_dark":"rgba(0,0,0,0)","line_border_dark":"rgba(0,0,0,0)","spacing":30,"show_section_divider":false,"full_width":false,"padding_top":100,"padding_bottom":100,"spacing_mobile":20,"show_section_divider_mobile":false,"padding_top_mobile":56,"padding_bottom_mobile":28}},"6c240d5b-c5b1-4370-96f5-adff063eb83e":{"type":"image-comparison","settings":{"heading":"","heading_base_size":100,"layout_comparison":"horizontal","desktop_height":"750px","mobile_height":"400px","image_corner_radius":0,"heading_before_image":"Before","heading_base_size_before_image":100,"heading_before_image_position":"top","heading_after_image":"After","heading_base_size_after_image":100,"heading_after_image_position":"top","heading_color":"#000000","background_color":"#ffffff","heading_color_dark":"#000000","background_color_dark":"#ffffff","full_width":false,"padding_full_width":false,"show_section_divider":false,"top_padding":0,"bottom_padding":100,"full_width_mobile":false,"show_section_divider_mobile":false,"top_padding_mobile":40,"bottom_padding_mobile":24}},"54f7b6ce-e4ba-42b3-9550-cde9eb5ab2b4":{"type":"testimonials","blocks":{"template--21828924539181__54f7b6ce-e4ba-42b3-9550-cde9eb5ab2b4-testimonial-1":{"type":"testimonial","settings":{"icon_star":"5_star","custom_icon":"","title":"Great...Highly recommend it.","text":"<p>“ My wife and I have been using the product we bought for several months now. We have found it to be very helpful in keeping our two little guys clean and dry. Everything was easy to use and easy to clean. Attractive flowering variety with striking red undersides. We highly recommend it. ”<\/p>","author":"Advanced retinoid eye balm","author_note":"<p>View Full Product<\/p>"}},"testimonial_EWj9Vh":{"type":"testimonial","settings":{"icon_star":"5_star","custom_icon":"","title":"Great...Highly recommend it.","text":"<p>“ My wife and I have been using the product we bought for several months now. We have found it to be very helpful in keeping our two little guys clean and dry. Everything was easy to use and easy to clean. Attractive flowering variety with striking red undersides. We highly recommend it. ”<\/p>","author":"Advanced retinoid eye balm","author_note":"<p>View Full Product<\/p>"}},"testimonial_g97bAJ":{"type":"testimonial","settings":{"icon_star":"5_star","custom_icon":"","title":"Great...Highly recommend it.","text":"<p>“ My wife and I have been using the product we bought for several months now. We have found it to be very helpful in keeping our two little guys clean and dry. Everything was easy to use and easy to clean. Attractive flowering variety with striking red undersides. We highly recommend it. ”<\/p>","author":"Advanced retinoid eye balm","author_note":"<p>View Full Product<\/p>"}},"testimonial_zmxLfa":{"type":"testimonial","settings":{"icon_star":"5_star","custom_icon":"","title":"Great...Highly recommend it.","text":"<p>“ My wife and I have been using the product we bought for several months now. We have found it to be very helpful in keeping our two little guys clean and dry. Everything was easy to use and easy to clean. Attractive flowering variety with striking red undersides. We highly recommend it. ”<\/p>","author":"Advanced retinoid eye balm","author_note":"<p>View Full Product<\/p>"}}},"block_order":["template--21828924539181__54f7b6ce-e4ba-42b3-9550-cde9eb5ab2b4-testimonial-1","testimonial_EWj9Vh","testimonial_g97bAJ","testimonial_zmxLfa"],"settings":{"heading":"","heading_size":100,"text_alignment":"center","testimonial_items_view":"multiple","show_arrow":true,"show_pagination":false,"show_author_image":true,"author_image":"top","image_ratio":"round","desktop_height":400,"background_color_light":"rgba(0,0,0,0)","item_background_color_light":"#ffffff","heading_and_title_light":"rgba(0,0,0,0)","item_text_color_light":"rgba(0,0,0,0)","background_color_dark":"rgba(0,0,0,0)","item_background_color_dark":"#202020","heading_and_title_dark":"rgba(0,0,0,0)","item_text_color_dark":"rgba(0,0,0,0)","show_section_divider":false,"top_padding":0,"bottom_padding":100,"show_section_divider_mobile":false,"top_padding_mobile":16,"bottom_padding_mobile":20}},"94060fec-3829-4498-a345-09a447c6a19c":{"type":"flow","blocks":{"d7df7d5e-f3f6-47f0-8cf7-e72cefd8217f":{"type":"media","settings":{"video_url":"","video_alt_text":"","enable_video_autoplay":false,"heading":"Step 1: Cleanse","description":"","button_text":"","button_link":"","open_new_window_button":false}},"ad95ae35-eac1-45a2-bd36-086606c83088":{"type":"media","settings":{"video_url":"","video_alt_text":"","enable_video_autoplay":false,"heading":"Step 2: Tone","description":"","button_text":"","button_link":"","open_new_window_button":false}},"4816acf9-85b3-4e36-a966-64d615f8d328":{"type":"media","settings":{"video_url":"","video_alt_text":"","enable_video_autoplay":false,"heading":"Step 3: Serum","description":"","button_text":"","button_link":"","open_new_window_button":false}},"2e556bd7-64bd-41bb-b1d6-d7f7d32ce4a2":{"type":"media","settings":{"video_url":"","video_alt_text":"","enable_video_autoplay":false,"heading":"Step 4: Moisturise","description":"","button_text":"","button_link":"","open_new_window_button":false}},"0bc7ce7a-8db8-49c6-b348-c31e883484b6":{"type":"media","settings":{"video_url":"","video_alt_text":"","enable_video_autoplay":false,"heading":"Step 5: Eye","description":"","button_text":"","button_link":"","open_new_window_button":false}}},"block_order":["d7df7d5e-f3f6-47f0-8cf7-e72cefd8217f","ad95ae35-eac1-45a2-bd36-086606c83088","4816acf9-85b3-4e36-a966-64d615f8d328","2e556bd7-64bd-41bb-b1d6-d7f7d32ce4a2","0bc7ce7a-8db8-49c6-b348-c31e883484b6"],"settings":{"heading":"COMPLETE THE ROUTINE","heading_size":100,"heading_alignment":"center","content_position":"middle","content_alignment":"left","open_first_tab":true,"image_corner_radius":0,"heading_color":"rgba(0,0,0,0)","text_color":"#000000","background_color":"#f6f6f6","heading_color_dark":"rgba(0,0,0,0)","text_color_dark":"#ffffff","background_color_dark":"#3a3a3a","image_position":"second","full_width":true,"padding_full_width":true,"show_section_divider":false,"desktop_height":"650px","padding_top":0,"padding_bottom":100,"image_position_mobile":"second","full_width_mobile":false,"show_section_divider_mobile":false,"mobile_height":"400px","padding_top_mobile":36,"padding_bottom_mobile":56}},"ec753deb-9b85-432b-ad75-2c2fd240c350":{"type":"media-gallery","blocks":{"18e177f8-e77d-48ba-b580-1d5bff64df63":{"type":"media","settings":{"image_link":"","open_new_window":false,"video_url":"","enable_video_autoplay":true,"video_alt_text":"","enable_content_overlay":true,"content_position":"center","overlay_opacity":0,"number_of_columns":1,"number_of_row":1,"icon":"none","custom_icon":"","icon_size":45,"sub_title":"","title":"","title_size":80,"text":"","text_size":130,"text_align":"center","media_position":"top","button_label":"","button_link":"","open_new_window_button":false,"color_overlay":"rgba(0,0,0,0)","title_color":"rgba(0,0,0,0)","text_color":"rgba(0,0,0,0)","color_button":"rgba(0,0,0,0)","background_button":"rgba(0,0,0,0)","color_button_hover":"rgba(0,0,0,0)","background_button_hover":"rgba(0,0,0,0)","color_button_secondary":"rgba(0,0,0,0)","secondary_button_text":"rgba(0,0,0,0)"}},"9e5a7d5f-cde0-4c24-9e77-505083ab92d0":{"type":"media","settings":{"image_link":"","open_new_window":false,"video_url":"","enable_video_autoplay":true,"video_alt_text":"","enable_content_overlay":true,"content_position":"center","overlay_opacity":0,"number_of_columns":1,"number_of_row":1,"icon":"none","custom_icon":"","icon_size":45,"sub_title":"","title":"","title_size":80,"text":"","text_size":130,"text_align":"center","media_position":"top","button_label":"","button_link":"","open_new_window_button":false,"color_overlay":"rgba(0,0,0,0)","title_color":"rgba(0,0,0,0)","text_color":"rgba(0,0,0,0)","color_button":"rgba(0,0,0,0)","background_button":"rgba(0,0,0,0)","color_button_hover":"rgba(0,0,0,0)","background_button_hover":"rgba(0,0,0,0)","color_button_secondary":"rgba(0,0,0,0)","secondary_button_text":"rgba(0,0,0,0)"}},"b149f9ba-e8aa-448b-94a8-6b44f4947113":{"type":"media","settings":{"image_link":"","open_new_window":false,"video_url":"","enable_video_autoplay":true,"video_alt_text":"","enable_content_overlay":true,"content_position":"center","overlay_opacity":0,"number_of_columns":1,"number_of_row":1,"icon":"none","custom_icon":"","icon_size":45,"sub_title":"","title":"","title_size":80,"text":"","text_size":130,"text_align":"center","media_position":"top","button_label":"","button_link":"","open_new_window_button":false,"color_overlay":"rgba(0,0,0,0)","title_color":"rgba(0,0,0,0)","text_color":"rgba(0,0,0,0)","color_button":"rgba(0,0,0,0)","background_button":"rgba(0,0,0,0)","color_button_hover":"rgba(0,0,0,0)","background_button_hover":"rgba(0,0,0,0)","color_button_secondary":"rgba(0,0,0,0)","secondary_button_text":"rgba(0,0,0,0)"}},"13399efa-f0f5-45ef-a2a4-10275769f165":{"type":"media","settings":{"image_link":"","open_new_window":false,"video_url":"","enable_video_autoplay":true,"video_alt_text":"","enable_content_overlay":true,"content_position":"center","overlay_opacity":0,"number_of_columns":1,"number_of_row":1,"icon":"none","custom_icon":"","icon_size":45,"sub_title":"","title":"","title_size":80,"text":"","text_size":130,"text_align":"center","media_position":"top","button_label":"","button_link":"","open_new_window_button":false,"color_overlay":"rgba(0,0,0,0)","title_color":"rgba(0,0,0,0)","text_color":"rgba(0,0,0,0)","color_button":"rgba(0,0,0,0)","background_button":"rgba(0,0,0,0)","color_button_hover":"rgba(0,0,0,0)","background_button_hover":"rgba(0,0,0,0)","color_button_secondary":"rgba(0,0,0,0)","secondary_button_text":"rgba(0,0,0,0)"}},"60b6b5df-3bed-41f5-99f9-2ff1c08509d9":{"type":"media","settings":{"image_link":"","open_new_window":false,"video_url":"","enable_video_autoplay":true,"video_alt_text":"","enable_content_overlay":true,"content_position":"center","overlay_opacity":0,"number_of_columns":1,"number_of_row":1,"icon":"none","custom_icon":"","icon_size":45,"sub_title":"","title":"","title_size":80,"text":"","text_size":130,"text_align":"center","media_position":"top","button_label":"","button_link":"","open_new_window_button":false,"color_overlay":"rgba(0,0,0,0)","title_color":"rgba(0,0,0,0)","text_color":"rgba(0,0,0,0)","color_button":"rgba(0,0,0,0)","background_button":"rgba(0,0,0,0)","color_button_hover":"rgba(0,0,0,0)","background_button_hover":"rgba(0,0,0,0)","color_button_secondary":"rgba(0,0,0,0)","secondary_button_text":"rgba(0,0,0,0)"}}},"block_order":["18e177f8-e77d-48ba-b580-1d5bff64df63","9e5a7d5f-cde0-4c24-9e77-505083ab92d0","b149f9ba-e8aa-448b-94a8-6b44f4947113","13399efa-f0f5-45ef-a2a4-10275769f165","60b6b5df-3bed-41f5-99f9-2ff1c08509d9"],"settings":{"heading":"IMAGE GALLERY","heading_size":100,"heading_alignment":"center","subheading":"","text":"<p>This is an image gallery block but you can use this block as an Instagram Feed by installing an Instagram App.<\/p>","max_columns":5,"spacing":30,"height_desktop":350,"show_section_divider":true,"full_width":true,"padding_full_width":true,"padding_top":92,"padding_bottom":40,"min_columns_mobile":"1","spacing_mobile":16,"height_mobile":250,"show_section_divider_mobile":true,"full_width_mobile":false,"padding_top_mobile":44,"padding_bottom_mobile":28}}},"order":["main","fe5dccd3-17fd-4fd3-ada9-a0e11305981c","d557b959-57cb-476f-adb6-18808587f120","e32885d8-0a8f-4c4f-8801-377d01cb7656","4352d226-8e70-4b9d-94d5-8f8b0e27084b","5493b371-fcfe-444c-962d-192e9f353ea4","a159fbf9-40c0-49d4-b75a-cc7f53362203","1330ef32-5867-4d7a-aa7d-9b17fa667041","31318fc4-4c4e-4f2e-aca5-a42a85b71d86","5e1e5bf5-c81b-45dd-ab36-0e564f692a95","fa1c541c-dd71-47a2-b708-7a522a51b649","9cda8b80-9f67-4576-8198-dcda5555d9f8","3bd8a2cf-56eb-4e5b-a45c-af9312e491bd","6c240d5b-c5b1-4370-96f5-adff063eb83e","54f7b6ce-e4ba-42b3-9550-cde9eb5ab2b4","94060fec-3829-4498-a345-09a447c6a19c","ec753deb-9b85-432b-ad75-2c2fd240c350"]}