{"sections":{"slideshow":{"type":"slideshow","blocks":{"slide-0":{"type":"slide","settings":{"overlay_opacity":0,"subheading":"","heading":"It's House Plants Month!","heading_size":170,"text":"<p>20% off all green houseplants products for the entire month.<\/p>","button_label_1":"New Arrival","button_link_1":"","open_new_window_button":false,"button_label_2":"Shop All Plants","button_link_2":"","open_new_window_button_2":false,"content_alignment":"middle-center","custom_horizontal":0,"custom_vertical":87,"color_text":"rgba(0,0,0,0)","color_button":"rgba(0,0,0,0)","color_text_button":"rgba(0,0,0,0)","color_button_hover":"rgba(0,0,0,0)","color_text_button_hover":"rgba(0,0,0,0)","color_button_secondary":"rgba(0,0,0,0)"}},"slide-1":{"type":"slide","settings":{"overlay_opacity":0,"subheading":"","heading":"To plant a  Garden like...","heading_size":170,"text":"<p>We make corporate gifting and commercial<br\/>installations quick and easy.<\/p>","button_label_1":"Explore Now","button_link_1":"","open_new_window_button":false,"button_label_2":"","button_link_2":"","open_new_window_button_2":false,"content_alignment":"middle-left","custom_horizontal":50,"custom_vertical":50,"color_text":"rgba(0,0,0,0)","color_button":"rgba(0,0,0,0)","color_text_button":"rgba(0,0,0,0)","color_button_hover":"rgba(0,0,0,0)","color_text_button_hover":"rgba(0,0,0,0)","color_button_secondary":"rgba(0,0,0,0)"}},"slide-2":{"type":"slide","settings":{"overlay_opacity":0,"subheading":"","heading":"Plants for Healthy.","heading_size":170,"text":"<p>The printing and typesetting industry Garden.<\/p>","button_label_1":"Explore Now","button_link_1":"","open_new_window_button":false,"button_label_2":"","button_link_2":"","open_new_window_button_2":false,"content_alignment":"middle-center","custom_horizontal":50,"custom_vertical":50,"color_text":"rgba(0,0,0,0)","color_button":"rgba(0,0,0,0)","color_text_button":"rgba(0,0,0,0)","color_button_hover":"rgba(0,0,0,0)","color_text_button_hover":"rgba(0,0,0,0)","color_button_secondary":"rgba(0,0,0,0)"}}},"block_order":["slide-0","slide-1","slide-2"],"settings":{"show_hero":true,"auto_play":true,"change_slides_speed":5,"show_arrow":false,"slider_visual":"bars","transition_style":"fade","full_width":true,"padding_full_width":false,"rounded_corner_image":false,"desktop_height":"750","padding_top":0,"padding_bottom":0,"full_width_mobile":true,"rounded_corner_image_mobile":false,"mobile_height":"400","padding_top_mobile":0,"padding_bottom_mobile":0}},"0986be25-e10c-4c26-b0e4-b8ac4657748c":{"type":"multicolumn","blocks":{"template--16122988920992__0986be25-e10c-4c26-b0e4-b8ac4657748c-column-1":{"type":"column","settings":{"icon":"gift","custom_icon":"","title":"","title_link":"","open_new_window":false,"heading_size":100,"text":"<p>Free shipping for orders over $100<\/p>"}},"template--16122988920992__0986be25-e10c-4c26-b0e4-b8ac4657748c-column-2":{"type":"column","settings":{"icon":"leaf","custom_icon":"","title":"","title_link":"","open_new_window":false,"heading_size":100,"text":"<p>30 days health guarantee<\/p>"}},"template--16122988920992__0986be25-e10c-4c26-b0e4-b8ac4657748c-column-3":{"type":"column","settings":{"icon":"check-mark","custom_icon":"","title":"","title_link":"","open_new_window":false,"heading_size":100,"text":"<p>4.6\/5 out of 15.000+ reviews<\/p>"}},"template--16122988920992__0986be25-e10c-4c26-b0e4-b8ac4657748c-column-4":{"type":"column","settings":{"icon":"delivery-truck","custom_icon":"","title":"","title_link":"","open_new_window":false,"heading_size":100,"text":"<p>Ordered before 12pm, shipped today<\/p>"}}},"block_order":["template--16122988920992__0986be25-e10c-4c26-b0e4-b8ac4657748c-column-1","template--16122988920992__0986be25-e10c-4c26-b0e4-b8ac4657748c-column-2","template--16122988920992__0986be25-e10c-4c26-b0e4-b8ac4657748c-column-3","template--16122988920992__0986be25-e10c-4c26-b0e4-b8ac4657748c-column-4"],"settings":{"title":"","heading_size":100,"secondary_background":"none","border_column":"none","column_content_alignment":"start","icon_position":"next","icon_size":20,"enable_desktop_slider":false,"swiper_on_mobile":true,"change_bar_every":3,"background_color_light":"#f6f6f0","heading_light":"rgba(0,0,0,0)","text_light":"#4b4949","line_border_light":"rgba(0,0,0,0)","color_icon_light":"#154326","background_color_dark":"#252525","heading_dark":"rgba(0,0,0,0)","text_dark":"#999999","line_border_dark":"rgba(0,0,0,0)","color_icon_dark":"#154326","column_layout_desktop":"lg:w-1\/4","section_height_desktop":"md:py-0","spacing_desktop":0,"full_width":false,"show_section_divider":false,"padding_top":0,"padding_bottom":0,"column_layout_mobile":"w-full","section_height_mobile":"py-0","spacing_mobile":0,"full_width_mobile":true,"show_section_divider_mobile":false,"padding_top_mobile":0,"padding_bottom_mobile":0}},"4160350c-3ea8-43bf-828f-c4c047cc166c":{"type":"featured-collection","blocks":{"template--16122988920992__4160350c-3ea8-43bf-828f-c4c047cc166c-collection-1":{"type":"collection","settings":{"collection":"","show_description":true,"description":"","show_vendor":false,"show_rating":false,"show_quickview":true,"show_promotion":false,"promotion_position":"left","card_link":"","open_new_window":false,"enable_text_overlay":false,"overlay_opacity":0,"image_ratio":"150","heading":"Featured collection","heading_size":70,"content":"<p>10% OFF<\/p>","text_size":130,"content_alignment":"center","content_position":"bottom","button_label":"See more","button_link":"","open_new_window_button":false,"background_color":"rgba(0,0,0,0)","color_text":"rgba(0,0,0,0)","color_button":"rgba(0,0,0,0)","color_text_button":"rgba(0,0,0,0)","color_button_hover":"rgba(0,0,0,0)","color_text_button_hover":"rgba(0,0,0,0)","color_button_secondary":"rgba(0,0,0,0)"}},"e1699e44-1d95-4147-9126-9fee2d1bb881":{"type":"collection","settings":{"collection":"","show_description":true,"description":"","show_vendor":false,"show_rating":false,"show_quickview":true,"show_promotion":false,"promotion_position":"left","card_link":"","open_new_window":false,"enable_text_overlay":false,"overlay_opacity":0,"image_ratio":"100","heading":"Featured collection","heading_size":70,"content":"<p>10% OFF<\/p>","text_size":100,"content_alignment":"center","content_position":"bottom","button_label":"See more","button_link":"","open_new_window_button":false,"background_color":"rgba(0,0,0,0)","color_text":"rgba(0,0,0,0)","color_button":"rgba(0,0,0,0)","color_text_button":"rgba(0,0,0,0)","color_button_hover":"rgba(0,0,0,0)","color_text_button_hover":"rgba(0,0,0,0)","color_button_secondary":"rgba(0,0,0,0)"}},"0692ed80-afd5-4c6e-81d7-1f5139493b8f":{"type":"collection","settings":{"collection":"","show_description":true,"description":"","show_vendor":false,"show_rating":false,"show_quickview":true,"show_promotion":false,"promotion_position":"left","card_link":"","open_new_window":false,"enable_text_overlay":false,"overlay_opacity":0,"image_ratio":"100","heading":"Featured collection","heading_size":70,"content":"<p>10% OFF<\/p>","text_size":100,"content_alignment":"center","content_position":"bottom","button_label":"See more","button_link":"","open_new_window_button":false,"background_color":"rgba(0,0,0,0)","color_text":"rgba(0,0,0,0)","color_button":"rgba(0,0,0,0)","color_text_button":"rgba(0,0,0,0)","color_button_hover":"rgba(0,0,0,0)","color_text_button_hover":"rgba(0,0,0,0)","color_button_secondary":"rgba(0,0,0,0)"}}},"block_order":["template--16122988920992__4160350c-3ea8-43bf-828f-c4c047cc166c-collection-1","e1699e44-1d95-4147-9126-9fee2d1bb881","0692ed80-afd5-4c6e-81d7-1f5139493b8f"],"settings":{"title":"","heading_size":100,"heading_alignment":"center","show_view_all":true,"view_all_position":"bottom","enable_desktop_slider":false,"swiper_on_mobile":true,"auto_play":false,"change_slides_speed":5,"columns_desktop":4,"rows_desktop":2,"spacing":20,"full_width":false,"show_section_divider":true,"padding_top":64,"padding_bottom":40,"columns_mobile":"2","spacing_mobile":10,"full_width_mobile":false,"show_section_divider_mobile":true,"padding_top_mobile":20,"padding_bottom_mobile":20}},"461d4c73-510e-4d7e-a4ff-f51612ab9b25":{"type":"collection-list","blocks":{"template--21433584943405__461d4c73-510e-4d7e-a4ff-f51612ab9b25-featured_collection-1":{"type":"featured_collection","settings":{"collection":""}},"template--21433584943405__461d4c73-510e-4d7e-a4ff-f51612ab9b25-featured_collection-2":{"type":"featured_collection","settings":{"collection":""}},"template--21433584943405__461d4c73-510e-4d7e-a4ff-f51612ab9b25-featured_collection-3":{"type":"featured_collection","settings":{"collection":""}},"template--21433584943405__461d4c73-510e-4d7e-a4ff-f51612ab9b25-featured_collection-4":{"type":"featured_collection","settings":{"collection":""}},"5013f70e-f5f7-497c-9f9f-4422998bb2ac":{"type":"featured_collection","settings":{"collection":""}}},"block_order":["template--21433584943405__461d4c73-510e-4d7e-a4ff-f51612ab9b25-featured_collection-1","template--21433584943405__461d4c73-510e-4d7e-a4ff-f51612ab9b25-featured_collection-2","template--21433584943405__461d4c73-510e-4d7e-a4ff-f51612ab9b25-featured_collection-3","template--21433584943405__461d4c73-510e-4d7e-a4ff-f51612ab9b25-featured_collection-4","5013f70e-f5f7-497c-9f9f-4422998bb2ac"],"settings":{"heading":"Popular Categories","heading_size":100,"heading_alignment":"center","show_view_all":false,"background_color_light":"","background_color_dark":"","image_ratio":"rectangle","title_size":80,"show_text_overlay":true,"content_alignment":"center","content_position":"bottom","image_overlay_opacity":5,"title_color":"#ffffff","text_light":"#ffffff","title_color_dark":"#ffffff","text_dark":"#ffffff","show_item_count":true,"columns_desktop":5,"columns_mobile":"2","enable_desktop_slider":false,"swiper_on_mobile":true,"spacing":20,"show_section_divider":false,"full_width":true,"padding_top":28,"padding_bottom":28,"spacing_mobile":10,"show_section_divider_mobile":false,"padding_top_mobile":28,"padding_bottom_mobile":28}},"2757b392-a105-46c2-9b81-4097124af687":{"type":"collage","blocks":{"template--16122988920992__2757b392-a105-46c2-9b81-4097124af687-product-1":{"type":"product","settings":{"product":"","show_quickview":true,"info_alignment":"center","number_of_columns":2,"number_of_row":2}},"6afe39e5-b020-4c1a-be6b-9c303e0f8e33":{"type":"product","settings":{"product":"","show_quickview":true,"info_alignment":"center","number_of_columns":1,"number_of_row":1}},"df80ea47-3d68-4b42-ab2d-75f13d27691a":{"type":"product","settings":{"product":"","show_quickview":true,"info_alignment":"center","number_of_columns":1,"number_of_row":1}},"ceee7d91-6f7d-4686-b948-7d689a26e412":{"type":"product","settings":{"product":"","show_quickview":true,"info_alignment":"center","number_of_columns":1,"number_of_row":1}},"95d61f05-e420-4132-b789-7c8d29387b2c":{"type":"product","settings":{"product":"","show_quickview":true,"info_alignment":"center","number_of_columns":1,"number_of_row":1}}},"block_order":["template--16122988920992__2757b392-a105-46c2-9b81-4097124af687-product-1","6afe39e5-b020-4c1a-be6b-9c303e0f8e33","df80ea47-3d68-4b42-ab2d-75f13d27691a","ceee7d91-6f7d-4686-b948-7d689a26e412","95d61f05-e420-4132-b789-7c8d29387b2c"],"settings":{"heading":"Our Top Stars","heading_size":100,"background_color_light":"rgba(0,0,0,0)","background_color_dark":"rgba(0,0,0,0)","max_columns":4,"spacing":20,"full_width":false,"show_section_divider":false,"padding_top":40,"padding_bottom":32,"min_columns_mobile":"2","spacing_mobile":10,"full_width_mobile":false,"show_section_divider_mobile":false,"padding_top_mobile":20,"padding_bottom_mobile":20}},"c26519c2-86c0-4269-83c9-20ef3d8b59a1":{"type":"testimonials","blocks":{"template--21434486325549__c26519c2-86c0-4269-83c9-20ef3d8b59a1-testimonial-1":{"type":"testimonial","settings":{"icon_star":"5_star","custom_icon":"","title":"Great...Highly recommend it.","text":"<p>“ My wife and I have been using the product we bought for several months now. We have found it to be very helpful in keeping our two little guys clean and dry. Everything was easy to use and easy to clean. Attractive flowering variety with striking red undersides. We highly recommend it. ”<\/p>","author":"Saka. Tran","author_note":"<p>New York City, NY<\/p>"}},"c2e19e63-3414-41d5-97c5-999f54600233":{"type":"testimonial","settings":{"icon_star":"5_star","custom_icon":"","title":"Great...Highly recommend it.","text":"<p>“ My wife and I have been using the product we bought for several months now. We have found it to be very helpful in keeping our two little guys clean and dry. Everything was easy to use and easy to clean. Attractive flowering variety with striking red undersides. We highly recommend it. ”<\/p>","author":"Saka. Tran","author_note":"<p>New York City, NY<\/p>"}},"b009ad2b-3471-4f0f-8f8c-d14b7b91b5dc":{"type":"testimonial","settings":{"icon_star":"5_star","custom_icon":"","title":"Great...Highly recommend it.","text":"<p>“ My wife and I have been using the product we bought for several months now. We have found it to be very helpful in keeping our two little guys clean and dry. Everything was easy to use and easy to clean. Attractive flowering variety with striking red undersides. We highly recommend it. ”<\/p>","author":"Saka. Tran","author_note":"<p>New York City, NY<\/p>"}},"23c4e22b-3e49-4ea0-a174-650403afbc37":{"type":"testimonial","settings":{"icon_star":"5_star","custom_icon":"","title":"Great...Highly recommend it.","text":"<p>“ My wife and I have been using the product we bought for several months now. We have found it to be very helpful in keeping our two little guys clean and dry. Everything was easy to use and easy to clean. Attractive flowering variety with striking red undersides. We highly recommend it. ”<\/p>","author":"Saka. Tran","author_note":"<p>New York City, NY<\/p>"}}},"block_order":["template--21434486325549__c26519c2-86c0-4269-83c9-20ef3d8b59a1-testimonial-1","c2e19e63-3414-41d5-97c5-999f54600233","b009ad2b-3471-4f0f-8f8c-d14b7b91b5dc","23c4e22b-3e49-4ea0-a174-650403afbc37"],"settings":{"heading":"","heading_size":100,"text_alignment":"center","testimonial_items_view":"single","show_arrow":false,"show_pagination":true,"show_author_image":false,"background_color_light":"rgba(0,0,0,0)","item_background_color_light":"#ffffff","heading_and_title_light":"#212020","item_text_color_light":"#4b4b4b","background_color_dark":"rgba(0,0,0,0)","item_background_color_dark":"#212020","heading_and_title_dark":"rgba(0,0,0,0)","item_text_color_dark":"rgba(0,0,0,0)","show_section_divider":false,"top_padding":0,"bottom_padding":44,"show_section_divider_mobile":false,"top_padding_mobile":20,"bottom_padding_mobile":20}},"bdc6b4d8-257f-4f22-9354-c4ee4492a89c":{"type":"media-gallery","blocks":{"template--21434486325549__bdc6b4d8-257f-4f22-9354-c4ee4492a89c-media-1":{"type":"media","settings":{"image_link":"","open_new_window":false,"video_url":"","enable_video_autoplay":true,"video_alt_text":"","content_position":"bottom","overlay_opacity":0,"number_of_columns":2,"number_of_row":2,"title":"House Shape Plant","title_size":100,"text":"<p>Only On Our Store!<\/p><p><\/p>","text_size":110,"text_align":"center","button_label":"Shop Now","button_link":"","open_new_window_button":false,"color_overlay":"rgba(0,0,0,0)","title_color":"#ffffff","text_color":"#ffffff","color_button":"#4b4b4b","background_button":"#ededdd","color_button_hover":"rgba(0,0,0,0)","background_button_hover":"rgba(0,0,0,0)"}},"template--21434486325549__bdc6b4d8-257f-4f22-9354-c4ee4492a89c-media-2":{"type":"media","settings":{"image_link":"","open_new_window":false,"video_url":"","enable_video_autoplay":true,"video_alt_text":"","content_position":"bottom","overlay_opacity":0,"number_of_columns":1,"number_of_row":1,"title":"Hanging Planter","title_size":70,"text":"<p>Fresh Flower<\/p>","text_size":100,"text_align":"left","button_label":"Shop Now","button_link":"","open_new_window_button":false,"color_overlay":"rgba(0,0,0,0)","title_color":"#ffffff","text_color":"#ffffff","color_button":"#4b4b4b","background_button":"#ededdd","color_button_hover":"rgba(0,0,0,0)","background_button_hover":"rgba(0,0,0,0)"}},"32515f4c-f488-4c67-a7fc-de00839f9261":{"type":"media","settings":{"image_link":"","open_new_window":false,"video_url":"","enable_video_autoplay":true,"video_alt_text":"","content_position":"bottom","overlay_opacity":0,"number_of_columns":1,"number_of_row":1,"title":"Office Plant","title_size":70,"text":"<p>Upto 40% Off<\/p>","text_size":100,"text_align":"left","button_label":"Shop Now","button_link":"","open_new_window_button":false,"color_overlay":"rgba(0,0,0,0)","title_color":"#ffffff","text_color":"#ffffff","color_button":"#4b4b4b","background_button":"#ededdd","color_button_hover":"rgba(0,0,0,0)","background_button_hover":"rgba(0,0,0,0)"}},"b675eb9b-2697-41bd-8ff1-c9b527f3045b":{"type":"media","settings":{"image_link":"","open_new_window":false,"video_url":"","enable_video_autoplay":true,"video_alt_text":"","content_position":"bottom","overlay_opacity":0,"number_of_columns":1,"number_of_row":1,"title":"Indoor Plants","title_size":70,"text":"<p>Just for You<\/p>","text_size":100,"text_align":"left","button_label":"Shop Now","button_link":"","open_new_window_button":false,"color_overlay":"rgba(0,0,0,0)","title_color":"#ffffff","text_color":"#ffffff","color_button":"#4b4b4b","background_button":"#ededdd","color_button_hover":"rgba(0,0,0,0)","background_button_hover":"rgba(0,0,0,0)"}},"fcd199b1-9efb-4c26-abcc-4b1b3842d2fd":{"type":"media","settings":{"image_link":"","open_new_window":false,"video_url":"","enable_video_autoplay":true,"video_alt_text":"","content_position":"bottom","overlay_opacity":0,"number_of_columns":1,"number_of_row":1,"title":"Modern Plant","title_size":70,"text":"<p>Sale Off<\/p>","text_size":100,"text_align":"left","button_label":"Shop Now","button_link":"","open_new_window_button":false,"color_overlay":"rgba(0,0,0,0)","title_color":"#ffffff","text_color":"#ffffff","color_button":"#4b4b4b","background_button":"#ededdd","color_button_hover":"rgba(0,0,0,0)","background_button_hover":"rgba(0,0,0,0)"}}},"block_order":["template--21434486325549__bdc6b4d8-257f-4f22-9354-c4ee4492a89c-media-1","template--21434486325549__bdc6b4d8-257f-4f22-9354-c4ee4492a89c-media-2","32515f4c-f488-4c67-a7fc-de00839f9261","b675eb9b-2697-41bd-8ff1-c9b527f3045b","fcd199b1-9efb-4c26-abcc-4b1b3842d2fd"],"settings":{"heading":"","heading_size":100,"max_columns":4,"spacing":20,"height_desktop":300,"show_section_divider":false,"full_width":true,"padding_top":40,"padding_bottom":40,"min_columns_mobile":"2","spacing_mobile":10,"height_mobile":250,"show_section_divider_mobile":false,"full_width_mobile":false,"padding_top_mobile":36,"padding_bottom_mobile":28}},"8b3e6efa-36bc-410f-91b2-96b2af37a902":{"type":"multicolumn","blocks":{"template--16143237120160__8b3e6efa-36bc-410f-91b2-96b2af37a902-column-1":{"type":"column","settings":{"icon":"delivery-truck","custom_icon":"","title":"Shipping & Return","title_link":"","open_new_window":false,"heading_size":100,"text":"<p>If your aren't perfect, return them within 30 days for a full refund.<\/p>"}},"template--16143237120160__8b3e6efa-36bc-410f-91b2-96b2af37a902-column-2":{"type":"column","settings":{"icon":"box","custom_icon":"","title":"Safe Payment","title_link":"","open_new_window":false,"heading_size":100,"text":"<p>Pay with the world's most popular and secure payment methods<\/p>"}},"template--16143237120160__8b3e6efa-36bc-410f-91b2-96b2af37a902-column-3":{"type":"column","settings":{"icon":"leaf","custom_icon":"","title":"Shop with Confidence","title_link":"","open_new_window":false,"heading_size":100,"text":"<p>Our Buyer Protection covers your purchase from click to delivery.<\/p>"}},"template--16143237120160__8b3e6efa-36bc-410f-91b2-96b2af37a902-column-4":{"type":"column","settings":{"icon":"check-mark","custom_icon":"","title":"Support 24\/7","title_link":"","open_new_window":false,"heading_size":100,"text":"<p>Ready to help our clients<\/p>"}}},"block_order":["template--16143237120160__8b3e6efa-36bc-410f-91b2-96b2af37a902-column-1","template--16143237120160__8b3e6efa-36bc-410f-91b2-96b2af37a902-column-2","template--16143237120160__8b3e6efa-36bc-410f-91b2-96b2af37a902-column-3","template--16143237120160__8b3e6efa-36bc-410f-91b2-96b2af37a902-column-4"],"settings":{"title":"","heading_size":100,"secondary_background":"none","border_column":"line_vertical","column_content_alignment":"center","icon_position":"above","icon_size":30,"enable_desktop_slider":false,"swiper_on_mobile":true,"change_bar_every":3,"background_color_light":"rgba(0,0,0,0)","heading_light":"#000000","text_light":"#212020","line_border_light":"#ededdd","color_icon_light":"#17532d","background_color_dark":"#272727","heading_dark":"rgba(0,0,0,0)","text_dark":"rgba(0,0,0,0)","line_border_dark":"#333333","color_icon_dark":"#17532d","column_layout_desktop":"lg:w-1\/4","section_height_desktop":"md:py-0","spacing_desktop":20,"full_width":false,"show_section_divider":false,"padding_top":32,"padding_bottom":60,"column_layout_mobile":"w-full","section_height_mobile":"py-5","spacing_mobile":20,"full_width_mobile":true,"show_section_divider_mobile":false,"padding_top_mobile":16,"padding_bottom_mobile":12}},"d2b47fc9-6a38-4d2e-b145-ab5fc91843e2":{"type":"featured-collection","blocks":{"template--21434486325549__d2b47fc9-6a38-4d2e-b145-ab5fc91843e2-collection-1":{"type":"collection","settings":{"collection":"","show_description":true,"description":"","show_vendor":false,"show_rating":false,"show_quickview":true,"show_promotion":false,"promotion_position":"left","card_link":"","open_new_window":false,"enable_text_overlay":false,"overlay_opacity":0,"image_ratio":"100","heading":"Featured collection","heading_size":70,"content":"<p>10% OFF<\/p>","text_size":100,"content_alignment":"center","content_position":"bottom","button_label":"See more","button_link":"","open_new_window_button":false,"background_color":"rgba(0,0,0,0)","color_text":"rgba(0,0,0,0)","color_button":"rgba(0,0,0,0)","color_text_button":"rgba(0,0,0,0)","color_button_hover":"rgba(0,0,0,0)","color_text_button_hover":"rgba(0,0,0,0)","color_button_secondary":"rgba(0,0,0,0)"}}},"block_order":["template--21434486325549__d2b47fc9-6a38-4d2e-b145-ab5fc91843e2-collection-1"],"settings":{"title":"Special Product","heading_size":100,"heading_alignment":"center","show_view_all":false,"view_all_position":"top","enable_desktop_slider":false,"swiper_on_mobile":true,"auto_play":false,"change_slides_speed":5,"columns_desktop":4,"rows_desktop":1,"spacing":20,"full_width":false,"show_section_divider":true,"padding_top":60,"padding_bottom":20,"columns_mobile":"2","spacing_mobile":10,"full_width_mobile":false,"show_section_divider_mobile":false,"padding_top_mobile":36,"padding_bottom_mobile":16}},"62aa3195-ac8b-4dac-a2c6-e2332a2c86a6":{"type":"logo-list","blocks":{"template--21434486325549__62aa3195-ac8b-4dac-a2c6-e2332a2c86a6-logo-1":{"type":"logo","settings":{"image_link":"","open_new_window":false}},"template--21434486325549__62aa3195-ac8b-4dac-a2c6-e2332a2c86a6-logo-2":{"type":"logo","settings":{"image_link":"","open_new_window":false}},"template--21434486325549__62aa3195-ac8b-4dac-a2c6-e2332a2c86a6-logo-3":{"type":"logo","settings":{"image_link":"","open_new_window":false}},"template--21434486325549__62aa3195-ac8b-4dac-a2c6-e2332a2c86a6-logo-4":{"type":"logo","settings":{"image_link":"","open_new_window":false}},"template--21434486325549__62aa3195-ac8b-4dac-a2c6-e2332a2c86a6-logo-5":{"type":"logo","settings":{"image_link":"","open_new_window":false}},"template--21434486325549__62aa3195-ac8b-4dac-a2c6-e2332a2c86a6-logo-6":{"type":"logo","settings":{"image_link":"","open_new_window":false}},"d6509ce6-ead1-4562-a81a-5f6937d9b5f3":{"type":"logo","settings":{"image_link":"","open_new_window":false}},"4b299d71-b04f-4783-9db8-cd545aac079f":{"type":"logo","settings":{"image_link":"","open_new_window":false}}},"block_order":["template--21434486325549__62aa3195-ac8b-4dac-a2c6-e2332a2c86a6-logo-1","template--21434486325549__62aa3195-ac8b-4dac-a2c6-e2332a2c86a6-logo-2","template--21434486325549__62aa3195-ac8b-4dac-a2c6-e2332a2c86a6-logo-3","template--21434486325549__62aa3195-ac8b-4dac-a2c6-e2332a2c86a6-logo-4","template--21434486325549__62aa3195-ac8b-4dac-a2c6-e2332a2c86a6-logo-5","template--21434486325549__62aa3195-ac8b-4dac-a2c6-e2332a2c86a6-logo-6","d6509ce6-ead1-4562-a81a-5f6937d9b5f3","4b299d71-b04f-4783-9db8-cd545aac079f"],"settings":{"heading":"","heading_size":100,"corner_image":0,"background_color_light":"rgba(0,0,0,0)","background_color_dark":"rgba(0,0,0,0)","enable_carousel_on_desktop":true,"auto_switch_bar":true,"change_bar_every":5,"show_navigation":true,"columns_desktop":8,"full_width":false,"show_section_divider":false,"spacing":6,"padding_top":28,"padding_bottom":40,"layout_mobile":"carousel","columns_mobile":"2","show_section_divider_mobile":false,"spacing_mobile":5,"padding_top_mobile":28,"padding_bottom_mobile":28}},"cab1f2a8-e84d-45b0-b1ed-7c61adbf2000":{"type":"featured-blog","settings":{"heading":"Latest in Blog","heading_size":100,"heading_alignment":"center","blog":"news","post_limit":3,"columns_desktop":3,"show_view_all":true,"view_all_position":"bottom","show_image":true,"image_ratio":"75","item_secondary_background":false,"show_author":true,"show_name":false,"show_date":true,"show_excerpt":true,"show_tag":false,"show_comment_counts":true,"enable_desktop_slider":false,"swiper_on_mobile":true,"auto_play":false,"change_slides_speed":5,"spacing":21,"show_section_divider":false,"padding_top":40,"padding_bottom":32,"columns_mobile":"1","spacing_mobile":10,"show_section_divider_mobile":false,"padding_top_mobile":20,"padding_bottom_mobile":64}},"e5f59918-4dc8-4b07-8447-8bd2627ced5e":{"type":"logo-list","blocks":{"template--21434486325549__e5f59918-4dc8-4b07-8447-8bd2627ced5e-logo-1":{"type":"logo","settings":{"image_link":"","open_new_window":false}},"template--21434486325549__e5f59918-4dc8-4b07-8447-8bd2627ced5e-logo-2":{"type":"logo","settings":{"image_link":"","open_new_window":false}},"template--21434486325549__e5f59918-4dc8-4b07-8447-8bd2627ced5e-logo-3":{"type":"logo","settings":{"image_link":"","open_new_window":false}},"template--21434486325549__e5f59918-4dc8-4b07-8447-8bd2627ced5e-logo-4":{"type":"logo","settings":{"image_link":"","open_new_window":false}},"template--21434486325549__e5f59918-4dc8-4b07-8447-8bd2627ced5e-logo-5":{"type":"logo","settings":{"image_link":"","open_new_window":false}}},"block_order":["template--21434486325549__e5f59918-4dc8-4b07-8447-8bd2627ced5e-logo-1","template--21434486325549__e5f59918-4dc8-4b07-8447-8bd2627ced5e-logo-2","template--21434486325549__e5f59918-4dc8-4b07-8447-8bd2627ced5e-logo-3","template--21434486325549__e5f59918-4dc8-4b07-8447-8bd2627ced5e-logo-4","template--21434486325549__e5f59918-4dc8-4b07-8447-8bd2627ced5e-logo-5"],"settings":{"heading":"Follow us on Instagram","heading_size":100,"corner_image":0,"background_color_light":"rgba(0,0,0,0)","background_color_dark":"rgba(0,0,0,0)","enable_carousel_on_desktop":false,"auto_switch_bar":true,"change_bar_every":5,"show_navigation":true,"columns_desktop":5,"full_width":false,"show_section_divider":false,"spacing":20,"padding_top":28,"padding_bottom":80,"layout_mobile":"carousel","columns_mobile":"2","show_section_divider_mobile":false,"spacing_mobile":14,"padding_top_mobile":28,"padding_bottom_mobile":28}}},"order":["slideshow","0986be25-e10c-4c26-b0e4-b8ac4657748c","4160350c-3ea8-43bf-828f-c4c047cc166c","461d4c73-510e-4d7e-a4ff-f51612ab9b25","2757b392-a105-46c2-9b81-4097124af687","c26519c2-86c0-4269-83c9-20ef3d8b59a1","bdc6b4d8-257f-4f22-9354-c4ee4492a89c","8b3e6efa-36bc-410f-91b2-96b2af37a902","d2b47fc9-6a38-4d2e-b145-ab5fc91843e2","62aa3195-ac8b-4dac-a2c6-e2332a2c86a6","cab1f2a8-e84d-45b0-b1ed-7c61adbf2000","e5f59918-4dc8-4b07-8447-8bd2627ced5e"]}