{"sections":{"promotion-banner":{"type":"promotion-banner","blocks":{"text":{"type":"image_banner","settings":{"heading":"Frequently Asked Questions","heading_size":170,"heading_tag":"h2","subheading":"","text":"","text_size":130,"content_box_type":"square","add_frame":false,"color_content_box_light":"rgba(0,0,0,0)","color_content_box_dark":"rgba(0,0,0,0)"}}},"block_order":["text"],"disabled":true,"settings":{"heading":"Promotion Banner","image_link":"","open_new_window":false,"image_overlay_opacity":20,"content_position":"custom","content_horizontal":50,"content_vertical":95,"position_content_mobile":"center","content_alignment":"center","show_hero":false,"full_width":true,"padding_full_width":false,"rounded_corner_image":false,"desktop_height":"450px","padding_top":0,"padding_bottom":0,"full_width_mobile":true,"rounded_corner_image_mobile":false,"mobile_height":"250px","padding_top_mobile":0,"padding_bottom_mobile":0}},"main":{"type":"main-page","disabled":true,"settings":{"show_heading":false,"heading_size":100,"heading_tag":"h1","show_breadcrumbs":true,"show_breadcrumbs_border":false,"full_width_breadcrumb":true,"desktop_content_alignment":"text-left","mobile_content_alignment":"text-left","background_color_light":"#f2f2f2","text_color_light":"rgba(0,0,0,0)","textlink_color_light":"rgba(0,0,0,0)","background_color_dark":"#313131","text_color_dark":"rgba(0,0,0,0)","textlink_color_dark":"rgba(0,0,0,0)","padding_top":0,"padding_bottom":0,"padding_top_mobile":0,"padding_bottom_mobile":0}},"09dedc68-8714-4c99-ac33-9f28d9602121":{"type":"rich-text","blocks":{"template--21381746688301__09dedc68-8714-4c99-ac33-9f28d9602121-text-1":{"type":"text","settings":{"text":"<p>Questions? Comments? Let your customers get in touch with you by filling out the email form below. <br\/>Reassure them that someone will get back to them within a certain timeframe<\/p>","read_more_label":"Read more"}}},"block_order":["template--21381746688301__09dedc68-8714-4c99-ac33-9f28d9602121-text-1"],"settings":{"heading_light":"rgba(0,0,0,0)","text_light":"rgba(0,0,0,0)","background_color_light":"#f6f6f0","heading_dark":"rgba(0,0,0,0)","text_dark":"rgba(0,0,0,0)","background_color_dark":"","content_alignment":"center","show_section_divider":false,"make_full_page_width":true,"padding_top":60,"padding_bottom":0,"content_alignment_mobile":"center","show_section_divider_mobile":false,"padding_top_mobile":28,"padding_bottom_mobile":28}},"faq":{"type":"faq","blocks":{"block-1":{"type":"frequently_asked_question","settings":{"icon":"box","custom_icon":"","heading":"How do I place an order?","row_content":"<p>To place an order, browse our products on our website, add your desired items to the cart, and proceed to checkout. Follow the prompts to enter your shipping and payment information.<\/p>"}},"block-2":{"type":"frequently_asked_question","settings":{"icon":"box","custom_icon":"","heading":"Can I make changes to my order after it's placed?","row_content":"<p>Yes, you can make changes to your order <strong>BEFORE<\/strong> it is shipped. To make any order modifications you may send us an email with the order numbers and changes you would like, once the changes are done we will send you an email confirmation.<\/p>"}},"block-3":{"type":"frequently_asked_question","settings":{"icon":"credit-card","custom_icon":"","heading":"What payment methods do you accept?","row_content":"<p>We accept major credit cards (Visa, MasterCard, American Express), PayPal, and more.<\/p>"}},"block-4":{"type":"frequently_asked_question","settings":{"icon":"dollar-sign","custom_icon":"","heading":"Do you offer bulk pricing or discounts for large orders?","row_content":"<p>Yes, we offer bulk pricing and discounts for large orders. Send us an email with the item and quantity to see if you qualify for our large quantity discount.<\/p>"}},"9c5a9612-6df2-4253-ac32-7021ca8c46c7":{"type":"frequently_asked_question","settings":{"icon":"faq","custom_icon":"","heading":"Can I place an order over the phone?","row_content":"<p>Yes, you can place an order by contacting our customer support, but we do have an easy check out system on our website.<\/p>"}},"frequently_asked_question_GtAKzz":{"type":"frequently_asked_question","settings":{"icon":"coin","custom_icon":"","heading":"Can I combine multiple discount codes on a single order?","row_content":"<p>No, only one discount code can be used per order.<\/p>"}},"frequently_asked_question_mG4pwV":{"type":"frequently_asked_question","settings":{"icon":"coin","custom_icon":"","heading":"Do you offer any discounts or promotions?","row_content":"<p>Yes, we offer discounts and promotions often.<\/p><p>Please check the current pop-ups or annoucement bars.<\/p><p>You can also see the current deals from <a href=\"https:\/\/www.americantiledepot.com\/collections\/sale\" target=\"_blank\" title=\"https:\/\/www.americantiledepot.com\/collections\/sale\">here<\/a>.<\/p>"}},"frequently_asked_question_byVDL6":{"type":"frequently_asked_question","settings":{"icon":"coin","custom_icon":"","heading":"How can I apply a discount code to my order?","row_content":"<p>Enter your discount code at checkout.<\/p>"}}},"block_order":["block-1","block-2","block-3","block-4","9c5a9612-6df2-4253-ac32-7021ca8c46c7","frequently_asked_question_GtAKzz","frequently_asked_question_mG4pwV","frequently_asked_question_byVDL6"],"custom_css":[".faq-item {background-color: #1c4070; color: white; border-radius: 10px;}",".faq-content {background-color: #2596be; color: white; padding-block: 4px; padding-inline-start: 10px; padding-inline-end: 10px; border-radius: 10px;}"],"settings":{"heading":"Ordering, Payments, and Discounts","heading_size":70,"heading_tag":"h2","heading_alignment":"left","row_background":true,"collapsible":true,"show_view_all":false,"view_all_position":"top","button_link":"","open_new_window":false,"background_color_light":"#f6f6f0","background_color_dark":"rgba(0,0,0,0)","enable_microdata_schema":false,"desktop_layout":"1","image_alignment":"left","desktop_height":"400px","show_section_divider":false,"make_full_page_width":false,"padding_top":8,"padding_bottom":24,"image_alignment_mobile":"left","mobile_height":"250px","show_section_divider_mobile":false,"padding_top_mobile":20,"padding_bottom_mobile":64}},"faq_4gD4Uj":{"type":"faq","blocks":{"frequently_asked_question_Xq66nz":{"type":"frequently_asked_question","settings":{"icon":"heart","custom_icon":"","heading":"Frequently asked question","row_content":"<p>Use this text to answer questions in as much detail as possible for your customers.<\/p>"}},"frequently_asked_question_PCQzdr":{"type":"frequently_asked_question","settings":{"icon":"heart","custom_icon":"","heading":"Frequently asked question","row_content":"<p>Use this text to answer questions in as much detail as possible for your customers.<\/p>"}},"frequently_asked_question_xHPaxd":{"type":"frequently_asked_question","settings":{"icon":"heart","custom_icon":"","heading":"Frequently asked question","row_content":"<p>Use this text to answer questions in as much detail as possible for your customers.<\/p>"}},"frequently_asked_question_TmMtJd":{"type":"frequently_asked_question","settings":{"icon":"heart","custom_icon":"","heading":"Frequently asked question","row_content":"<p>Use this text to answer questions in as much detail as possible for your customers.<\/p>"}}},"block_order":["frequently_asked_question_Xq66nz","frequently_asked_question_PCQzdr","frequently_asked_question_xHPaxd","frequently_asked_question_TmMtJd"],"custom_css":[".faq-item {background-color: #1c4070; color: white; border-radius: 10px;}",".faq-content {background-color: #2596be; color: white; padding-block: 4px; padding-inline-start: 10px; padding-inline-end: 10px; border-radius: 10px;}"],"settings":{"heading":"Shipping, Delivery, and Returns","heading_size":70,"heading_tag":"h2","heading_alignment":"left","row_background":true,"collapsible":true,"show_view_all":false,"view_all_position":"top","button_link":"","open_new_window":false,"background_color_light":"rgba(0,0,0,0)","background_color_dark":"rgba(0,0,0,0)","enable_microdata_schema":true,"desktop_layout":"1","image_alignment":"left","desktop_height":"400px","show_section_divider":false,"make_full_page_width":false,"padding_top":0,"padding_bottom":0,"image_alignment_mobile":"left","mobile_height":"250px","show_section_divider_mobile":false,"padding_top_mobile":28,"padding_bottom_mobile":28}},"f530cf0e-dc25-4cfd-8f3e-dd9e95811205":{"type":"contact-form","blocks":{"template--21381746688301__f530cf0e-dc25-4cfd-8f3e-dd9e95811205-name-1":{"type":"name","settings":{"heading":"Name","mark_as_required":false}},"template--21381746688301__f530cf0e-dc25-4cfd-8f3e-dd9e95811205-email-1":{"type":"email","settings":{"heading":"Email"}},"7e3d3716-38d6-431e-972b-c628bb29c558":{"type":"form","settings":{"heading":"Subject","mark_as_required":false,"type_field":"text","options":""}},"template--21381746688301__f530cf0e-dc25-4cfd-8f3e-dd9e95811205-message-1":{"type":"message","settings":{"heading":"Message","mark_as_required":false}}},"block_order":["template--21381746688301__f530cf0e-dc25-4cfd-8f3e-dd9e95811205-name-1","template--21381746688301__f530cf0e-dc25-4cfd-8f3e-dd9e95811205-email-1","7e3d3716-38d6-431e-972b-c628bb29c558","template--21381746688301__f530cf0e-dc25-4cfd-8f3e-dd9e95811205-message-1"],"disabled":true,"settings":{"heading":"Do You Have Any Question?","heading_size":100,"heading_tag":"h2","heading_alignment":"center","text":"<p>If you do not find the answer to your question in our FAQ, you can send us a message by filling out the form below.<\/p>","background_color_light":"rgba(0,0,0,0)","background_color_dark":"rgba(0,0,0,0)","button_label":"Send Message","button_alignment":"center","success_message":"Thanks for contacting us. We'll get back to you as soon as possible.","show_content":"none","form_alignment":"left","desktop_height":"550px","mobile_height":"400px","contact_heading":"Contact infomation","heading_tag_2":"h2","infomation":"","address":"75 9th Ave, New York, NY 10011-7006","phone_nummber":"+1234567890","email_address":"info@yourstore.com","contact_text":"<p>Opening hours<\/p><p>Mon - Fri, 8:30am - 10:30pm,<br\/>Saturday, 8:30am - 10:30pm,<br\/>Sunday, 8:30am - 10:30pm<\/p>","full_width":false,"show_section_divider":false,"padding_top":64,"padding_bottom":20,"full_width_mobile":false,"show_section_divider_mobile":false,"padding_top_mobile":28,"padding_bottom_mobile":28}},"6ca0a127-d253-4cf6-8c1c-3a1eb0febfe3":{"type":"multicolumn","blocks":{"template--21381746688301__6ca0a127-d253-4cf6-8c1c-3a1eb0febfe3-column-1":{"type":"column","settings":{"icon":"plane","custom_icon":"","title":"Shipping & Return","title_link":"","open_new_window":false,"heading_size":100,"text":"<p>If your aren't perfect, return them within 30 days for a full refund.<\/p>"}},"template--21381746688301__6ca0a127-d253-4cf6-8c1c-3a1eb0febfe3-column-2":{"type":"column","settings":{"icon":"box","custom_icon":"","title":"Safe Payment","title_link":"","open_new_window":false,"heading_size":100,"text":"<p>Pay with the world's most popular and secure payment methods<\/p>"}},"template--21381746688301__6ca0a127-d253-4cf6-8c1c-3a1eb0febfe3-column-3":{"type":"column","settings":{"icon":"megaphone","custom_icon":"","title":"Shop with Confidence","title_link":"","open_new_window":false,"heading_size":100,"text":"<p>Our Buyer Protection covers your purchase from click to delivery.<\/p>"}},"template--21381746688301__6ca0a127-d253-4cf6-8c1c-3a1eb0febfe3-column-4":{"type":"column","settings":{"icon":"clock","custom_icon":"","title":"Shipping & Return","title_link":"","open_new_window":false,"heading_size":100,"text":"<p>If your plant aren't perfect, return them within 30 days<\/p>"}}},"block_order":["template--21381746688301__6ca0a127-d253-4cf6-8c1c-3a1eb0febfe3-column-1","template--21381746688301__6ca0a127-d253-4cf6-8c1c-3a1eb0febfe3-column-2","template--21381746688301__6ca0a127-d253-4cf6-8c1c-3a1eb0febfe3-column-3","template--21381746688301__6ca0a127-d253-4cf6-8c1c-3a1eb0febfe3-column-4"],"settings":{"title":"","heading_size":100,"heading_tag":"h2","secondary_background":"none","border_column":"line_vertical","column_content_alignment":"center","icon_position":"above","icon_size":36,"enable_desktop_slider":true,"swiper_on_mobile":false,"change_bar_every":5,"background_color_light":"#f6f6f6","heading_light":"rgba(0,0,0,0)","text_light":"rgba(0,0,0,0)","line_border_light":"rgba(0,0,0,0)","color_icon_light":"#17532d","background_color_dark":"#2a2a2a","heading_dark":"rgba(0,0,0,0)","text_dark":"rgba(0,0,0,0)","line_border_dark":"rgba(0,0,0,0)","color_icon_dark":"#17532d","column_layout_desktop":"lg:w-1\/4","section_height_desktop":"md:py-7","spacing_desktop":28,"full_width":false,"padding_full_width":false,"show_section_divider":false,"padding_top":28,"padding_bottom":56,"column_layout_mobile":"w-full","section_height_mobile":"py-5","spacing_mobile":16,"full_width_mobile":false,"show_section_divider_mobile":false,"padding_top_mobile":20,"padding_bottom_mobile":20}}},"order":["promotion-banner","main","09dedc68-8714-4c99-ac33-9f28d9602121","faq","faq_4gD4Uj","f530cf0e-dc25-4cfd-8f3e-dd9e95811205","6ca0a127-d253-4cf6-8c1c-3a1eb0febfe3"]}