{"sections":{"main":{"type":"main-page","disabled":true,"settings":{"show_heading":true,"heading_size":170,"heading_tag":"h1","show_breadcrumbs":true,"show_breadcrumbs_border":false,"full_width_breadcrumb":true,"desktop_content_alignment":"text-left","mobile_content_alignment":"text-left","background_color_light":"#f2f2f2","text_color_light":"rgba(0,0,0,0)","textlink_color_light":"rgba(0,0,0,0)","background_color_dark":"#313131","text_color_dark":"rgba(0,0,0,0)","textlink_color_dark":"rgba(0,0,0,0)","padding_top":28,"padding_bottom":28,"padding_top_mobile":20,"padding_bottom_mobile":20}},"slideshow_xKxwxL":{"type":"slideshow","blocks":{"slide_zyREnP":{"type":"slide","settings":{"overlay_opacity":0,"subheading":"","heading":"Where Timeless Femininity Meets Modern Edge","heading_size":140,"heading_tag":"h2","text":"<p>Add a little luxury to your everyday life.<\/p>","button_label_1":"Discover Now","button_link_1":"","open_new_window_button":false,"button_label_2":"","button_link_2":"","open_new_window_button_2":false,"content_alignment":"middle-center","custom_horizontal":50,"custom_vertical":50,"alignment":"center","color_text":"rgba(0,0,0,0)","color_button":"#ffffff","color_text_button":"#2e1c13","color_button_hover":"rgba(0,0,0,0)","color_text_button_hover":"rgba(0,0,0,0)","color_button_secondary":"rgba(0,0,0,0)","secondary_button_text":"rgba(0,0,0,0)"}},"slide_Jg67qn":{"type":"slide","settings":{"overlay_opacity":0,"subheading":"","heading":"The New Lookbook","heading_size":140,"heading_tag":"h2","text":"<p>Hoops, huggies and go to layers - these are your jewelry wardrobe essentials.<\/p>","button_label_1":"Shop The Lookbook","button_link_1":"","open_new_window_button":false,"button_label_2":"","button_link_2":"","open_new_window_button_2":false,"content_alignment":"middle-center","custom_horizontal":50,"custom_vertical":50,"alignment":"center","color_text":"rgba(0,0,0,0)","color_button":"#ffffff","color_text_button":"#2e1c13","color_button_hover":"rgba(0,0,0,0)","color_text_button_hover":"rgba(0,0,0,0)","color_button_secondary":"rgba(0,0,0,0)","secondary_button_text":"rgba(0,0,0,0)"}},"slide_86aNWX":{"type":"slide","settings":{"overlay_opacity":0,"subheading":"","heading":"The New Lookbook","heading_size":140,"heading_tag":"h2","text":"<p>Hoops, huggies and go to layers - these are your jewelry wardrobe essentials.<\/p>","button_label_1":"Shop The Lookbook","button_link_1":"","open_new_window_button":false,"button_label_2":"","button_link_2":"","open_new_window_button_2":false,"content_alignment":"middle-center","custom_horizontal":50,"custom_vertical":50,"alignment":"center","color_text":"rgba(0,0,0,0)","color_button":"rgba(0,0,0,0)","color_text_button":"rgba(0,0,0,0)","color_button_hover":"rgba(0,0,0,0)","color_text_button_hover":"rgba(0,0,0,0)","color_button_secondary":"rgba(0,0,0,0)","secondary_button_text":"rgba(0,0,0,0)"}}},"block_order":["slide_zyREnP","slide_Jg67qn","slide_86aNWX"],"settings":{"show_hero":false,"auto_play":true,"change_slides_speed":5,"show_arrow":true,"slider_visual":"bars","transition_style":"fade","full_width":true,"padding_full_width":false,"rounded_corner_image":false,"desktop_height":"750","padding_top":0,"padding_bottom":40,"full_width_mobile":true,"rounded_corner_image_mobile":false,"mobile_height":"500","padding_top_mobile":0,"padding_bottom_mobile":20}},"featured_collection_G3VqbG":{"type":"featured-collection","blocks":{"collection_wUAK3L":{"type":"collection","settings":{"collection":"","show_description":false,"description":"","show_vendor":false,"show_rating":false,"show_quickview":true,"show_promotion":false,"promotion_position":"left","card_link":"","open_new_window":false,"enable_text_overlay":false,"overlay_opacity":0,"image_ratio":"100","heading":"Featured collection","heading_size":70,"content":"<p>10% OFF<\/p>","text_size":100,"content_alignment":"center","content_position":"bottom","button_label":"See more","button_link":"","open_new_window_button":false,"background_color":"rgba(0,0,0,0)","color_text":"rgba(0,0,0,0)","color_button":"rgba(0,0,0,0)","color_text_button":"rgba(0,0,0,0)","color_button_hover":"rgba(0,0,0,0)","color_text_button_hover":"rgba(0,0,0,0)","color_button_secondary":"rgba(0,0,0,0)","secondary_button_text":"rgba(0,0,0,0)"}},"collection_WcYWEA":{"type":"collection","settings":{"collection":"","show_description":false,"description":"","show_vendor":false,"show_rating":false,"show_quickview":true,"show_promotion":false,"promotion_position":"left","card_link":"","open_new_window":false,"enable_text_overlay":false,"overlay_opacity":0,"image_ratio":"100","heading":"Featured collection","heading_size":70,"content":"<p>10% OFF<\/p>","text_size":100,"content_alignment":"center","content_position":"bottom","button_label":"See more","button_link":"","open_new_window_button":false,"background_color":"rgba(0,0,0,0)","color_text":"rgba(0,0,0,0)","color_button":"rgba(0,0,0,0)","color_text_button":"rgba(0,0,0,0)","color_button_hover":"rgba(0,0,0,0)","color_text_button_hover":"rgba(0,0,0,0)","color_button_secondary":"rgba(0,0,0,0)","secondary_button_text":"rgba(0,0,0,0)"}},"collection_bGpA7X":{"type":"collection","settings":{"collection":"","show_description":false,"description":"","show_vendor":false,"show_rating":false,"show_quickview":true,"show_promotion":false,"promotion_position":"left","card_link":"","open_new_window":false,"enable_text_overlay":false,"overlay_opacity":0,"image_ratio":"100","heading":"Featured collection","heading_size":70,"content":"<p>10% OFF<\/p>","text_size":100,"content_alignment":"center","content_position":"bottom","button_label":"See more","button_link":"","open_new_window_button":false,"background_color":"rgba(0,0,0,0)","color_text":"rgba(0,0,0,0)","color_button":"rgba(0,0,0,0)","color_text_button":"rgba(0,0,0,0)","color_button_hover":"rgba(0,0,0,0)","color_text_button_hover":"rgba(0,0,0,0)","color_button_secondary":"rgba(0,0,0,0)","secondary_button_text":"rgba(0,0,0,0)"}}},"block_order":["collection_wUAK3L","collection_WcYWEA","collection_bGpA7X"],"settings":{"title":"What's New","heading_size":110,"heading_tag":"h2","heading_alignment":"center","subheading":"","text":"","show_view_all":false,"view_all_position":"top","title_size":120,"title_style":"none","enable_desktop_slider":false,"swiper_on_mobile":false,"auto_play":false,"change_slides_speed":5,"columns_desktop":5,"rows_desktop":1,"spacing":10,"full_width":true,"show_section_divider":false,"padding_top":40,"padding_bottom":40,"columns_mobile":"1","spacing_mobile":16,"full_width_mobile":true,"show_section_divider_mobile":false,"padding_top_mobile":28,"padding_bottom_mobile":28}},"image_with_text_iqNKed":{"type":"image-with-text","blocks":{"heading_7aRmdP":{"type":"heading","settings":{"subheading":"Sustainable Since 1999","heading":"Shop For Gold Jewelry","heading_base_size":110,"heading_tag":"h2","text":"<p>Venenatis iaculis iaculis. Integer sit amet auctor justo, ac vestibulum orci. Aenean ultrices magna at porttitor eleifend. <\/p><p>Nam sodales scelerisque sedve stibulum aliquam euismod mi vitae nibh odales scelerisque ipsum sed vestibulum aliquam euismod mi vitae blandit libero at mauris condimentum scelerisque. In scelerisque in mauris ut malesuada sodales scelerisque.<\/p>","heading_light":"rgba(0,0,0,0)","text_light":"rgba(0,0,0,0)","heading_dark":"rgba(0,0,0,0)","text_dark":"rgba(0,0,0,0)"}},"button_yx3FUT":{"type":"button","settings":{"button_label":"Our Story","button_link":"shopify:\/\/pages\/about-us","open_new_window":false,"button_light":"rgba(0,0,0,0)","button_text_light":"rgba(0,0,0,0)","button_hover_light":"rgba(0,0,0,0)","button_text_hover_light":"rgba(0,0,0,0)","secondary_button_light":"rgba(0,0,0,0)","secondary_button_text_light":"rgba(0,0,0,0)","button_dark":"rgba(0,0,0,0)","button_text_dark":"rgba(0,0,0,0)","button_hover_dark":"rgba(0,0,0,0)","button_text_hover_dark":"rgba(0,0,0,0)","secondary_button_dark":"rgba(0,0,0,0)","secondary_button_text_dark":"rgba(0,0,0,0)"}}},"block_order":["heading_7aRmdP","button_yx3FUT"],"custom_css":["img {object-fit: contain;}"],"settings":{"video_url":"","video_alt_text":"","enable_video_autoplay":false,"desktop_height":"750px","mobile_height":"400px","desktop_image_width":"medium","image_layout":"normal","image_corner_radius":0,"content_layout":"no-overlap","spacing_image":false,"text_position":"center","text_alignment":"start","background_color_light":"#fbf6ee","background_color_dark":"rgba(0,0,0,0)","image_alignment":"left","full_width":false,"top_padding":40,"bottom_padding":40,"image_alignment_mobile":"left","full_width_mobile":false,"top_padding_mobile":0,"bottom_padding_mobile":0}},"collection_list_iqDD7E":{"type":"collection-list","blocks":{"featured_collection_gdRjQH":{"type":"featured_collection","settings":{"collection":""}},"featured_collection_waBiNX":{"type":"featured_collection","settings":{"collection":""}},"featured_collection_Wi4Mm9":{"type":"featured_collection","settings":{"collection":""}},"featured_collection_qGrUtT":{"type":"featured_collection","settings":{"collection":""}},"featured_collection_etkp7a":{"type":"featured_collection","settings":{"collection":""}},"featured_collection_NpJnaT":{"type":"featured_collection","settings":{"collection":""}}},"block_order":["featured_collection_gdRjQH","featured_collection_waBiNX","featured_collection_Wi4Mm9","featured_collection_qGrUtT","featured_collection_etkp7a","featured_collection_NpJnaT"],"settings":{"heading":"","heading_size":100,"heading_tag":"h2","heading_alignment":"center","show_view_all":false,"background_color_light":"","background_color_dark":"","image_ratio":"rectangle","title_size":80,"show_text_overlay":false,"content_alignment":"center","content_position":"bottom","image_overlay_opacity":5,"title_color":"rgba(0,0,0,0)","text_light":"rgba(0,0,0,0)","title_color_dark":"rgba(0,0,0,0)","text_dark":"rgba(0,0,0,0)","show_item_count":false,"columns_desktop":6,"columns_mobile":"2","enable_desktop_slider":false,"swiper_on_mobile":true,"spacing":10,"show_section_divider":false,"full_width":true,"padding_top":40,"padding_bottom":0,"spacing_mobile":5,"show_section_divider_mobile":false,"padding_top_mobile":28,"padding_bottom_mobile":28}},"media_gallery_jjkQce":{"type":"media-gallery","blocks":{"media_hWURkE":{"type":"media","settings":{"image_link":"","open_new_window":false,"video_url":"","enable_video_autoplay":true,"video_alt_text":"","enable_content_overlay":true,"content_position":"bottom","overlay_opacity":0,"number_of_columns":1,"number_of_row":2,"icon":"none","custom_icon":"","icon_size":45,"sub_title":"","title":"New Arrivals","title_size":110,"text":"<p>As the weather cools, 14k gold and twinkling diamonds to layer up.<\/p>","text_size":130,"text_align":"center","media_position":"top","button_label":"Shop Now","button_link":"","open_new_window_button":false,"color_overlay":"rgba(0,0,0,0)","title_color":"#ffffff","text_color":"#ffffff","color_button":"#000000","background_button":"#ffffff","color_button_hover":"rgba(0,0,0,0)","background_button_hover":"rgba(0,0,0,0)","color_button_secondary":"rgba(0,0,0,0)","secondary_button_text":"rgba(0,0,0,0)"}},"media_rfjxmG":{"type":"media","settings":{"image_link":"","open_new_window":false,"video_url":"","enable_video_autoplay":true,"video_alt_text":"","enable_content_overlay":true,"content_position":"bottom","overlay_opacity":0,"number_of_columns":1,"number_of_row":2,"icon":"none","custom_icon":"","icon_size":45,"sub_title":"","title":"Best Sellers","title_size":110,"text":"<p>Our forever favorites — yours too. Jewelry building blocks for your collection. <\/p>","text_size":130,"text_align":"center","media_position":"top","button_label":"Shop Best Sellers","button_link":"","open_new_window_button":false,"color_overlay":"rgba(0,0,0,0)","title_color":"#ffffff","text_color":"#ffffff","color_button":"#000000","background_button":"#ffffff","color_button_hover":"rgba(0,0,0,0)","background_button_hover":"rgba(0,0,0,0)","color_button_secondary":"rgba(0,0,0,0)","secondary_button_text":"rgba(0,0,0,0)"}}},"block_order":["media_hWURkE","media_rfjxmG"],"settings":{"heading":"","heading_size":100,"heading_tag":"h2","heading_alignment":"center","subheading":"","text":"","max_columns":2,"spacing":10,"height_desktop":410,"show_section_divider":false,"full_width":true,"padding_full_width":true,"padding_top":8,"padding_bottom":40,"min_columns_mobile":"1","spacing_mobile":16,"height_mobile":250,"show_section_divider_mobile":true,"full_width_mobile":false,"padding_top_mobile":28,"padding_bottom_mobile":28}},"234ca6f7-a8cc-4af9-ac7f-9de2f9d0e498":{"type":"products-bundle","settings":{"heading":"Best Sellers Under $180","heading_size":110,"heading_tag":"h2","subheading":"Discover the essence of elegance with Eurus Jewelry’s New In collection.","heading_alignment":"center","button_atb_label":"ADD TO BUNDLE","collection":"","product_to_show":4,"products":[],"each_product_can_added_to_bundle_once":true,"minimum_items":3,"discount_type":"percentage","discount_value":"33","apply_discount_once_per_order":false,"summary_position":"right","bundler_heading":"Bundle Contents","bundler_text":"Add at least 3 items to get 33% Off","background_color_light":"#ffffff","title_color":"rgba(0,0,0,0)","text_light":"rgba(0,0,0,0)","button_light":"rgba(0,0,0,0)","button_text_light":"rgba(0,0,0,0)","button_hover_light":"rgba(0,0,0,0)","button_text_hover_light":"rgba(0,0,0,0)","line_border":"rgba(0,0,0,0)","background_color_dark":"rgba(0,0,0,0)","title_color_dark":"rgba(0,0,0,0)","text_dark":"rgba(0,0,0,0)","button_dark":"rgba(0,0,0,0)","button_text_dark":"rgba(0,0,0,0)","button_hover_dark":"rgba(0,0,0,0)","button_text_hover_dark":"rgba(0,0,0,0)","line_border_dark":"rgba(0,0,0,0)","spacing":10,"show_section_divider":false,"full_width":true,"padding_top":40,"padding_bottom":40,"spacing_mobile":4,"show_section_divider_mobile":false,"padding_top_mobile":40,"padding_bottom_mobile":28}},"testimonials_6KzGkR":{"type":"testimonials","blocks":{"testimonial_KbLHWz":{"type":"testimonial","settings":{"icon_star":"5_star","custom_icon":"","title":"","text":"<p><strong>“Ipsum dolor amet, consectetur adipiscing elit. Fringilla tincidunt ipsum. Lulvinar egestas adipiscing felis faucibus. Hendrerit viverra elementum venenatis pellentesque pellentesque ornare. Adipiscing felis, vel faucibus in. Hendrerit viverra elementum venenatis pellentesque pellentesque ornare<\/strong><\/p>","author":"Author’s name","author_note":"<p>Design<\/p>"}},"testimonial_YCqn3R":{"type":"testimonial","settings":{"icon_star":"5_star","custom_icon":"","title":"","text":"<p><strong>“Ipsum dolor amet, consectetur adipiscing elit. Fringilla tincidunt ipsum. Lulvinar egestas adipiscing felis faucibus. Hendrerit viverra elementum venenatis pellentesque pellentesque ornare. Adipiscing felis, vel faucibus in. Hendrerit viverra elementum venenatis pellentesque pellentesque ornare<\/strong><\/p>","author":"Author’s name","author_note":"<p>Design<\/p>"}},"testimonial_Bjw77z":{"type":"testimonial","settings":{"icon_star":"5_star","custom_icon":"","title":"","text":"<p><strong>“Ipsum dolor amet, consectetur adipiscing elit. Fringilla tincidunt ipsum. Lulvinar egestas adipiscing felis faucibus. Hendrerit viverra elementum venenatis pellentesque pellentesque ornare. Adipiscing felis, vel faucibus in. Hendrerit viverra elementum venenatis pellentesque pellentesque ornare<\/strong><\/p>","author":"Author’s name","author_note":"<p>Design<\/p>"}},"testimonial_mneNHC":{"type":"testimonial","settings":{"icon_star":"quote","custom_icon":"","title":"","text":"<p><strong>“Ipsum dolor amet, consectetur adipiscing elit. Fringilla tincidunt ipsum. Lulvinar egestas adipiscing felis faucibus. Hendrerit viverra elementum venenatis pellentesque pellentesque ornare. Adipiscing felis, vel faucibus in. Hendrerit viverra elementum venenatis pellentesque pellentesque ornare<\/strong><\/p>","author":"Author’s name","author_note":"<p>Design<\/p>"}}},"block_order":["testimonial_KbLHWz","testimonial_YCqn3R","testimonial_Bjw77z","testimonial_mneNHC"],"settings":{"heading":"","heading_size":100,"heading_tag":"h2","text_alignment":"center","testimonial_items_view":"multiple","show_arrow":true,"show_pagination":false,"show_author_image":false,"author_image":"top","image_ratio":"round","desktop_height":300,"background_color_light":"rgba(0,0,0,0)","item_background_color_light":"#fbf6ee","heading_and_title_light":"rgba(0,0,0,0)","item_text_color_light":"rgba(0,0,0,0)","background_color_dark":"rgba(0,0,0,0)","item_background_color_dark":"rgba(0,0,0,0)","heading_and_title_dark":"rgba(0,0,0,0)","item_text_color_dark":"rgba(0,0,0,0)","show_section_divider":false,"top_padding":20,"bottom_padding":40,"show_section_divider_mobile":false,"top_padding_mobile":20,"bottom_padding_mobile":20}},"scrolling_banner_ghteQa":{"type":"scrolling-banner","blocks":{"image_krLmn6":{"type":"image","settings":{"height_image":80,"spacing_left":0,"spacing_right":0,"spacing_left_mobile":0,"spacing_right_mobile":0}},"icon_CW8pHf":{"type":"icon","settings":{"icon":"zap","custom_icon":"","height_icon":35,"spacing_left":0,"spacing_right":0,"spacing_left_mobile":0,"spacing_right_mobile":0}},"image_jQLkNU":{"type":"image","settings":{"height_image":80,"spacing_left":0,"spacing_right":0,"spacing_left_mobile":0,"spacing_right_mobile":0}},"icon_6rfiJr":{"type":"icon","settings":{"icon":"zap","custom_icon":"","height_icon":35,"spacing_left":0,"spacing_right":0,"spacing_left_mobile":0,"spacing_right_mobile":0}},"image_ALULC6":{"type":"image","settings":{"height_image":80,"spacing_left":0,"spacing_right":0,"spacing_left_mobile":0,"spacing_right_mobile":0}},"icon_R6Bc4C":{"type":"icon","settings":{"icon":"zap","custom_icon":"","height_icon":35,"spacing_left":0,"spacing_right":0,"spacing_left_mobile":0,"spacing_right_mobile":0}},"image_PGd9cj":{"type":"image","settings":{"height_image":80,"spacing_left":0,"spacing_right":0,"spacing_left_mobile":0,"spacing_right_mobile":0}},"icon_NgQyKi":{"type":"icon","settings":{"icon":"zap","custom_icon":"","height_icon":35,"spacing_left":0,"spacing_right":0,"spacing_left_mobile":0,"spacing_right_mobile":0}},"image_FcjbqF":{"type":"image","settings":{"height_image":80,"spacing_left":0,"spacing_right":0,"spacing_left_mobile":0,"spacing_right_mobile":0}},"icon_aCrUbj":{"type":"icon","settings":{"icon":"zap","custom_icon":"","height_icon":35,"spacing_left":0,"spacing_right":0,"spacing_left_mobile":0,"spacing_right_mobile":0}},"image_AiFnaR":{"type":"image","settings":{"height_image":80,"spacing_left":0,"spacing_right":0,"spacing_left_mobile":0,"spacing_right_mobile":0}},"icon_xQGLPH":{"type":"icon","settings":{"icon":"zap","custom_icon":"","height_icon":35,"spacing_left":0,"spacing_right":0,"spacing_left_mobile":0,"spacing_right_mobile":0}}},"block_order":["image_krLmn6","icon_CW8pHf","image_jQLkNU","icon_6rfiJr","image_ALULC6","icon_R6Bc4C","image_PGd9cj","icon_NgQyKi","image_FcjbqF","icon_aCrUbj","image_AiFnaR","icon_xQGLPH"],"settings":{"show_border":false,"speed":20,"direction":"right","pause_hover":true,"bg_light":"rgba(0,0,0,0)","color_text_light":"rgba(0,0,0,0)","color_text_light_2":"rgba(0,0,0,0)","bg_dark":"rgba(0,0,0,0)","color_text_dark":"rgba(0,0,0,0)","color_text_dark_2":"rgba(0,0,0,0)","space_block":10,"padding_top":40,"padding_bottom":40,"space_block_mobile":25,"padding_top_mobile":28,"padding_bottom_mobile":28}},"media_gallery_Fh3z76":{"type":"media-gallery","blocks":{"media_xeTnik":{"type":"media","settings":{"image_link":"","open_new_window":false,"video_url":"","enable_video_autoplay":true,"video_alt_text":"","enable_content_overlay":true,"content_position":"bottom","overlay_opacity":0,"number_of_columns":1,"number_of_row":2,"icon":"none","custom_icon":"","icon_size":45,"sub_title":"","title":"Enchanting Gifts","title_size":110,"text":"<p>Thanks to the its know-how, creativity and excellence, Eurus Jewelry accompanies the happiest moments of life<\/p>","text_size":120,"text_align":"center","media_position":"top","button_label":"Explore Now","button_link":"","open_new_window_button":false,"color_overlay":"rgba(0,0,0,0)","title_color":"#ffffff","text_color":"#ffffff","color_button":"#2e1c13","background_button":"#ffffff","color_button_hover":"rgba(0,0,0,0)","background_button_hover":"rgba(0,0,0,0)","color_button_secondary":"rgba(0,0,0,0)","secondary_button_text":"rgba(0,0,0,0)"}},"media_MrJBQc":{"type":"media","settings":{"image_link":"","open_new_window":false,"video_url":"","enable_video_autoplay":true,"video_alt_text":"","enable_content_overlay":true,"content_position":"bottom","overlay_opacity":0,"number_of_columns":1,"number_of_row":2,"icon":"none","custom_icon":"","icon_size":45,"sub_title":"","title":"Book Appointment","title_size":110,"text":"<p>Book a fun and interactive appointment with a diamond expert and get up-close views of diamond and jewelery options from the comfort of your own home.<\/p>","text_size":120,"text_align":"center","media_position":"top","button_label":"Book Appointment","button_link":"","open_new_window_button":false,"color_overlay":"rgba(0,0,0,0)","title_color":"#ffffff","text_color":"#ffffff","color_button":"#2e1c13","background_button":"#ffffff","color_button_hover":"rgba(0,0,0,0)","background_button_hover":"rgba(0,0,0,0)","color_button_secondary":"rgba(0,0,0,0)","secondary_button_text":"rgba(0,0,0,0)"}}},"block_order":["media_xeTnik","media_MrJBQc"],"settings":{"heading":"Only at Eurus Jewelry","heading_size":110,"heading_tag":"h2","heading_alignment":"center","subheading":"","text":"<p>When it comes to celebrations we strive to make your experience as<br\/>brilliant as our jewelry with the perfect pieces for every occasion.<\/p>","max_columns":2,"spacing":10,"height_desktop":410,"show_section_divider":false,"full_width":true,"padding_full_width":true,"padding_top":40,"padding_bottom":40,"min_columns_mobile":"1","spacing_mobile":16,"height_mobile":250,"show_section_divider_mobile":false,"full_width_mobile":false,"padding_top_mobile":28,"padding_bottom_mobile":28}},"a4415918-c557-4c04-9acc-78592197ebeb":{"type":"multicolumn","blocks":{"template--16227738386592__a4415918-c557-4c04-9acc-78592197ebeb-column-1":{"type":"column","settings":{"icon":"none","custom_icon":"","title":"Amazing Value","title_link":"","open_new_window":false,"heading_size":120,"text":"<p>The highest-quality design at a great price.<\/p>"}},"template--16227738386592__a4415918-c557-4c04-9acc-78592197ebeb-column-3":{"type":"column","settings":{"icon":"none","custom_icon":"","title":"Expert Guidance","title_link":"","open_new_window":false,"heading_size":120,"text":"<p>The original online jeweler since 1999.<\/p>"}},"template--16227738386592__a4415918-c557-4c04-9acc-78592197ebeb-column-2":{"type":"column","settings":{"icon":"none","custom_icon":"","title":"Peace of Mind","title_link":"","open_new_window":false,"heading_size":120,"text":"<p>30-day returns, diamond price-match guarantee and more.<\/p>"}},"04286afd-6c86-4011-b8eb-5c4d1fe9720a":{"type":"column","settings":{"icon":"none","custom_icon":"","title":"Inspiring Assortment","title_link":"","open_new_window":false,"heading_size":120,"text":"<p>The perfect pieces for every occasion.<\/p>"}}},"block_order":["template--16227738386592__a4415918-c557-4c04-9acc-78592197ebeb-column-1","template--16227738386592__a4415918-c557-4c04-9acc-78592197ebeb-column-3","template--16227738386592__a4415918-c557-4c04-9acc-78592197ebeb-column-2","04286afd-6c86-4011-b8eb-5c4d1fe9720a"],"settings":{"title":"","heading_size":100,"heading_tag":"h2","secondary_background":"none","border_column":"line_vertical","column_content_alignment":"center","icon_position":"next","icon_size":36,"enable_desktop_slider":false,"swiper_on_mobile":true,"change_bar_every":3,"background_color_light":"rgba(0,0,0,0)","heading_light":"rgba(0,0,0,0)","text_light":"rgba(0,0,0,0)","line_border_light":"rgba(0,0,0,0)","color_icon_light":"rgba(0,0,0,0)","background_color_dark":"rgba(0,0,0,0)","heading_dark":"rgba(0,0,0,0)","text_dark":"rgba(0,0,0,0)","line_border_dark":"rgba(0,0,0,0)","color_icon_dark":"rgba(0,0,0,0)","column_layout_desktop":"lg:w-1\/4","section_height_desktop":"md:py-0","spacing_desktop":0,"full_width":false,"padding_full_width":false,"show_section_divider":false,"padding_top":40,"padding_bottom":40,"column_layout_mobile":"w-full","section_height_mobile":"py-0","spacing_mobile":0,"full_width_mobile":true,"show_section_divider_mobile":false,"padding_top_mobile":40,"padding_bottom_mobile":40}},"shop_the_look_RbRThT":{"type":"shop-the-look","blocks":{"look_hnhxhg":{"type":"look","settings":{"product":"","color_hotspot":"#000000","hotspot_desktop_horizontal":25,"hotspot_desktop_vertical":36,"hotspot_mobile_horizontal":27,"hotspot_mobile_vertical":47}},"look_qmCTbT":{"type":"look","settings":{"product":"","color_hotspot":"#000000","hotspot_desktop_horizontal":50,"hotspot_desktop_vertical":70,"hotspot_mobile_horizontal":54,"hotspot_mobile_vertical":25}}},"block_order":["look_hnhxhg","look_qmCTbT"],"custom_css":[".splide__arrows {margin-top: 0;}",".x-splide-slide {padding-top: 0;}"],"settings":{"heading":"","heading_size":100,"heading_tag":"h2","heading_alignment":"center","image_ratio":"portrait","info_alignment":"left","desktop_size":"small","show_quickview":false,"show_vendor":false,"show_rating":false,"image_alignment":"left","full_width":true,"padding_full_width":true,"show_section_divider":false,"desktop_height":"750px","padding_top":40,"padding_bottom":0,"full_width_mobile":true,"show_section_divider_mobile":false,"mobile_height":"400px","padding_top_mobile":20,"padding_bottom_mobile":0}},"flow_dizeA8":{"type":"flow","blocks":{"media_WRPaTJ":{"type":"media","settings":{"video_url":"","video_alt_text":"","enable_video_autoplay":false,"heading":"Responsibility Report","description":"","button_text":"View more","button_link":"","open_new_window_button":false}},"media_K6rqBP":{"type":"media","settings":{"video_url":"","video_alt_text":"","enable_video_autoplay":false,"heading":"Materials & Care","description":"<p>We put a lot of consideration into the materials that we use at Eurus Jewelry and strive to use only the best.<\/p><p>Any wastage that is created from our production process is recycled and eventually makes its way back into a different cast piece.<\/p>","button_text":"Explore Now","button_link":"","open_new_window_button":false}},"media_UJHGTC":{"type":"media","settings":{"video_url":"","video_alt_text":"","enable_video_autoplay":false,"heading":"Recycle Your  Jewelry","description":"","button_text":"View more","button_link":"","open_new_window_button":false}},"media_L78m67":{"type":"media","settings":{"video_url":"","video_alt_text":"","enable_video_autoplay":false,"heading":"Our Warranty","description":"","button_text":"View more","button_link":"","open_new_window_button":false}}},"block_order":["media_WRPaTJ","media_K6rqBP","media_UJHGTC","media_L78m67"],"custom_css":["h2 {display: none;}"],"settings":{"heading":"","heading_size":100,"heading_tag":"h2","heading_alignment":"center","content_position":"middle","content_alignment":"left","open_first_tab":true,"image_corner_radius":0,"heading_color":"rgba(0,0,0,0)","text_color":"rgba(0,0,0,0)","background_color":"rgba(0,0,0,0)","heading_color_dark":"rgba(0,0,0,0)","text_color_dark":"rgba(0,0,0,0)","background_color_dark":"rgba(0,0,0,0)","image_position":"second","full_width":true,"padding_full_width":true,"show_section_divider":false,"desktop_height":"750px","padding_top":12,"padding_bottom":40,"image_position_mobile":"second","full_width_mobile":true,"show_section_divider_mobile":false,"mobile_height":"400px","padding_top_mobile":4,"padding_bottom_mobile":28}},"af624b20-ce45-4de0-92f4-2dc7b3455aab":{"type":"featured-blog","settings":{"heading":"Blog & New Update","heading_size":110,"heading_tag":"h2","heading_alignment":"center","blog":"","post_limit":3,"columns_desktop":3,"show_view_all":false,"view_all_position":"top","title_size":140,"content_alignment":"left","show_image":true,"image_ratio":"75","item_secondary_background":false,"show_author":true,"show_name":false,"show_date":true,"show_excerpt":false,"show_tag":false,"show_comment_counts":false,"show_read_more":true,"button_read_more_label":"Read Now","enable_desktop_slider":false,"swiper_on_mobile":true,"auto_play":false,"change_slides_speed":5,"full_width":false,"spacing":10,"show_section_divider":false,"padding_top":40,"padding_bottom":40,"columns_mobile":"1","spacing_mobile":4,"show_section_divider_mobile":false,"padding_top_mobile":40,"padding_bottom_mobile":20}},"image_with_text_fgVc89":{"type":"image-with-text","blocks":{"heading_rKPPxg":{"type":"heading","settings":{"subheading":"Event Calendar","heading":"Upcoming Events","heading_base_size":100,"heading_tag":"h2","text":"<p>Venenatis iaculis iaculis. Integer sit amet auctor justo, ac vestibulum orci. Aenean ultrices magna at porttitor eleifend. <\/p><p>Aliquam euismod mi vitae nibh odales scelerisque ipsum sed vestibulum aliquam euismod mi vitae blandit libero at mauris condimentum scelerisque.<\/p>","heading_light":"rgba(0,0,0,0)","text_light":"rgba(0,0,0,0)","heading_dark":"rgba(0,0,0,0)","text_dark":"rgba(0,0,0,0)"}},"button_KPCHPB":{"type":"button","settings":{"button_label":"Our Events","button_link":"shopify:\/\/collections","open_new_window":false,"button_light":"rgba(0,0,0,0)","button_text_light":"rgba(0,0,0,0)","button_hover_light":"rgba(0,0,0,0)","button_text_hover_light":"rgba(0,0,0,0)","secondary_button_light":"rgba(0,0,0,0)","secondary_button_text_light":"rgba(0,0,0,0)","button_dark":"rgba(0,0,0,0)","button_text_dark":"rgba(0,0,0,0)","button_hover_dark":"rgba(0,0,0,0)","button_text_hover_dark":"rgba(0,0,0,0)","secondary_button_dark":"rgba(0,0,0,0)","secondary_button_text_dark":"rgba(0,0,0,0)"}}},"block_order":["heading_rKPPxg","button_KPCHPB"],"settings":{"video_url":"","video_alt_text":"","enable_video_autoplay":false,"desktop_height":"550px","mobile_height":"400px","desktop_image_width":"medium","image_layout":"normal","image_corner_radius":0,"content_layout":"no-overlap","spacing_image":false,"text_position":"center","text_alignment":"start","background_color_light":"rgba(0,0,0,0)","background_color_dark":"rgba(0,0,0,0)","image_alignment":"right","full_width":true,"top_padding":40,"bottom_padding":40,"image_alignment_mobile":"right","full_width_mobile":true,"top_padding_mobile":0,"bottom_padding_mobile":0}},"b84ad124-a083-44ac-82f0-33b146a44236":{"type":"media-gallery","blocks":{"template--21733304697133__b84ad124-a083-44ac-82f0-33b146a44236-media-1":{"type":"media","settings":{"image_link":"","open_new_window":false,"video_url":"","enable_video_autoplay":true,"video_alt_text":"","enable_content_overlay":true,"content_position":"center","overlay_opacity":0,"number_of_columns":1,"number_of_row":1,"icon":"none","custom_icon":"","icon_size":45,"sub_title":"","title":"","title_size":80,"text":"","text_size":130,"text_align":"center","media_position":"top","button_label":"","button_link":"","open_new_window_button":false,"color_overlay":"rgba(0,0,0,0)","title_color":"rgba(0,0,0,0)","text_color":"rgba(0,0,0,0)","color_button":"rgba(0,0,0,0)","background_button":"rgba(0,0,0,0)","color_button_hover":"rgba(0,0,0,0)","background_button_hover":"rgba(0,0,0,0)","color_button_secondary":"rgba(0,0,0,0)","secondary_button_text":"rgba(0,0,0,0)"}},"template--21733304697133__b84ad124-a083-44ac-82f0-33b146a44236-media-2":{"type":"media","settings":{"image_link":"","open_new_window":false,"video_url":"","enable_video_autoplay":true,"video_alt_text":"","enable_content_overlay":true,"content_position":"center","overlay_opacity":0,"number_of_columns":1,"number_of_row":1,"icon":"none","custom_icon":"","icon_size":45,"sub_title":"","title":"","title_size":80,"text":"","text_size":130,"text_align":"center","media_position":"top","button_label":"","button_link":"","open_new_window_button":false,"color_overlay":"rgba(0,0,0,0)","title_color":"rgba(0,0,0,0)","text_color":"rgba(0,0,0,0)","color_button":"rgba(0,0,0,0)","background_button":"rgba(0,0,0,0)","color_button_hover":"rgba(0,0,0,0)","background_button_hover":"rgba(0,0,0,0)","color_button_secondary":"rgba(0,0,0,0)","secondary_button_text":"rgba(0,0,0,0)"}},"template--21733304697133__b84ad124-a083-44ac-82f0-33b146a44236-media-3":{"type":"media","settings":{"image_link":"","open_new_window":false,"video_url":"","enable_video_autoplay":true,"video_alt_text":"","enable_content_overlay":true,"content_position":"center","overlay_opacity":0,"number_of_columns":1,"number_of_row":1,"icon":"none","custom_icon":"","icon_size":45,"sub_title":"","title":"","title_size":80,"text":"","text_size":130,"text_align":"center","media_position":"top","button_label":"","button_link":"","open_new_window_button":false,"color_overlay":"rgba(0,0,0,0)","title_color":"rgba(0,0,0,0)","text_color":"rgba(0,0,0,0)","color_button":"rgba(0,0,0,0)","background_button":"rgba(0,0,0,0)","color_button_hover":"rgba(0,0,0,0)","background_button_hover":"rgba(0,0,0,0)","color_button_secondary":"rgba(0,0,0,0)","secondary_button_text":"rgba(0,0,0,0)"}},"aa3f0c15-e89f-4b65-a534-8cc8f583a498":{"type":"media","settings":{"image_link":"","open_new_window":false,"video_url":"","enable_video_autoplay":true,"video_alt_text":"","enable_content_overlay":true,"content_position":"center","overlay_opacity":0,"number_of_columns":1,"number_of_row":1,"icon":"none","custom_icon":"","icon_size":45,"sub_title":"","title":"","title_size":80,"text":"","text_size":130,"text_align":"center","media_position":"top","button_label":"","button_link":"","open_new_window_button":false,"color_overlay":"rgba(0,0,0,0)","title_color":"rgba(0,0,0,0)","text_color":"rgba(0,0,0,0)","color_button":"rgba(0,0,0,0)","background_button":"rgba(0,0,0,0)","color_button_hover":"rgba(0,0,0,0)","background_button_hover":"rgba(0,0,0,0)","color_button_secondary":"rgba(0,0,0,0)","secondary_button_text":"rgba(0,0,0,0)"}},"580a3362-ff6d-493c-b5e4-e0b6fb275cb2":{"type":"media","settings":{"image_link":"","open_new_window":false,"video_url":"","enable_video_autoplay":true,"video_alt_text":"","enable_content_overlay":true,"content_position":"center","overlay_opacity":0,"number_of_columns":1,"number_of_row":1,"icon":"none","custom_icon":"","icon_size":45,"sub_title":"","title":"","title_size":80,"text":"","text_size":130,"text_align":"center","media_position":"top","button_label":"","button_link":"","open_new_window_button":false,"color_overlay":"rgba(0,0,0,0)","title_color":"rgba(0,0,0,0)","text_color":"rgba(0,0,0,0)","color_button":"rgba(0,0,0,0)","background_button":"rgba(0,0,0,0)","color_button_hover":"rgba(0,0,0,0)","background_button_hover":"rgba(0,0,0,0)","color_button_secondary":"rgba(0,0,0,0)","secondary_button_text":"rgba(0,0,0,0)"}}},"block_order":["template--21733304697133__b84ad124-a083-44ac-82f0-33b146a44236-media-1","template--21733304697133__b84ad124-a083-44ac-82f0-33b146a44236-media-2","template--21733304697133__b84ad124-a083-44ac-82f0-33b146a44236-media-3","aa3f0c15-e89f-4b65-a534-8cc8f583a498","580a3362-ff6d-493c-b5e4-e0b6fb275cb2"],"settings":{"heading":"Get Inspired With @Eurus Jewelry","heading_size":110,"heading_tag":"h2","heading_alignment":"center","subheading":"","text":"","max_columns":5,"spacing":10,"height_desktop":370,"show_section_divider":false,"full_width":true,"padding_full_width":true,"padding_top":40,"padding_bottom":12,"min_columns_mobile":"1","spacing_mobile":10,"height_mobile":250,"show_section_divider_mobile":false,"full_width_mobile":true,"padding_top_mobile":28,"padding_bottom_mobile":12}}},"order":["main","slideshow_xKxwxL","featured_collection_G3VqbG","image_with_text_iqNKed","collection_list_iqDD7E","media_gallery_jjkQce","234ca6f7-a8cc-4af9-ac7f-9de2f9d0e498","testimonials_6KzGkR","scrolling_banner_ghteQa","media_gallery_Fh3z76","a4415918-c557-4c04-9acc-78592197ebeb","shop_the_look_RbRThT","flow_dizeA8","af624b20-ce45-4de0-92f4-2dc7b3455aab","image_with_text_fgVc89","b84ad124-a083-44ac-82f0-33b146a44236"]}