{"sections":{"0ae294e7-d408-4c98-a896-7bcc3a68e2c6":{"type":"promotion-banner","blocks":{"template--21766789660950__0ae294e7-d408-4c98-a896-7bcc3a68e2c6-image_banner-1":{"type":"image_banner","settings":{"heading":"It's House Plants Month!","heading_size":170,"subheading":"","text":"20% off all green houseplants products for the entire month.","text_size":130,"content_box_type":"square","add_frame":false,"color_content_box_light":"rgba(0,0,0,0)","color_content_box_dark":"rgba(0,0,0,0)"}},"template--21766789660950__0ae294e7-d408-4c98-a896-7bcc3a68e2c6-buttons-1":{"type":"buttons","settings":{"button_label":"New Arrival","button_link":"","open_new_window_button":false,"button_label_2":"Shop All Plants","button_link_2":"","open_new_window_button_2":false,"color_button":"rgba(0,0,0,0)","color_button_hover":"rgba(0,0,0,0)","color_text_button":"rgba(0,0,0,0)","color_text_button_hover":"rgba(0,0,0,0)","color_button_secondary":"rgba(0,0,0,0)","secondary_button_text":"rgba(0,0,0,0)"}}},"block_order":["template--21766789660950__0ae294e7-d408-4c98-a896-7bcc3a68e2c6-image_banner-1","template--21766789660950__0ae294e7-d408-4c98-a896-7bcc3a68e2c6-buttons-1"],"settings":{"heading":"Promotion Banner","image_link":"","open_new_window":false,"image_overlay_opacity":0,"content_position":"center","content_horizontal":50,"content_vertical":50,"position_content_mobile":"center","content_alignment":"center","show_hero":false,"full_width":true,"padding_full_width":false,"rounded_corner_image":false,"desktop_height":"750px","padding_top":0,"padding_bottom":20,"full_width_mobile":true,"rounded_corner_image_mobile":false,"mobile_height":"400px","padding_top_mobile":0,"padding_bottom_mobile":20}},"36d01e05-1d9d-4b9a-a6da-59a51ce85a3a":{"type":"flash-sale","blocks":{"template--21766789660950__36d01e05-1d9d-4b9a-a6da-59a51ce85a3a-image_banner-1":{"type":"image_banner","settings":{"heading":"Sale 45% Off","heading_size":100,"text":"<p>Hurry up! Get the best deal at best price. coupon_code<\/p>","text_size":100,"coupon_code":"Flashsale45","coupon_color":"#ffa422","coupon_color_dark":"#ffa422"}},"template--21766789660950__36d01e05-1d9d-4b9a-a6da-59a51ce85a3a-countdown_timer-1":{"type":"countdown_timer","settings":{"timezone":"-4","end_year":2023,"end_month":"1","end_day":"1","end_hour":"0","end_minute":"0","timer_style":"square","border_style":"line_vertical","overlay_opacity":100,"timer_color_countdown":"#ffa422","text_color_countdown":"rgba(0,0,0,0)","bg_color_countdown":"rgba(0,0,0,0)","spacing_col":40,"spacing_col_mobile":8}},"template--21766789660950__36d01e05-1d9d-4b9a-a6da-59a51ce85a3a-buttons-1":{"type":"buttons","settings":{"button_label":"SHOP NOW","button_link":"","open_new_window_button":false,"color_button":"rgba(0,0,0,0)","color_button_hover":"rgba(0,0,0,0)","color_text_button":"rgba(0,0,0,0)","color_text_button_hover":"rgba(0,0,0,0)","color_button_secondary":"rgba(0,0,0,0)","secondary_button_text":"rgba(0,0,0,0)"}}},"block_order":["template--21766789660950__36d01e05-1d9d-4b9a-a6da-59a51ce85a3a-image_banner-1","template--21766789660950__36d01e05-1d9d-4b9a-a6da-59a51ce85a3a-countdown_timer-1","template--21766789660950__36d01e05-1d9d-4b9a-a6da-59a51ce85a3a-buttons-1"],"settings":{"image_overlay_opacity":0,"show_hero":false,"border_section":"dotted","content_layout":"horizontal","content_alignment":"left","full_width":false,"padding_full_width":false,"rounded_corner_image":true,"spacing_col":40,"spacing_row":32,"padding_top":20,"padding_bottom":12,"content_alignment_mobile":"center","full_width_mobile":false,"rounded_corner_image_mobile":true,"spacing_row_mobile":20,"padding_top_mobile":12,"padding_bottom_mobile":12,"background_color_light":"rgba(0,0,0,0)","heading_light":"rgba(0,0,0,0)","text_light":"rgba(0,0,0,0)","line_border_light":"rgba(0,0,0,0)","background_color_dark":"rgba(0,0,0,0)","heading_dark":"rgba(0,0,0,0)","text_dark":"rgba(0,0,0,0)","line_border_dark":"rgba(0,0,0,0)"}},"ae18e949-b317-4a09-a65a-03bab294a7b9":{"type":"rich-text","blocks":{"template--21766789660950__ae18e949-b317-4a09-a65a-03bab294a7b9-heading-1":{"type":"heading","disabled":true,"settings":{"heading":"Talk about your brand","heading_size":100}},"template--21766789660950__ae18e949-b317-4a09-a65a-03bab294a7b9-text-1":{"type":"text","settings":{"text":"<p>\" Look deep into nature and then you will understand everything better. \"<br\/>We believe in the power of plants to lift the spirit, calm the mind and clean the air.<\/p>"}},"template--21766789660950__ae18e949-b317-4a09-a65a-03bab294a7b9-button-1":{"type":"button","disabled":true,"settings":{"button_label":"Button label","button_link":"","open_new_window_button":false,"button_label_2":"","open_new_window_button_2":false,"button_link_2":"","color_button":"rgba(0,0,0,0)","color_button_hover":"rgba(0,0,0,0)","color_text_button":"rgba(0,0,0,0)","color_text_button_hover":"rgba(0,0,0,0)","color_button_secondary":"rgba(0,0,0,0)","secondary_button_text":"rgba(0,0,0,0)"}},"template--21766789660950__ae18e949-b317-4a09-a65a-03bab294a7b9-caption-1":{"type":"caption","disabled":true,"settings":{"caption":"Add a tagline","text_style":"uppercase","text_size":100}}},"block_order":["template--21766789660950__ae18e949-b317-4a09-a65a-03bab294a7b9-heading-1","template--21766789660950__ae18e949-b317-4a09-a65a-03bab294a7b9-text-1","template--21766789660950__ae18e949-b317-4a09-a65a-03bab294a7b9-button-1","template--21766789660950__ae18e949-b317-4a09-a65a-03bab294a7b9-caption-1"],"settings":{"background_color_light":"","background_color_dark":"","content_alignment":"center","show_section_divider":false,"make_full_page_width":true,"padding_top":28,"padding_bottom":28,"content_alignment_mobile":"center","show_section_divider_mobile":false,"padding_top_mobile":28,"padding_bottom_mobile":28}},"0986be25-e10c-4c26-b0e4-b8ac4657748c":{"type":"multicolumn","blocks":{"template--16122988920992__0986be25-e10c-4c26-b0e4-b8ac4657748c-column-1":{"type":"column","settings":{"icon":"gift","custom_icon":"","title":"","title_link":"","open_new_window":false,"heading_size":100,"text":"<p>Free shipping for orders over $100<\/p>"}},"template--16122988920992__0986be25-e10c-4c26-b0e4-b8ac4657748c-column-2":{"type":"column","settings":{"icon":"leaf","custom_icon":"","title":"","title_link":"","open_new_window":false,"heading_size":100,"text":"<p>30 days health guarantee<\/p>"}},"template--16122988920992__0986be25-e10c-4c26-b0e4-b8ac4657748c-column-3":{"type":"column","settings":{"icon":"check-mark","custom_icon":"","title":"","title_link":"","open_new_window":false,"heading_size":100,"text":"<p>4.6\/5 out of 15.000+ reviews<\/p>"}},"template--16122988920992__0986be25-e10c-4c26-b0e4-b8ac4657748c-column-4":{"type":"column","settings":{"icon":"delivery-truck","custom_icon":"","title":"","title_link":"","open_new_window":false,"heading_size":100,"text":"<p>Ordered before 12pm, shipped today<\/p>"}}},"block_order":["template--16122988920992__0986be25-e10c-4c26-b0e4-b8ac4657748c-column-1","template--16122988920992__0986be25-e10c-4c26-b0e4-b8ac4657748c-column-2","template--16122988920992__0986be25-e10c-4c26-b0e4-b8ac4657748c-column-3","template--16122988920992__0986be25-e10c-4c26-b0e4-b8ac4657748c-column-4"],"disabled":true,"settings":{"title":"","heading_size":100,"secondary_background":"none","border_column":"none","column_content_alignment":"start","icon_position":"next","icon_size":20,"enable_desktop_slider":false,"swiper_on_mobile":true,"change_bar_every":3,"background_color_light":"#f6f6f0","heading_light":"rgba(0,0,0,0)","text_light":"#4b4949","line_border_light":"rgba(0,0,0,0)","color_icon_light":"#17532d","background_color_dark":"#ffffff","heading_dark":"rgba(0,0,0,0)","text_dark":"#ffffff","line_border_dark":"#000000","color_icon_dark":"#9ddbb4","column_layout_desktop":"lg:w-1\/4","section_height_desktop":"md:py-0","spacing_desktop":0,"full_width":false,"show_section_divider":false,"padding_top":0,"padding_bottom":0,"column_layout_mobile":"w-full","section_height_mobile":"py-0","spacing_mobile":0,"full_width_mobile":true,"show_section_divider_mobile":false,"padding_top_mobile":0,"padding_bottom_mobile":0}},"4160350c-3ea8-43bf-828f-c4c047cc166c":{"type":"featured-collection","blocks":{"template--16122988920992__4160350c-3ea8-43bf-828f-c4c047cc166c-collection-1":{"type":"collection","settings":{"collection":"","show_description":false,"description":"","show_vendor":false,"show_rating":false,"show_quickview":true,"show_promotion":false,"promotion_position":"left","card_link":"","open_new_window":false,"enable_text_overlay":false,"overlay_opacity":0,"image_ratio":"150","heading":"Featured collection","heading_size":70,"content":"<p>10% OFF<\/p>","text_size":130,"content_alignment":"center","content_position":"bottom","button_label":"See more","button_link":"","open_new_window_button":false,"background_color":"rgba(0,0,0,0)","color_text":"rgba(0,0,0,0)","color_button":"rgba(0,0,0,0)","color_text_button":"rgba(0,0,0,0)","color_button_hover":"rgba(0,0,0,0)","color_text_button_hover":"rgba(0,0,0,0)","color_button_secondary":"rgba(0,0,0,0)","secondary_button_text":"rgba(0,0,0,0)"}}},"block_order":["template--16122988920992__4160350c-3ea8-43bf-828f-c4c047cc166c-collection-1"],"settings":{"title":"New Arrivals","heading_size":100,"heading_alignment":"center","show_view_all":false,"view_all_position":"bottom","title_size":120,"title_style":"none","enable_desktop_slider":true,"swiper_on_mobile":true,"auto_play":false,"change_slides_speed":5,"columns_desktop":5,"rows_desktop":2,"spacing":20,"full_width":true,"show_section_divider":true,"padding_top":68,"padding_bottom":40,"columns_mobile":"2","spacing_mobile":10,"full_width_mobile":false,"show_section_divider_mobile":true,"padding_top_mobile":20,"padding_bottom_mobile":20}},"461d4c73-510e-4d7e-a4ff-f51612ab9b25":{"type":"collection-list","blocks":{"template--21433584943405__461d4c73-510e-4d7e-a4ff-f51612ab9b25-featured_collection-1":{"type":"featured_collection","settings":{"collection":""}},"template--21433584943405__461d4c73-510e-4d7e-a4ff-f51612ab9b25-featured_collection-2":{"type":"featured_collection","settings":{"collection":""}},"template--21433584943405__461d4c73-510e-4d7e-a4ff-f51612ab9b25-featured_collection-3":{"type":"featured_collection","settings":{"collection":""}},"template--21433584943405__461d4c73-510e-4d7e-a4ff-f51612ab9b25-featured_collection-4":{"type":"featured_collection","settings":{"collection":""}},"5013f70e-f5f7-497c-9f9f-4422998bb2ac":{"type":"featured_collection","settings":{"collection":""}}},"block_order":["template--21433584943405__461d4c73-510e-4d7e-a4ff-f51612ab9b25-featured_collection-1","template--21433584943405__461d4c73-510e-4d7e-a4ff-f51612ab9b25-featured_collection-2","template--21433584943405__461d4c73-510e-4d7e-a4ff-f51612ab9b25-featured_collection-3","template--21433584943405__461d4c73-510e-4d7e-a4ff-f51612ab9b25-featured_collection-4","5013f70e-f5f7-497c-9f9f-4422998bb2ac"],"settings":{"heading":"Popular Categories","heading_size":100,"heading_alignment":"center","show_view_all":false,"background_color_light":"","background_color_dark":"","image_ratio":"rectangle","title_size":80,"show_text_overlay":true,"content_alignment":"center","content_position":"bottom","image_overlay_opacity":5,"title_color":"#ffffff","text_light":"#737373","title_color_dark":"#ffffff","text_dark":"#737373","show_item_count":true,"columns_desktop":5,"columns_mobile":"2","enable_desktop_slider":false,"swiper_on_mobile":true,"spacing":20,"show_section_divider":false,"full_width":true,"padding_top":16,"padding_bottom":20,"spacing_mobile":10,"show_section_divider_mobile":false,"padding_top_mobile":20,"padding_bottom_mobile":20}},"70982515-9dca-4eba-b130-7730d4415cb9":{"type":"promotion-banner","blocks":{"template--16122988920992__70982515-9dca-4eba-b130-7730d4415cb9-image_banner-1":{"type":"image_banner","settings":{"heading":"Deal of the Week","heading_size":170,"subheading":"","text":"This week only they are all 20% off. While supplies last, planters not be restocked.","text_size":130,"content_box_type":"square","add_frame":false,"color_content_box_light":"rgba(0,0,0,0)","color_content_box_dark":"rgba(0,0,0,0)"}},"83981ab9-d537-4abe-b675-a64d0dae7e70":{"type":"countdown_timer","settings":{"timezone":"-4","end_year":2024,"end_month":"1","end_day":"9","end_hour":"0","end_minute":"0","timer_style":"square","border_style":"border","overlay_opacity":100,"timer_color_countdown":"#e99d0b","text_color_countdown":"#ffffff","bg_color_countdown":"rgba(0,0,0,0)","spacing_col":12,"spacing_col_mobile":8}},"template--16122988920992__70982515-9dca-4eba-b130-7730d4415cb9-buttons-1":{"type":"buttons","settings":{"button_label":"Explore Now","button_link":"","open_new_window_button":false,"button_label_2":"","button_link_2":"","open_new_window_button_2":false,"color_button":"rgba(0,0,0,0)","color_button_hover":"rgba(0,0,0,0)","color_text_button":"rgba(0,0,0,0)","color_text_button_hover":"rgba(0,0,0,0)","color_button_secondary":"rgba(0,0,0,0)","secondary_button_text":"rgba(0,0,0,0)"}}},"block_order":["template--16122988920992__70982515-9dca-4eba-b130-7730d4415cb9-image_banner-1","83981ab9-d537-4abe-b675-a64d0dae7e70","template--16122988920992__70982515-9dca-4eba-b130-7730d4415cb9-buttons-1"],"settings":{"heading":"Countdown Banner","image_link":"","open_new_window":false,"image_overlay_opacity":10,"content_position":"center","content_horizontal":50,"content_vertical":50,"position_content_mobile":"center","content_alignment":"center","show_hero":false,"full_width":true,"padding_full_width":false,"rounded_corner_image":false,"desktop_height":"650px","padding_top":0,"padding_bottom":40,"full_width_mobile":true,"rounded_corner_image_mobile":false,"mobile_height":"400px","padding_top_mobile":0,"padding_bottom_mobile":20}},"f5684144-9493-4678-9472-89275e53ffee":{"type":"featured-collection","blocks":{"template--21433584943405__f5684144-9493-4678-9472-89275e53ffee-collection-1":{"type":"collection","settings":{"collection":"","show_description":false,"description":"","show_vendor":false,"show_rating":false,"show_quickview":true,"show_promotion":false,"promotion_position":"left","card_link":"","open_new_window":false,"enable_text_overlay":false,"overlay_opacity":0,"image_ratio":"100","heading":"Featured collection","heading_size":70,"content":"<p>10% OFF<\/p>","text_size":100,"content_alignment":"center","content_position":"bottom","button_label":"See more","button_link":"","open_new_window_button":false,"background_color":"rgba(0,0,0,0)","color_text":"rgba(0,0,0,0)","color_button":"rgba(0,0,0,0)","color_text_button":"rgba(0,0,0,0)","color_button_hover":"rgba(0,0,0,0)","color_text_button_hover":"rgba(0,0,0,0)","color_button_secondary":"rgba(0,0,0,0)","secondary_button_text":"rgba(0,0,0,0)"}},"36929274-239c-400a-b0f0-0b6d1111b753":{"type":"collection","settings":{"collection":"","show_description":true,"description":"","show_vendor":false,"show_rating":false,"show_quickview":true,"show_promotion":false,"promotion_position":"left","card_link":"","open_new_window":false,"enable_text_overlay":false,"overlay_opacity":0,"image_ratio":"100","heading":"Featured collection","heading_size":70,"content":"<p>10% OFF<\/p>","text_size":100,"content_alignment":"center","content_position":"bottom","button_label":"See more","button_link":"","open_new_window_button":false,"background_color":"rgba(0,0,0,0)","color_text":"rgba(0,0,0,0)","color_button":"rgba(0,0,0,0)","color_text_button":"rgba(0,0,0,0)","color_button_hover":"rgba(0,0,0,0)","color_text_button_hover":"rgba(0,0,0,0)","color_button_secondary":"rgba(0,0,0,0)","secondary_button_text":"rgba(0,0,0,0)"}},"ab229e3d-ed70-4e49-827d-69f001cf586c":{"type":"collection","settings":{"collection":"","show_description":true,"description":"","show_vendor":false,"show_rating":false,"show_quickview":true,"show_promotion":false,"promotion_position":"left","card_link":"","open_new_window":false,"enable_text_overlay":false,"overlay_opacity":0,"image_ratio":"100","heading":"Featured collection","heading_size":70,"content":"<p>10% OFF<\/p>","text_size":100,"content_alignment":"center","content_position":"bottom","button_label":"See more","button_link":"","open_new_window_button":false,"background_color":"rgba(0,0,0,0)","color_text":"rgba(0,0,0,0)","color_button":"rgba(0,0,0,0)","color_text_button":"rgba(0,0,0,0)","color_button_hover":"rgba(0,0,0,0)","color_text_button_hover":"rgba(0,0,0,0)","color_button_secondary":"rgba(0,0,0,0)","secondary_button_text":"rgba(0,0,0,0)"}}},"block_order":["template--21433584943405__f5684144-9493-4678-9472-89275e53ffee-collection-1","36929274-239c-400a-b0f0-0b6d1111b753","ab229e3d-ed70-4e49-827d-69f001cf586c"],"settings":{"title":"","heading_size":100,"heading_alignment":"center","show_view_all":true,"view_all_position":"bottom","title_size":120,"title_style":"none","enable_desktop_slider":false,"swiper_on_mobile":true,"auto_play":false,"change_slides_speed":5,"columns_desktop":4,"rows_desktop":2,"spacing":20,"full_width":false,"show_section_divider":false,"padding_top":28,"padding_bottom":20,"columns_mobile":"2","spacing_mobile":10,"full_width_mobile":false,"show_section_divider_mobile":false,"padding_top_mobile":20,"padding_bottom_mobile":16}},"850c66d1-9102-4a42-93ae-1af910f8e572":{"type":"media-gallery","blocks":{"template--21433584943405__850c66d1-9102-4a42-93ae-1af910f8e572-media-2":{"type":"media","settings":{"image_link":"","open_new_window":false,"video_url":"","enable_video_autoplay":true,"video_alt_text":"","enable_content_overlay":true,"content_position":"bottom","overlay_opacity":0,"number_of_columns":2,"number_of_row":1,"icon":"none","custom_icon":"","icon_size":45,"sub_title":"Only On Our Store!","title":"House Shape Plant","title_size":70,"text":"","text_size":110,"text_align":"left","media_position":"top","button_label":"Shop Now","button_link":"","open_new_window_button":false,"color_overlay":"rgba(0,0,0,0)","title_color":"#ffffff","text_color":"#ffffff","color_button":"#4b4b4b","background_button":"#ededdd","color_button_hover":"rgba(0,0,0,0)","background_button_hover":"rgba(0,0,0,0)","color_button_secondary":"rgba(0,0,0,0)","secondary_button_text":"rgba(0,0,0,0)"}},"c9ebb09f-2988-4d36-80bd-3444292fe0e0":{"type":"media","settings":{"image_link":"","open_new_window":false,"video_url":"","enable_video_autoplay":true,"video_alt_text":"","enable_content_overlay":true,"content_position":"bottom","overlay_opacity":0,"number_of_columns":1,"number_of_row":1,"icon":"none","custom_icon":"","icon_size":45,"sub_title":"Fresh Flower","title":"Hanging Planter","title_size":70,"text":"","text_size":110,"text_align":"left","media_position":"top","button_label":"Shop Now","button_link":"","open_new_window_button":false,"color_overlay":"rgba(0,0,0,0)","title_color":"#ffffff","text_color":"#ffffff","color_button":"#4b4b4b","background_button":"#ededdd","color_button_hover":"rgba(0,0,0,0)","background_button_hover":"rgba(0,0,0,0)","color_button_secondary":"rgba(0,0,0,0)","secondary_button_text":"rgba(0,0,0,0)"}},"b4f6c2c9-349e-4d71-84aa-daffa9b470c7":{"type":"media","settings":{"image_link":"","open_new_window":false,"video_url":"","enable_video_autoplay":true,"video_alt_text":"","enable_content_overlay":true,"content_position":"bottom","overlay_opacity":0,"number_of_columns":1,"number_of_row":1,"icon":"none","custom_icon":"","icon_size":45,"sub_title":"Upto 40% Off","title":"Office Plant","title_size":70,"text":"","text_size":110,"text_align":"left","media_position":"top","button_label":"Shop Now","button_link":"","open_new_window_button":false,"color_overlay":"rgba(0,0,0,0)","title_color":"#ffffff","text_color":"#ffffff","color_button":"#4b4b4b","background_button":"#ededdd","color_button_hover":"rgba(0,0,0,0)","background_button_hover":"rgba(0,0,0,0)","color_button_secondary":"rgba(0,0,0,0)","secondary_button_text":"rgba(0,0,0,0)"}},"d493e380-1257-48f1-9b6d-640d8e94c5d6":{"type":"media","settings":{"image_link":"","open_new_window":false,"video_url":"","enable_video_autoplay":true,"video_alt_text":"","enable_content_overlay":true,"content_position":"bottom","overlay_opacity":0,"number_of_columns":1,"number_of_row":1,"icon":"none","custom_icon":"","icon_size":45,"sub_title":"Sale Off","title":"Modern Plant","title_size":70,"text":"","text_size":110,"text_align":"left","media_position":"top","button_label":"Shop Now","button_link":"","open_new_window_button":false,"color_overlay":"rgba(0,0,0,0)","title_color":"#ffffff","text_color":"#ffffff","color_button":"#4b4b4b","background_button":"#ededdd","color_button_hover":"rgba(0,0,0,0)","background_button_hover":"rgba(0,0,0,0)","color_button_secondary":"rgba(0,0,0,0)","secondary_button_text":"rgba(0,0,0,0)"}},"b4942aec-7f82-4b45-b57e-a1a07e5916fd":{"type":"media","settings":{"image_link":"","open_new_window":false,"video_url":"","enable_video_autoplay":true,"video_alt_text":"","enable_content_overlay":true,"content_position":"bottom","overlay_opacity":0,"number_of_columns":1,"number_of_row":1,"icon":"none","custom_icon":"","icon_size":45,"sub_title":"Just for You","title":"Indoor Plants","title_size":70,"text":"","text_size":110,"text_align":"left","media_position":"top","button_label":"Shop Now","button_link":"","open_new_window_button":false,"color_overlay":"rgba(0,0,0,0)","title_color":"#ffffff","text_color":"#ffffff","color_button":"#4b4b4b","background_button":"#ededdd","color_button_hover":"rgba(0,0,0,0)","background_button_hover":"rgba(0,0,0,0)","color_button_secondary":"rgba(0,0,0,0)","secondary_button_text":"rgba(0,0,0,0)"}},"21b01a20-1cd3-45dc-a61c-7f5cbf585073":{"type":"media","settings":{"image_link":"","open_new_window":false,"video_url":"","enable_video_autoplay":true,"video_alt_text":"","enable_content_overlay":true,"content_position":"bottom","overlay_opacity":0,"number_of_columns":2,"number_of_row":1,"icon":"none","custom_icon":"","icon_size":45,"sub_title":"Top Collection","title":"Home Decor","title_size":70,"text":"","text_size":110,"text_align":"left","media_position":"top","button_label":"Shop Now","button_link":"","open_new_window_button":false,"color_overlay":"rgba(0,0,0,0)","title_color":"#ffffff","text_color":"#ffffff","color_button":"#4b4b4b","background_button":"#ededdd","color_button_hover":"rgba(0,0,0,0)","background_button_hover":"rgba(0,0,0,0)","color_button_secondary":"rgba(0,0,0,0)","secondary_button_text":"rgba(0,0,0,0)"}}},"block_order":["template--21433584943405__850c66d1-9102-4a42-93ae-1af910f8e572-media-2","c9ebb09f-2988-4d36-80bd-3444292fe0e0","b4f6c2c9-349e-4d71-84aa-daffa9b470c7","d493e380-1257-48f1-9b6d-640d8e94c5d6","b4942aec-7f82-4b45-b57e-a1a07e5916fd","21b01a20-1cd3-45dc-a61c-7f5cbf585073"],"settings":{"heading":"","heading_size":100,"heading_alignment":"center","max_columns":4,"spacing":20,"height_desktop":420,"show_section_divider":false,"full_width":true,"padding_full_width":true,"padding_top":28,"padding_bottom":28,"min_columns_mobile":"2","spacing_mobile":16,"height_mobile":200,"show_section_divider_mobile":false,"full_width_mobile":false,"padding_top_mobile":28,"padding_bottom_mobile":28}},"2757b392-a105-46c2-9b81-4097124af687":{"type":"collage","blocks":{"template--16122988920992__2757b392-a105-46c2-9b81-4097124af687-product-1":{"type":"product","settings":{"product":"","show_quickview":true,"info_alignment":"center","number_of_columns":2,"number_of_row":2}},"6afe39e5-b020-4c1a-be6b-9c303e0f8e33":{"type":"product","settings":{"product":"","show_quickview":true,"info_alignment":"center","number_of_columns":1,"number_of_row":1}},"df80ea47-3d68-4b42-ab2d-75f13d27691a":{"type":"product","settings":{"product":"","show_quickview":true,"info_alignment":"center","number_of_columns":1,"number_of_row":1}},"ceee7d91-6f7d-4686-b948-7d689a26e412":{"type":"product","settings":{"product":"","show_quickview":true,"info_alignment":"center","number_of_columns":1,"number_of_row":1}},"95d61f05-e420-4132-b789-7c8d29387b2c":{"type":"product","settings":{"product":"","show_quickview":true,"info_alignment":"center","number_of_columns":1,"number_of_row":1}}},"block_order":["template--16122988920992__2757b392-a105-46c2-9b81-4097124af687-product-1","6afe39e5-b020-4c1a-be6b-9c303e0f8e33","df80ea47-3d68-4b42-ab2d-75f13d27691a","ceee7d91-6f7d-4686-b948-7d689a26e412","95d61f05-e420-4132-b789-7c8d29387b2c"],"settings":{"heading":"Our Top Stars","heading_size":100,"heading_alignment":"center","background_color_light":"rgba(0,0,0,0)","background_color_dark":"rgba(0,0,0,0)","show_vendor":false,"show_rating":false,"max_columns":4,"spacing":20,"full_width":false,"show_section_divider":false,"padding_top":40,"padding_bottom":64,"min_columns_mobile":"2","spacing_mobile":10,"full_width_mobile":false,"show_section_divider_mobile":false,"padding_top_mobile":20,"padding_bottom_mobile":44}},"1351ee77-62ad-4e93-994a-85d7cc0caf1b":{"type":"testimonials","blocks":{"template--21766789660950__1351ee77-62ad-4e93-994a-85d7cc0caf1b-testimonial-1":{"type":"testimonial","settings":{"icon_star":"5_star","custom_icon":"","title":"Great...Highly recommend it.","text":"<p>“ My wife and I have been using the product we bought for several months now. We have found it to be very helpful in keeping our two little guys clean and dry. Everything was easy to use and easy to clean. Attractive flowering variety with striking red undersides. We highly recommend it. ”<\/p>","author":"Saka. Tran","author_note":"<p>New York City, NY<\/p>"}},"template--21766789660950__1351ee77-62ad-4e93-994a-85d7cc0caf1b-testimonial-2":{"type":"testimonial","settings":{"icon_star":"quote","custom_icon":"","title":"Testimonials","text":"<p>Add customer reviews and testimonials to showcase your store's happy customers<\/p>","author":"Author's name","author_note":"<p>Testimonials<\/p>"}},"template--21766789660950__1351ee77-62ad-4e93-994a-85d7cc0caf1b-testimonial-3":{"type":"testimonial","settings":{"icon_star":"quote","custom_icon":"","title":"Testimonials","text":"<p>Add customer reviews and testimonials to showcase your store's happy customers<\/p>","author":"Author's name","author_note":"<p>Testimonials<\/p>"}},"template--21766789660950__1351ee77-62ad-4e93-994a-85d7cc0caf1b-testimonial-4":{"type":"testimonial","settings":{"icon_star":"quote","custom_icon":"","title":"Testimonials","text":"<p>Add customer reviews and testimonials to showcase your store's happy customers<\/p>","author":"Author's name","author_note":"<p>Testimonials<\/p>"}},"template--21766789660950__1351ee77-62ad-4e93-994a-85d7cc0caf1b-testimonial-5":{"type":"testimonial","settings":{"icon_star":"quote","custom_icon":"","title":"Testimonials","text":"<p>Add customer reviews and testimonials to showcase your store's happy customers<\/p>","author":"Author's name","author_note":"<p>Testimonials<\/p>"}}},"block_order":["template--21766789660950__1351ee77-62ad-4e93-994a-85d7cc0caf1b-testimonial-1","template--21766789660950__1351ee77-62ad-4e93-994a-85d7cc0caf1b-testimonial-2","template--21766789660950__1351ee77-62ad-4e93-994a-85d7cc0caf1b-testimonial-3","template--21766789660950__1351ee77-62ad-4e93-994a-85d7cc0caf1b-testimonial-4","template--21766789660950__1351ee77-62ad-4e93-994a-85d7cc0caf1b-testimonial-5"],"settings":{"heading":"","heading_size":100,"text_alignment":"center","testimonial_items_view":"single","show_arrow":false,"show_pagination":true,"show_author_image":false,"author_image":"top","background_color_light":"#ffffff","item_background_color_light":"#ffffff","heading_and_title_light":"rgba(0,0,0,0)","item_text_color_light":"rgba(0,0,0,0)","background_color_dark":"rgba(0,0,0,0)","item_background_color_dark":"#212020","heading_and_title_dark":"rgba(0,0,0,0)","item_text_color_dark":"rgba(0,0,0,0)","show_section_divider":true,"top_padding":20,"bottom_padding":48,"show_section_divider_mobile":true,"top_padding_mobile":0,"bottom_padding_mobile":40}},"3e4b52ab-ca05-40ed-9a57-118b0b6610b5":{"type":"promotion-banner","blocks":{"template--21766789660950__3e4b52ab-ca05-40ed-9a57-118b0b6610b5-image_banner-1":{"type":"image_banner","settings":{"heading":"We Believe in HealingPowers of Plants","heading_size":100,"subheading":"","text":"Dolor sit amet, consectetur adipiscing elit, tempor incididunt labore dolore magna sute aliqua. Placerat orci nulla pellentes sunt culpa officia deserunt.","text_size":120,"content_box_type":"square","add_frame":false,"color_content_box_light":"rgba(0,0,0,0)","color_content_box_dark":"rgba(0,0,0,0)"}},"template--21766789660950__3e4b52ab-ca05-40ed-9a57-118b0b6610b5-buttons-1":{"type":"buttons","settings":{"button_label":"Explore Now","button_link":"","open_new_window_button":false,"button_label_2":"","button_link_2":"","open_new_window_button_2":false,"color_button":"rgba(0,0,0,0)","color_button_hover":"rgba(0,0,0,0)","color_text_button":"rgba(0,0,0,0)","color_text_button_hover":"rgba(0,0,0,0)","color_button_secondary":"rgba(0,0,0,0)","secondary_button_text":"rgba(0,0,0,0)"}}},"block_order":["template--21766789660950__3e4b52ab-ca05-40ed-9a57-118b0b6610b5-image_banner-1","template--21766789660950__3e4b52ab-ca05-40ed-9a57-118b0b6610b5-buttons-1"],"settings":{"heading":"Promotion Banner","image_link":"","open_new_window":false,"image_overlay_opacity":0,"content_position":"center-left","content_horizontal":50,"content_vertical":50,"position_content_mobile":"center","content_alignment":"left","show_hero":false,"full_width":true,"padding_full_width":true,"rounded_corner_image":true,"desktop_height":"650px","padding_top":0,"padding_bottom":28,"full_width_mobile":false,"rounded_corner_image_mobile":true,"mobile_height":"400px","padding_top_mobile":0,"padding_bottom_mobile":20}},"a678885a-3793-48f5-a464-255512915ab2":{"type":"image-with-text","blocks":{"template--21433584943405__a678885a-3793-48f5-a464-255512915ab2-heading-1":{"type":"heading","settings":{"subheading":"","heading":"We Believe in HealingPowers of Plants","heading_base_size":100,"text":"<p>Discover the Powerful Benefits of Plant-Based Healing.<\/p>","heading_light":"#ffffff","text_light":"#c8c8b1","heading_dark":"#ffffff","text_dark":"#c8c8b1"}},"template--21433584943405__a678885a-3793-48f5-a464-255512915ab2-button-1":{"type":"button","settings":{"button_label":"Explore Now","button_link":"shopify:\/\/collections\/asian-herbs","open_new_window":false,"button_light":"#ededdd","button_text_light":"#4b4b4b","button_hover_light":"#ededdd","button_text_hover_light":"#212020","button_dark":"#ededdd","button_text_dark":"#4b4b4b","button_hover_dark":"#ededdd","button_text_hover_dark":"#000000"}}},"block_order":["template--21433584943405__a678885a-3793-48f5-a464-255512915ab2-heading-1","template--21433584943405__a678885a-3793-48f5-a464-255512915ab2-button-1"],"disabled":true,"settings":{"image":"shopify:\/\/shop_images\/img_10_23cd99cd-8e69-485c-9833-2cd9df354d9d.png","video_url":"","video_alt_text":"","enable_video_autoplay":false,"desktop_height":"650px","mobile_height":"400px","desktop_image_width":"large","image_layout":"normal","image_corner_radius":0,"content_layout":"no-overlap","spacing_image":false,"text_position":"center","text_alignment":"start","background_color_light":"#224229","background_color_dark":"#224229","image_alignment":"right","full_width":true,"top_padding":28,"bottom_padding":28,"image_alignment_mobile":"left","full_width_mobile":true,"top_padding_mobile":16,"bottom_padding_mobile":16}},"8b3e6efa-36bc-410f-91b2-96b2af37a902":{"type":"multicolumn","blocks":{"template--16143237120160__8b3e6efa-36bc-410f-91b2-96b2af37a902-column-1":{"type":"column","settings":{"icon":"delivery-truck","custom_icon":"","title":"Shipping & Return","title_link":"","open_new_window":false,"heading_size":100,"text":"<p>If your aren't perfect, return them within 30 days for a full refund.<\/p>"}},"template--16143237120160__8b3e6efa-36bc-410f-91b2-96b2af37a902-column-2":{"type":"column","settings":{"icon":"box","custom_icon":"","title":"Safe Payment","title_link":"","open_new_window":false,"heading_size":100,"text":"<p>Pay with the world's most popular and secure payment methods<\/p>"}},"template--16143237120160__8b3e6efa-36bc-410f-91b2-96b2af37a902-column-3":{"type":"column","settings":{"icon":"leaf","custom_icon":"","title":"Shop with Confidence","title_link":"","open_new_window":false,"heading_size":100,"text":"<p>Our Buyer Protection covers your purchase from click to delivery.<\/p>"}},"template--16143237120160__8b3e6efa-36bc-410f-91b2-96b2af37a902-column-4":{"type":"column","settings":{"icon":"check-mark","custom_icon":"","title":"Support 24\/7","title_link":"","open_new_window":false,"heading_size":100,"text":"<p>Ready to help our clients<\/p>"}}},"block_order":["template--16143237120160__8b3e6efa-36bc-410f-91b2-96b2af37a902-column-1","template--16143237120160__8b3e6efa-36bc-410f-91b2-96b2af37a902-column-2","template--16143237120160__8b3e6efa-36bc-410f-91b2-96b2af37a902-column-3","template--16143237120160__8b3e6efa-36bc-410f-91b2-96b2af37a902-column-4"],"disabled":true,"settings":{"title":"","heading_size":100,"secondary_background":"none","border_column":"line_vertical","column_content_alignment":"center","icon_position":"above","icon_size":40,"enable_desktop_slider":false,"swiper_on_mobile":true,"change_bar_every":3,"background_color_light":"rgba(0,0,0,0)","heading_light":"#000000","text_light":"#212020","line_border_light":"#ededdd","color_icon_light":"#17532d","background_color_dark":"#272727","heading_dark":"rgba(0,0,0,0)","text_dark":"rgba(0,0,0,0)","line_border_dark":"#333333","color_icon_dark":"#82d3a0","column_layout_desktop":"lg:w-1\/4","section_height_desktop":"md:py-0","spacing_desktop":20,"full_width":false,"show_section_divider":false,"padding_top":32,"padding_bottom":44,"column_layout_mobile":"w-full","section_height_mobile":"py-5","spacing_mobile":20,"full_width_mobile":true,"show_section_divider_mobile":false,"padding_top_mobile":16,"padding_bottom_mobile":20}},"cab1f2a8-e84d-45b0-b1ed-7c61adbf2000":{"type":"featured-blog","settings":{"heading":"Latest in Blog","heading_size":100,"heading_alignment":"center","blog":"grow-your-health","post_limit":3,"columns_desktop":3,"show_view_all":true,"view_all_position":"bottom","title_size":140,"content_alignment":"left","show_image":true,"image_ratio":"75","item_secondary_background":false,"show_author":true,"show_name":false,"show_date":true,"show_excerpt":true,"show_tag":false,"show_comment_counts":true,"show_read_more":false,"button_read_more_label":"READ NOW","enable_desktop_slider":false,"swiper_on_mobile":true,"auto_play":false,"change_slides_speed":5,"full_width":false,"spacing":21,"show_section_divider":false,"padding_top":52,"padding_bottom":44,"columns_mobile":"1","spacing_mobile":10,"show_section_divider_mobile":false,"padding_top_mobile":20,"padding_bottom_mobile":64}},"63ba3438-5d1f-4d65-8f53-df3dff15ef20":{"type":"recently-viewed","settings":{"heading":"Recently viewed","heading_size":100,"heading_alignment":"center","enable_clear_history":false,"products_to_show":4,"background_color_light":"","background_color_dark":"","show_vendor":false,"show_rating":false,"show_quickview":true,"enable_carousel_desktop":false,"enable_swiper_mobile":false,"columns_desktop":4,"full_width":false,"show_section_divider":false,"spacing":20,"padding_top":28,"padding_bottom":60,"columns_mobile":"2","show_section_divider_mobile":false,"spacing_mobile":16,"padding_top_mobile":20,"padding_bottom_mobile":20}},"c4d1f0ed-27c9-4d5b-a001-c8d3700c5abe":{"type":"logo-list","blocks":{"template--21766789660950__c4d1f0ed-27c9-4d5b-a001-c8d3700c5abe-logo-1":{"type":"logo","settings":{"image_link":"","open_new_window":false}},"template--21766789660950__c4d1f0ed-27c9-4d5b-a001-c8d3700c5abe-logo-2":{"type":"logo","settings":{"image_link":"","open_new_window":false}},"template--21766789660950__c4d1f0ed-27c9-4d5b-a001-c8d3700c5abe-logo-3":{"type":"logo","settings":{"image_link":"","open_new_window":false}},"template--21766789660950__c4d1f0ed-27c9-4d5b-a001-c8d3700c5abe-logo-4":{"type":"logo","settings":{"image_link":"","open_new_window":false}},"template--21766789660950__c4d1f0ed-27c9-4d5b-a001-c8d3700c5abe-logo-5":{"type":"logo","settings":{"image_link":"","open_new_window":false}}},"block_order":["template--21766789660950__c4d1f0ed-27c9-4d5b-a001-c8d3700c5abe-logo-1","template--21766789660950__c4d1f0ed-27c9-4d5b-a001-c8d3700c5abe-logo-2","template--21766789660950__c4d1f0ed-27c9-4d5b-a001-c8d3700c5abe-logo-3","template--21766789660950__c4d1f0ed-27c9-4d5b-a001-c8d3700c5abe-logo-4","template--21766789660950__c4d1f0ed-27c9-4d5b-a001-c8d3700c5abe-logo-5"],"settings":{"heading":"Follow us on Instagram","heading_size":100,"heading_alignment":"center","corner_image":10,"show_border":false,"image_ratio":"auto","background_color_light":"rgba(0,0,0,0)","background_color_dark":"rgba(0,0,0,0)","enable_carousel_on_desktop":false,"auto_switch_bar":true,"change_bar_every":5,"show_navigation":true,"columns_desktop":5,"full_width":true,"show_section_divider":true,"spacing":20,"padding_top":60,"padding_bottom":80,"layout_mobile":"carousel","columns_mobile":"2","show_section_divider_mobile":false,"spacing_mobile":16,"padding_top_mobile":40,"padding_bottom_mobile":40}}},"order":["0ae294e7-d408-4c98-a896-7bcc3a68e2c6","36d01e05-1d9d-4b9a-a6da-59a51ce85a3a","ae18e949-b317-4a09-a65a-03bab294a7b9","0986be25-e10c-4c26-b0e4-b8ac4657748c","4160350c-3ea8-43bf-828f-c4c047cc166c","461d4c73-510e-4d7e-a4ff-f51612ab9b25","70982515-9dca-4eba-b130-7730d4415cb9","f5684144-9493-4678-9472-89275e53ffee","850c66d1-9102-4a42-93ae-1af910f8e572","2757b392-a105-46c2-9b81-4097124af687","1351ee77-62ad-4e93-994a-85d7cc0caf1b","3e4b52ab-ca05-40ed-9a57-118b0b6610b5","a678885a-3793-48f5-a464-255512915ab2","8b3e6efa-36bc-410f-91b2-96b2af37a902","cab1f2a8-e84d-45b0-b1ed-7c61adbf2000","63ba3438-5d1f-4d65-8f53-df3dff15ef20","c4d1f0ed-27c9-4d5b-a001-c8d3700c5abe"]}