{"sections":{"5bb2c56e-4eea-4fab-b043-b6f571b461eb":{"type":"multicolumn","blocks":{"template--21421404619053__5bb2c56e-4eea-4fab-b043-b6f571b461eb-column-1":{"type":"column","settings":{"icon":"check-mark","custom_icon":"","title":"","title_link":"","open_new_window":false,"heading_size":100,"text":"<p>Free shipping for orders over $100<\/p>"}},"template--21421404619053__5bb2c56e-4eea-4fab-b043-b6f571b461eb-column-2":{"type":"column","settings":{"icon":"check-mark","custom_icon":"","title":"","title_link":"","open_new_window":false,"heading_size":100,"text":"<p>30 days health guarantee<\/p>"}},"template--21421404619053__5bb2c56e-4eea-4fab-b043-b6f571b461eb-column-3":{"type":"column","settings":{"icon":"check-mark","custom_icon":"","title":"","title_link":"","open_new_window":false,"heading_size":100,"text":"<p>4.6\/5 out of 15.000+ reviews<\/p>"}},"template--21421404619053__5bb2c56e-4eea-4fab-b043-b6f571b461eb-column-4":{"type":"column","settings":{"icon":"check-mark","custom_icon":"","title":"","title_link":"","open_new_window":false,"heading_size":100,"text":"<p>Ordered before 12pm, shipped today<\/p>"}}},"block_order":["template--21421404619053__5bb2c56e-4eea-4fab-b043-b6f571b461eb-column-1","template--21421404619053__5bb2c56e-4eea-4fab-b043-b6f571b461eb-column-2","template--21421404619053__5bb2c56e-4eea-4fab-b043-b6f571b461eb-column-3","template--21421404619053__5bb2c56e-4eea-4fab-b043-b6f571b461eb-column-4"],"settings":{"title":"","heading_size":100,"secondary_background":"section","border_column":"none","column_content_alignment":"start","icon_position":"next","icon_size":20,"enable_desktop_slider":false,"swiper_on_mobile":true,"change_bar_every":3,"background_color_light":"#f6f6f0","heading_light":"rgba(0,0,0,0)","text_light":"rgba(0,0,0,0)","line_border_light":"rgba(0,0,0,0)","color_icon_light":"#17532d","background_color_dark":"#2a2a2a","heading_dark":"rgba(0,0,0,0)","text_dark":"rgba(0,0,0,0)","line_border_dark":"rgba(0,0,0,0)","color_icon_dark":"#17532d","column_layout_desktop":"lg:w-1\/4","section_height_desktop":"md:py-0","spacing_desktop":0,"full_width":true,"show_section_divider":false,"padding_top":0,"padding_bottom":0,"column_layout_mobile":"w-full","section_height_mobile":"py-0","spacing_mobile":0,"full_width_mobile":true,"show_section_divider_mobile":false,"padding_top_mobile":0,"padding_bottom_mobile":0}},"main":{"type":"main-product","blocks":{"badges":{"type":"badges","settings":{}},"price":{"type":"price","settings":{"show_tax_and_shipping":false}},"variant_picker":{"type":"variant_picker","settings":{"picker_type":"button","show_variant_option":true,"enable_color_swatches":true}},"quantity_selector":{"type":"quantity_selector","settings":{}},"buy_buttons":{"type":"buy_buttons","settings":{"show_dynamic_checkout":true,"show_gift_card_recipient":true,"pickup_availability":true,"preorder_show":"yes","preorder_button_label":"Pre-order","preorder_message":"<p>This product will be available for sale in 2 weeks, but you can pre-order now to receive 10% discount!<\/p>","preorder_show_dynamic_button":false,"show_background":true,"box_type":"round","background_color_light":"#e4edfa","message_color_light":"#568ddd","background_color_dark":"#122540","message_color_dark":"#568ddd"}},"description":{"type":"description","settings":{"show_in_tab":false}},"collapsible-row-0":{"type":"collapsible_tab","settings":{"heading":"Additional Information","tab_content":"<p>Share information about your brand with your customers. Describe a product, make announcements, or welcome customers to your store.<\/p>"}},"collapsible-row-1":{"type":"collapsible_tab","settings":{"heading":"Shipping and Returns","tab_content":"<p>Share information about your brand with your customers. Describe a product, make announcements, or welcome customers to your store.<\/p>"}},"8607df6c-bc3d-4e31-8e1e-4a4847d94b7a":{"type":"social_sharing","settings":{}},"0a15073f-ff42-43c0-a1d0-015c97a0b110":{"type":"sticky_add_to_cart","settings":{"desktop_display_type":"full_width","show_quantity_selector":false}}},"block_order":["badges","price","variant_picker","quantity_selector","buy_buttons","description","collapsible-row-0","collapsible-row-1","8607df6c-bc3d-4e31-8e1e-4a4847d94b7a","0a15073f-ff42-43c0-a1d0-015c97a0b110"],"settings":{"enable_sticky_image":true,"show_product_name":true,"show_vendor":false,"desktop_layout":"left","desktop_media_layout":"2_columns","show_arrow_button":true,"mobile_media_size":"full_width","show_thumnail_mobile":false,"image_ratio":"portrait","thumbnail_position":"vertical","enable_image_zoom":false,"enable_video_autoplay":false,"enable_video_loop":false,"show_first_image_avaiable":true,"show_breadcrumbs":true,"show_breadcrumbs_border":true,"full_width_breadcrumb":true,"desktop_content_alignment":"text-center","mobile_content_alignment":"text-center","background_color_light":"rgba(0,0,0,0)","text_color_light":"rgba(0,0,0,0)","textlink_color_light":"rgba(0,0,0,0)","background_color_dark":"rgba(0,0,0,0)","text_color_dark":"rgba(0,0,0,0)","textlink_color_dark":"rgba(0,0,0,0)","full_width":true,"spacing_col":"small","padding_top":60,"padding_bottom":80,"padding_top_mobile":40,"padding_bottom_mobile":0}},"ff7365f6-d9bf-4a92-add6-b7cae103ee25":{"type":"scrolling-banner","blocks":{"template--21416253030701__ff7365f6-d9bf-4a92-add6-b7cae103ee25-text-1":{"type":"text","settings":{"text":"Plan Your Outdoof Space","text_size":100,"spacing_left":0,"spacing_right":0,"spacing_left_mobile":0,"spacing_right_mobile":0}},"template--21416253030701__ff7365f6-d9bf-4a92-add6-b7cae103ee25-text-2":{"type":"text","settings":{"text":"Plants Bring People Joy","text_size":100,"spacing_left":0,"spacing_right":0,"spacing_left_mobile":0,"spacing_right_mobile":0}},"6d245b97-1419-4bb8-aca9-0853df0d9707":{"type":"text","settings":{"text":"Plan Your Outdoof Space","text_size":100,"spacing_left":0,"spacing_right":0,"spacing_left_mobile":0,"spacing_right_mobile":0}},"c5a3ea53-dee0-41a0-b42c-0f6373a9b322":{"type":"text","settings":{"text":"Plants Bring People Joy","text_size":100,"spacing_left":0,"spacing_right":0,"spacing_left_mobile":0,"spacing_right_mobile":0}}},"block_order":["template--21416253030701__ff7365f6-d9bf-4a92-add6-b7cae103ee25-text-1","template--21416253030701__ff7365f6-d9bf-4a92-add6-b7cae103ee25-text-2","6d245b97-1419-4bb8-aca9-0853df0d9707","c5a3ea53-dee0-41a0-b42c-0f6373a9b322"],"settings":{"show_border":false,"speed":20,"direction":"right","pause_hover":false,"bg_light":"#f6f6f0","color_text_light":"rgba(0,0,0,0)","bg_dark":"rgba(0,0,0,0)","color_text_dark":"rgba(0,0,0,0)","space_block":60,"padding_top":28,"padding_bottom":28,"space_block_mobile":40,"padding_top_mobile":28,"padding_bottom_mobile":28}},"product-recommendations":{"type":"product-recommendations","settings":{"heading":"You May Also Like...","heading_size":100,"products_to_show":4,"background_color_light":"","background_color_dark":"","show_vendor":false,"show_rating":false,"show_quickview":true,"enable_carousel_desktop":true,"enable_swiper_mobile":true,"columns_desktop":4,"full_width":false,"show_section_divider":false,"spacing":20,"padding_top":80,"padding_bottom":0,"columns_mobile":"2","show_section_divider_mobile":false,"spacing_mobile":16,"padding_top_mobile":16,"padding_bottom_mobile":20}},"660eefa3-52be-41e6-bd83-ac8682694e24":{"type":"recently-viewed","settings":{"heading":"Recently viewed products","heading_size":100,"enable_clear_history":true,"products_to_show":4,"background_color_light":"","background_color_dark":"","show_vendor":false,"show_rating":false,"show_quickview":true,"enable_carousel_desktop":true,"enable_swiper_mobile":true,"columns_desktop":4,"full_width":false,"show_section_divider":false,"spacing":20,"padding_top":44,"padding_bottom":68,"columns_mobile":"2","show_section_divider_mobile":false,"spacing_mobile":16,"padding_top_mobile":20,"padding_bottom_mobile":40}}},"order":["5bb2c56e-4eea-4fab-b043-b6f571b461eb","main","ff7365f6-d9bf-4a92-add6-b7cae103ee25","product-recommendations","660eefa3-52be-41e6-bd83-ac8682694e24"]}