{"sections":{"main":{"type":"main-product","blocks":{"badges":{"type":"badges","settings":{}},"price":{"type":"price","settings":{"show_tax_and_shipping":false}},"description":{"type":"description","settings":{"show_in_tab":false}},"variant_picker":{"type":"variant_picker","settings":{"picker_type":"button","show_variant_option":true,"enable_color_swatches":true}},"quantity_selector":{"type":"quantity_selector","settings":{}},"ffacb41b-c15e-41ee-864a-cfbf155d407d":{"type":"estimate_delivery","disabled":true,"settings":{"message":"<p>Estimated Delivery between <strong>earliest_delivery_date and latest_delivery_date.<\/strong><\/p>","tooltip_text":"","tooltip_icon":"none","custom_icon":"","tooltip_icon_position":"left","tooltip_message":"","show_background":true,"box_type":"square","background_color_light":"#e4edfa","message_color_light":"#568ddd","background_color_dark":"rgba(0,0,0,0)","message_color_dark":"rgba(0,0,0,0)","bg_tooltip_color_light":"rgba(0,0,0,0)","tooltip_color_light":"rgba(0,0,0,0)","bg_tooltip_color_dark":"rgba(0,0,0,0)","tooltip_color_dark":"rgba(0,0,0,0)"}},"buy_buttons":{"type":"buy_buttons","settings":{"show_dynamic_checkout":false,"show_gift_card_recipient":true,"pickup_availability":true,"preorder_show":"yes","preorder_button_label":"Pre-order","preorder_message":"<p>This product will be available for sale in 2 weeks, but you can pre-order now to receive 10% discount!<\/p>","preorder_show_dynamic_button":false,"show_background":true,"box_type":"square","background_color_light":"#e4edfa","message_color_light":"#568ddd","background_color_dark":"rgba(0,0,0,0)","message_color_dark":"rgba(0,0,0,0)"}},"c831b757-ddd8-4a3d-b2b0-6b03360465e8":{"type":"complementary","settings":{"heading":"Pairs well with","show_tab":true,"show_background":true,"max_product_show":3,"number_product_per_page":3,"enable_carousel_desktop":false,"enable_swiper_mobile":true,"image_ratio":"square","show_vendor":false,"show_product_rating":false}},"collapsible-row-0":{"type":"collapsible_tab","settings":{"heading":"Additional Information","tab_content":"<p>Share information about your brand with your customers. Describe a product, make announcements, or welcome customers to your store.<\/p>"}},"collapsible-row-1":{"type":"collapsible_tab","settings":{"heading":"Shipping and Returns","tab_content":"<p>Share information about your brand with your customers. Describe a product, make announcements, or welcome customers to your store.<\/p>"}},"social-sharing":{"type":"social_sharing","settings":{}},"sticky-atc":{"type":"sticky_add_to_cart","settings":{"desktop_display_type":"full_width","show_quantity_selector":false}}},"block_order":["badges","price","description","variant_picker","quantity_selector","ffacb41b-c15e-41ee-864a-cfbf155d407d","buy_buttons","c831b757-ddd8-4a3d-b2b0-6b03360465e8","collapsible-row-0","collapsible-row-1","social-sharing","sticky-atc"],"settings":{"enable_sticky_image":true,"show_product_name":true,"show_vendor":false,"desktop_layout":"left","desktop_media_layout":"thumbnail_slider","show_arrow_button":true,"mobile_media_size":"full_width","show_thumnail_mobile":false,"image_ratio":"square","thumbnail_position":"vertical","enable_image_zoom":false,"enable_video_autoplay":false,"enable_video_loop":false,"show_first_image_avaiable":true,"show_breadcrumbs":true,"show_breadcrumbs_border":false,"full_width_breadcrumb":true,"desktop_content_alignment":"text-left","mobile_content_alignment":"text-left","background_color_light":"rgba(0,0,0,0)","text_color_light":"rgba(0,0,0,0)","textlink_color_light":"rgba(0,0,0,0)","background_color_dark":"rgba(0,0,0,0)","text_color_dark":"rgba(0,0,0,0)","textlink_color_dark":"rgba(0,0,0,0)","full_width":true,"spacing_col":"small","padding_top":24,"padding_bottom":84,"padding_top_mobile":16,"padding_bottom_mobile":56}},"644ca7b8-b624-4dcc-a0b8-47fc27ddfdb5":{"type":"multicolumn","blocks":{"template--15966320525412__644ca7b8-b624-4dcc-a0b8-47fc27ddfdb5-column-1":{"type":"column","settings":{"icon":"truck","custom_icon":"","title":"","title_link":"","open_new_window":false,"heading_size":100,"text":"<p>Free Shipping<\/p>"}},"template--15966320525412__644ca7b8-b624-4dcc-a0b8-47fc27ddfdb5-column-2":{"type":"column","settings":{"icon":"question-mark","custom_icon":"","title":"","title_link":"","open_new_window":false,"heading_size":100,"text":"<p>Support 24\/7<\/p>"}},"template--15966320525412__644ca7b8-b624-4dcc-a0b8-47fc27ddfdb5-column-3":{"type":"column","settings":{"icon":"coin","custom_icon":"","title":"","title_link":"","open_new_window":false,"heading_size":100,"text":"<p>Secured Payments<\/p>"}},"template--15966320525412__644ca7b8-b624-4dcc-a0b8-47fc27ddfdb5-column-4":{"type":"column","settings":{"icon":"plane","custom_icon":"","title":"","title_link":"","open_new_window":false,"heading_size":100,"text":"<p>14 Days Return<\/p>"}},"724f15a5-413f-4e78-b7c5-b3262519592f":{"type":"column","settings":{"icon":"gift","custom_icon":"","title":"","title_link":"","open_new_window":false,"heading_size":100,"text":"<p>Gift Card for You<\/p>"}}},"block_order":["template--15966320525412__644ca7b8-b624-4dcc-a0b8-47fc27ddfdb5-column-1","template--15966320525412__644ca7b8-b624-4dcc-a0b8-47fc27ddfdb5-column-2","template--15966320525412__644ca7b8-b624-4dcc-a0b8-47fc27ddfdb5-column-3","template--15966320525412__644ca7b8-b624-4dcc-a0b8-47fc27ddfdb5-column-4","724f15a5-413f-4e78-b7c5-b3262519592f"],"settings":{"title":"","heading_size":100,"secondary_background":"section","border_column":"none","column_content_alignment":"center","icon_position":"next","icon_size":24,"enable_desktop_slider":true,"swiper_on_mobile":true,"change_bar_every":5,"background_color_light":"#e46a4b","heading_light":"rgba(0,0,0,0)","text_light":"#ffffff","line_border_light":"rgba(0,0,0,0)","color_icon_light":"#ffffff","background_color_dark":"#2a2a2a","heading_dark":"rgba(0,0,0,0)","text_dark":"rgba(0,0,0,0)","line_border_dark":"rgba(0,0,0,0)","color_icon_dark":"rgba(0,0,0,0)","column_layout_desktop":"lg:w-1\/5","section_height_desktop":"md:py-0","spacing_desktop":31,"full_width":false,"show_section_divider":false,"padding_top":4,"padding_bottom":4,"column_layout_mobile":"w-1\/2","section_height_mobile":"py-0","spacing_mobile":0,"full_width_mobile":true,"show_section_divider_mobile":false,"padding_top_mobile":8,"padding_bottom_mobile":8}},"f60cd595-f4e4-4982-8dc1-4c540a4c79a9":{"type":"recently-viewed","settings":{"heading":"VIEWED TOGETHER","heading_size":70,"heading_alignment":"left","enable_clear_history":false,"products_to_show":8,"background_color_light":"","background_color_dark":"","show_vendor":false,"show_rating":false,"show_quickview":true,"enable_carousel_desktop":true,"enable_swiper_mobile":true,"columns_desktop":4,"full_width":false,"show_section_divider":false,"spacing":30,"padding_top":28,"padding_bottom":28,"columns_mobile":"2","show_section_divider_mobile":false,"spacing_mobile":16,"padding_top_mobile":20,"padding_bottom_mobile":20}},"889982f1-ac32-483f-ab1c-597fce6e8ec1":{"type":"featured-collection","blocks":{"template--21381747048749__889982f1-ac32-483f-ab1c-597fce6e8ec1-collection-1":{"type":"collection","settings":{"collection":"","show_description":false,"description":"","show_vendor":false,"show_rating":true,"show_quickview":true,"show_promotion":false,"promotion_position":"right","card_link":"","open_new_window":false,"enable_text_overlay":true,"overlay_opacity":20,"image_ratio":"150","heading":"Summer Lookbook","heading_size":100,"content":"<p>More colourful place with our everyday essentials.<\/p>","text_size":100,"content_alignment":"left","content_position":"bottom","button_label":"Discover more","button_link":"","open_new_window_button":false,"background_color":"rgba(0,0,0,0)","color_text":"#ffffff","color_button":"#ffffff","color_text_button":"#000000","color_button_hover":"rgba(0,0,0,0)","color_text_button_hover":"rgba(0,0,0,0)","color_button_secondary":"rgba(0,0,0,0)"}}},"block_order":["template--21381747048749__889982f1-ac32-483f-ab1c-597fce6e8ec1-collection-1"],"settings":{"title":"SUMMER COLLECTION","heading_size":70,"heading_alignment":"left","show_view_all":false,"view_all_position":"top","title_size":120,"title_style":"none","enable_desktop_slider":true,"swiper_on_mobile":true,"auto_play":false,"change_slides_speed":5,"columns_desktop":4,"rows_desktop":2,"spacing":28,"full_width":true,"show_section_divider":false,"padding_top":32,"padding_bottom":32,"columns_mobile":"1","spacing_mobile":16,"full_width_mobile":false,"show_section_divider_mobile":false,"padding_top_mobile":40,"padding_bottom_mobile":12}},"product-recommendations":{"type":"product-recommendations","disabled":true,"settings":{"heading":"SIMILAR PRODUCTS","heading_size":70,"heading_alignment":"left","products_to_show":8,"background_color_light":"","background_color_dark":"","show_vendor":false,"show_rating":true,"show_quickview":true,"enable_carousel_desktop":true,"enable_swiper_mobile":true,"columns_desktop":4,"full_width":false,"show_section_divider":false,"spacing":30,"padding_top":24,"padding_bottom":88,"columns_mobile":"1","show_section_divider_mobile":false,"spacing_mobile":16,"padding_top_mobile":0,"padding_bottom_mobile":20}},"f3b29261-bf09-4401-8af1-2d1157489705":{"type":"media-gallery","blocks":{"template--15967811698788__f3b29261-bf09-4401-8af1-2d1157489705-media-1":{"type":"media","settings":{"image_link":"","open_new_window":false,"enable_video_autoplay":true,"video_alt_text":"","content_position":"center","overlay_opacity":0,"number_of_columns":1,"number_of_row":1,"title":"Upto 30% Off Collection","title_size":80,"text":"","text_size":130,"text_align":"center","button_label":"DISCOVER NOW","button_link":"","open_new_window_button":false,"color_overlay":"rgba(0,0,0,0)","title_color":"#ffffff","text_color":"rgba(0,0,0,0)","color_button":"rgba(0,0,0,0)","background_button":"rgba(0,0,0,0)","color_button_hover":"rgba(0,0,0,0)","background_button_hover":"rgba(0,0,0,0)"}},"90870897-3c62-4d8e-aaf2-367457e86b1b":{"type":"media","settings":{"image_link":"","open_new_window":false,"enable_video_autoplay":true,"video_alt_text":"","content_position":"center","overlay_opacity":0,"number_of_columns":1,"number_of_row":1,"title":"Upto 70% Off Collection","title_size":80,"text":"","text_size":130,"text_align":"center","button_label":"DISCOVER NOW","button_link":"","open_new_window_button":false,"color_overlay":"rgba(0,0,0,0)","title_color":"#ffffff","text_color":"rgba(0,0,0,0)","color_button":"rgba(0,0,0,0)","background_button":"rgba(0,0,0,0)","color_button_hover":"rgba(0,0,0,0)","background_button_hover":"rgba(0,0,0,0)"}},"0e9234a5-36e2-49f7-a823-18d4813fb7a6":{"type":"media","settings":{"image_link":"","open_new_window":false,"enable_video_autoplay":true,"video_alt_text":"","content_position":"center","overlay_opacity":0,"number_of_columns":1,"number_of_row":1,"title":"Upto 50% Off Collection","title_size":80,"text":"","text_size":130,"text_align":"center","button_label":"DISCOVER NOW","button_link":"","open_new_window_button":false,"color_overlay":"rgba(0,0,0,0)","title_color":"#ffffff","text_color":"rgba(0,0,0,0)","color_button":"rgba(0,0,0,0)","background_button":"rgba(0,0,0,0)","color_button_hover":"rgba(0,0,0,0)","background_button_hover":"rgba(0,0,0,0)"}},"413edaea-e3fd-43ac-9430-16d7ca0c756b":{"type":"media","settings":{"image_link":"","open_new_window":false,"enable_video_autoplay":true,"video_alt_text":"","content_position":"center","overlay_opacity":0,"number_of_columns":1,"number_of_row":1,"title":"Upto 10% Off Collection","title_size":80,"text":"","text_size":130,"text_align":"center","button_label":"DISCOVER NOW","button_link":"","open_new_window_button":false,"color_overlay":"rgba(0,0,0,0)","title_color":"#ffffff","text_color":"rgba(0,0,0,0)","color_button":"rgba(0,0,0,0)","background_button":"rgba(0,0,0,0)","color_button_hover":"rgba(0,0,0,0)","background_button_hover":"rgba(0,0,0,0)"}}},"block_order":["template--15967811698788__f3b29261-bf09-4401-8af1-2d1157489705-media-1","90870897-3c62-4d8e-aaf2-367457e86b1b","0e9234a5-36e2-49f7-a823-18d4813fb7a6","413edaea-e3fd-43ac-9430-16d7ca0c756b"],"settings":{"heading":"BEST DEALS","heading_size":70,"heading_alignment":"left","max_columns":4,"spacing":30,"height_desktop":500,"show_section_divider":false,"full_width":true,"padding_full_width":true,"padding_top":32,"padding_bottom":32,"min_columns_mobile":"1","spacing_mobile":16,"height_mobile":250,"show_section_divider_mobile":false,"full_width_mobile":false,"padding_top_mobile":28,"padding_bottom_mobile":28}},"030ed80b-a8e2-407f-8bed-5be67e87a44a":{"type":"media-gallery","blocks":{"template--15967811698788__030ed80b-a8e2-407f-8bed-5be67e87a44a-media-1":{"type":"media","settings":{"image_link":"","open_new_window":false,"enable_video_autoplay":true,"video_alt_text":"","content_position":"center","overlay_opacity":0,"number_of_columns":2,"number_of_row":2,"title":"","title_size":80,"text":"","text_size":130,"text_align":"center","button_label":"","button_link":"","open_new_window_button":false,"color_overlay":"rgba(0,0,0,0)","title_color":"rgba(0,0,0,0)","text_color":"rgba(0,0,0,0)","color_button":"rgba(0,0,0,0)","background_button":"rgba(0,0,0,0)","color_button_hover":"rgba(0,0,0,0)","background_button_hover":"rgba(0,0,0,0)"}},"template--15967811698788__030ed80b-a8e2-407f-8bed-5be67e87a44a-media-2":{"type":"media","settings":{"image_link":"","open_new_window":false,"enable_video_autoplay":true,"video_alt_text":"","content_position":"center","overlay_opacity":0,"number_of_columns":1,"number_of_row":1,"title":"","title_size":80,"text":"","text_size":130,"text_align":"center","button_label":"","button_link":"","open_new_window_button":false,"color_overlay":"rgba(0,0,0,0)","title_color":"rgba(0,0,0,0)","text_color":"rgba(0,0,0,0)","color_button":"rgba(0,0,0,0)","background_button":"rgba(0,0,0,0)","color_button_hover":"rgba(0,0,0,0)","background_button_hover":"rgba(0,0,0,0)"}},"template--15967811698788__030ed80b-a8e2-407f-8bed-5be67e87a44a-media-3":{"type":"media","settings":{"image_link":"","open_new_window":false,"enable_video_autoplay":true,"video_alt_text":"","content_position":"center","overlay_opacity":0,"number_of_columns":2,"number_of_row":2,"title":"","title_size":80,"text":"","text_size":130,"text_align":"center","button_label":"","button_link":"","open_new_window_button":false,"color_overlay":"rgba(0,0,0,0)","title_color":"rgba(0,0,0,0)","text_color":"rgba(0,0,0,0)","color_button":"rgba(0,0,0,0)","background_button":"rgba(0,0,0,0)","color_button_hover":"rgba(0,0,0,0)","background_button_hover":"rgba(0,0,0,0)"}},"46cd7b3b-c368-4c50-8219-83cfc2f9b2ce":{"type":"media","settings":{"image_link":"","open_new_window":false,"video_url":"","enable_video_autoplay":true,"video_alt_text":"","content_position":"center","overlay_opacity":0,"number_of_columns":1,"number_of_row":1,"title":"","title_size":80,"text":"","text_size":130,"text_align":"center","button_label":"","button_link":"","open_new_window_button":false,"color_overlay":"rgba(0,0,0,0)","title_color":"rgba(0,0,0,0)","text_color":"rgba(0,0,0,0)","color_button":"rgba(0,0,0,0)","background_button":"rgba(0,0,0,0)","color_button_hover":"rgba(0,0,0,0)","background_button_hover":"rgba(0,0,0,0)"}},"33391a7e-7b77-48d4-929c-2ab05ce46c4a":{"type":"media","settings":{"image_link":"","open_new_window":false,"video_url":"","enable_video_autoplay":true,"video_alt_text":"","content_position":"center","overlay_opacity":0,"number_of_columns":1,"number_of_row":1,"title":"","title_size":80,"text":"","text_size":130,"text_align":"center","button_label":"","button_link":"","open_new_window_button":false,"color_overlay":"rgba(0,0,0,0)","title_color":"rgba(0,0,0,0)","text_color":"rgba(0,0,0,0)","color_button":"rgba(0,0,0,0)","background_button":"rgba(0,0,0,0)","color_button_hover":"rgba(0,0,0,0)","background_button_hover":"rgba(0,0,0,0)"}},"3927fc09-7dfb-47a0-9a18-6804f391adbb":{"type":"media","settings":{"image_link":"","open_new_window":false,"video_url":"","enable_video_autoplay":true,"video_alt_text":"","content_position":"center","overlay_opacity":0,"number_of_columns":1,"number_of_row":1,"title":"","title_size":80,"text":"","text_size":130,"text_align":"center","button_label":"","button_link":"","open_new_window_button":false,"color_overlay":"rgba(0,0,0,0)","title_color":"rgba(0,0,0,0)","text_color":"rgba(0,0,0,0)","color_button":"rgba(0,0,0,0)","background_button":"rgba(0,0,0,0)","color_button_hover":"rgba(0,0,0,0)","background_button_hover":"rgba(0,0,0,0)"}}},"block_order":["template--15967811698788__030ed80b-a8e2-407f-8bed-5be67e87a44a-media-1","template--15967811698788__030ed80b-a8e2-407f-8bed-5be67e87a44a-media-2","template--15967811698788__030ed80b-a8e2-407f-8bed-5be67e87a44a-media-3","46cd7b3b-c368-4c50-8219-83cfc2f9b2ce","33391a7e-7b77-48d4-929c-2ab05ce46c4a","3927fc09-7dfb-47a0-9a18-6804f391adbb"],"settings":{"heading":"JOIN US OF #EURUS KIDS INSTAGRAM","heading_size":70,"heading_alignment":"left","max_columns":6,"spacing":4,"height_desktop":300,"show_section_divider":false,"full_width":true,"padding_full_width":false,"padding_top":32,"padding_bottom":0,"min_columns_mobile":"1","spacing_mobile":4,"height_mobile":230,"show_section_divider_mobile":false,"full_width_mobile":true,"padding_top_mobile":28,"padding_bottom_mobile":0}}},"order":["main","644ca7b8-b624-4dcc-a0b8-47fc27ddfdb5","f60cd595-f4e4-4982-8dc1-4c540a4c79a9","889982f1-ac32-483f-ab1c-597fce6e8ec1","product-recommendations","f3b29261-bf09-4401-8af1-2d1157489705","030ed80b-a8e2-407f-8bed-5be67e87a44a"]}