{"sections":{"main":{"type":"main-product","blocks":{"badges":{"type":"badges","settings":{}},"price":{"type":"price","settings":{"show_tax_and_shipping":false}},"ffacb41b-c15e-41ee-864a-cfbf155d407d":{"type":"estimate_delivery","settings":{"message":"<p>Estimated delivery between <strong>earliest_delivery_date and latest_delivery_date.<\/strong><\/p>","tooltip_text":"","tooltip_icon":"none","custom_icon":"","tooltip_icon_position":"left","tooltip_message":"","show_background":true,"box_type":"square","background_color_light":"#e4edfa","message_color_light":"#568ddd","background_color_dark":"rgba(0,0,0,0)","message_color_dark":"rgba(0,0,0,0)","bg_tooltip_color_light":"rgba(0,0,0,0)","tooltip_color_light":"rgba(0,0,0,0)","bg_tooltip_color_dark":"rgba(0,0,0,0)","tooltip_color_dark":"rgba(0,0,0,0)"}},"variant_picker":{"type":"variant_picker","settings":{"picker_type":"button","show_variant_option":true,"enable_color_swatches":true}},"quantity_selector":{"type":"quantity_selector","settings":{}},"gift_wrapping_wnrwiW":{"type":"gift_wrapping","settings":{"text_gift":"","color_icon_light":"rgba(0,0,0,0)","color_icon_dark":"rgba(0,0,0,0)"}},"buy_buttons":{"type":"buy_buttons","settings":{"show_dynamic_checkout":true,"show_gift_card_recipient":true,"pickup_availability":true,"preorder_show":"no","preorder_button_label":"Pre-order","preorder_message":"<p>This product will be available for sale in 2 weeks, but you can pre-order now to receive 10% discount!<\/p>","preorder_show_dynamic_button":false,"show_background":false,"box_type":"square","background_color_light":"rgba(0,0,0,0)","message_color_light":"rgba(0,0,0,0)","background_color_dark":"rgba(0,0,0,0)","message_color_dark":"rgba(0,0,0,0)"}},"description":{"type":"description","settings":{"show_in_tab":true,"open_by_default":true}},"complementary_KhmEAF":{"type":"complementary","settings":{"heading":"Buy It With","show_tab":false,"show_background":true,"max_product_show":4,"number_product_per_page":2,"enable_carousel_desktop":true,"enable_swiper_mobile":true,"image_ratio":"square","show_vendor":false,"show_product_rating":false}},"collapsible-row-1":{"type":"collapsible_tab","settings":{"heading":"Benefit","tab_content":"<p>Share information about your brand with your customers. Describe a product, make announcements, or welcome customers to your store.<\/p>","open_by_default":false}},"collapsible_tab_z6n7NR":{"type":"collapsible_tab","settings":{"heading":"Ingredients","tab_content":"<p>Share information about your brand with your customers. Describe a product, make announcements, or welcome customers to your store.<\/p>","open_by_default":false}},"collapsible_tab_m3Fgn6":{"type":"collapsible_tab","settings":{"heading":"Shipping & Returns","tab_content":"<p>Share information about your brand with your customers. Describe a product, make announcements, or welcome customers to your store.<\/p>","open_by_default":false}},"social-sharing":{"type":"social_sharing","settings":{}},"sticky-atc":{"type":"sticky_add_to_cart","settings":{"desktop_display_type":"full_width","show_quantity_selector":false}}},"block_order":["badges","price","ffacb41b-c15e-41ee-864a-cfbf155d407d","variant_picker","quantity_selector","gift_wrapping_wnrwiW","buy_buttons","description","complementary_KhmEAF","collapsible-row-1","collapsible_tab_z6n7NR","collapsible_tab_m3Fgn6","social-sharing","sticky-atc"],"settings":{"enable_sticky_image":true,"show_product_name":true,"title_size":100,"show_vendor":false,"desktop_layout":"left","desktop_media_layout":"stacked","show_arrow_button":true,"mobile_media_size":"full_width","show_thumnail_mobile":false,"image_ratio":"3\/4","thumbnail_position":"horizontal","enable_image_zoom":false,"enable_video_autoplay":false,"enable_video_loop":false,"show_first_image_avaiable":true,"show_breadcrumbs":true,"show_breadcrumbs_border":true,"full_width_breadcrumb":false,"desktop_content_alignment":"text-center","mobile_content_alignment":"text-center","background_color_light":"rgba(0,0,0,0)","text_color_light":"rgba(0,0,0,0)","textlink_color_light":"rgba(0,0,0,0)","background_color_dark":"rgba(0,0,0,0)","text_color_dark":"rgba(0,0,0,0)","textlink_color_dark":"rgba(0,0,0,0)","full_width":false,"spacing_col":"small","padding_top":60,"padding_bottom":80,"padding_top_mobile":40,"padding_bottom_mobile":32}},"product-recommendations":{"type":"product-recommendations","disabled":true,"settings":{"heading":"You May Also Like...","heading_size":100,"heading_alignment":"center","products_to_show":5,"background_color_light":"","background_color_dark":"","show_vendor":false,"show_rating":true,"show_quickview":true,"enable_carousel_desktop":false,"enable_swiper_mobile":true,"columns_desktop":5,"full_width":true,"show_section_divider":false,"spacing":28,"padding_top":56,"padding_bottom":88,"columns_mobile":"1","show_section_divider_mobile":false,"spacing_mobile":16,"padding_top_mobile":0,"padding_bottom_mobile":20}},"scrolling_banner_6KKwkr":{"type":"scrolling-banner","blocks":{"text_GdAaGf":{"type":"text","settings":{"text":"FREE SHIPPING & RETURNS","text_size":180,"text_color":"primary","spacing_left":0,"spacing_right":0,"spacing_left_mobile":0,"spacing_right_mobile":0}},"text_Ne4H7h":{"type":"text","settings":{"text":"FREE SHIPPING & RETURNS","text_size":180,"text_color":"primary","spacing_left":0,"spacing_right":0,"spacing_left_mobile":0,"spacing_right_mobile":0}}},"block_order":["text_GdAaGf","text_Ne4H7h"],"settings":{"show_border":true,"speed":20,"direction":"right","pause_hover":true,"bg_light":"rgba(0,0,0,0)","color_text_light":"rgba(0,0,0,0)","color_text_light_2":"rgba(0,0,0,0)","bg_dark":"rgba(0,0,0,0)","color_text_dark":"rgba(0,0,0,0)","color_text_dark_2":"rgba(0,0,0,0)","space_block":60,"padding_top":32,"padding_bottom":32,"space_block_mobile":50,"padding_top_mobile":16,"padding_bottom_mobile":16}},"faq_6pAmjT":{"type":"faq","blocks":{"frequently_asked_question_brPFf6":{"type":"frequently_asked_question","settings":{"icon":"none","custom_icon":"","heading":"Hero Ingredients","row_content":"<p>organic hibiscus sabdariffa (hibiscus) flower extract, albizia julibrissin (persian silk tree) bark extract, sclerocarya birrea (marula) seed oil<\/p>"}},"frequently_asked_question_GVhmJg":{"type":"frequently_asked_question","settings":{"icon":"none","custom_icon":"","heading":"Carriers","row_content":"<p>organic hibiscus sabdariffa (hibiscus) flower extract, albizia julibrissin (persian silk tree) bark extract, sclerocarya birrea (marula) seed oil<\/p>"}},"frequently_asked_question_MMtCJR":{"type":"frequently_asked_question","settings":{"icon":"none","custom_icon":"","heading":"Stabilizers","row_content":"<p>Use this text to answer questions in as much detail as possible for your customers.<\/p>"}},"frequently_asked_question_TW6Leb":{"type":"frequently_asked_question","settings":{"icon":"none","custom_icon":"","heading":"Humectants","row_content":"<p>Use this text to answer questions in as much detail as possible for your customers.<\/p>"}},"frequently_asked_question_VNQHGC":{"type":"frequently_asked_question","settings":{"icon":"none","custom_icon":"","heading":"Emollients","row_content":"<p>Use this text to answer questions in as much detail as possible for your customers.<\/p>"}},"frequently_asked_question_TAyQqV":{"type":"frequently_asked_question","settings":{"icon":"none","custom_icon":"","heading":"Emlsifiers","row_content":"<p>Use this text to answer questions in as much detail as possible for your customers.<\/p>"}},"frequently_asked_question_G4wPzT":{"type":"frequently_asked_question","settings":{"icon":"none","custom_icon":"","heading":"Preservatives","row_content":"<p>Use this text to answer questions in as much detail as possible for your customers.<\/p>"}},"frequently_asked_question_BMDPRD":{"type":"frequently_asked_question","settings":{"icon":"none","custom_icon":"","heading":"Occlusives","row_content":"<p>Use this text to answer questions in as much detail as possible for your customers.<\/p>"}}},"block_order":["frequently_asked_question_brPFf6","frequently_asked_question_GVhmJg","frequently_asked_question_MMtCJR","frequently_asked_question_TW6Leb","frequently_asked_question_VNQHGC","frequently_asked_question_TAyQqV","frequently_asked_question_G4wPzT","frequently_asked_question_BMDPRD"],"settings":{"heading":"FORMULA FACTS","heading_size":100,"heading_alignment":"center","row_background":false,"collapsible":true,"show_view_all":false,"view_all_position":"top","button_link":"","open_new_window":false,"background_color_light":"rgba(0,0,0,0)","background_color_dark":"rgba(0,0,0,0)","desktop_layout":"2","image_alignment":"left","desktop_height":"400px","show_section_divider":false,"make_full_page_width":false,"padding_top":88,"padding_bottom":16,"image_alignment_mobile":"left","mobile_height":"250px","show_section_divider_mobile":false,"padding_top_mobile":60,"padding_bottom_mobile":28}},"products_bundle_ABDNXW":{"type":"products-bundle","settings":{"heading":"COMPLETE YOUR ROUTINE","heading_size":100,"subheading":"EXPLORE OUR BESTSELLERS","heading_alignment":"center","button_atb_label":"ADD TO BUNDLE","collection":"","product_to_show":3,"products":[],"each_product_can_added_to_bundle_once":true,"minimum_items":3,"discount_type":"percentage","discount_value":"","apply_discount_once_per_order":false,"summary_position":"right","bundler_heading":"Bundle Contents","bundler_text":"Add 3 items to get 30% Off","background_color_light":"rgba(0,0,0,0)","title_color":"rgba(0,0,0,0)","text_light":"rgba(0,0,0,0)","button_light":"rgba(0,0,0,0)","button_text_light":"rgba(0,0,0,0)","button_hover_light":"rgba(0,0,0,0)","button_text_hover_light":"rgba(0,0,0,0)","line_border":"rgba(0,0,0,0)","background_color_dark":"rgba(0,0,0,0)","title_color_dark":"rgba(0,0,0,0)","text_dark":"rgba(0,0,0,0)","button_dark":"rgba(0,0,0,0)","button_text_dark":"rgba(0,0,0,0)","button_hover_dark":"rgba(0,0,0,0)","button_text_hover_dark":"rgba(0,0,0,0)","line_border_dark":"rgba(0,0,0,0)","spacing":30,"show_section_divider":false,"full_width":false,"padding_top":80,"padding_bottom":28,"spacing_mobile":4,"show_section_divider_mobile":false,"padding_top_mobile":40,"padding_bottom_mobile":28}},"image_with_text_KLrat9":{"type":"image-with-text","blocks":{"heading_9GNPBQ":{"type":"heading","settings":{"subheading":"","heading":"PRODUCT BENEFITS","heading_base_size":100,"text":"<p>- Oil-free formula allows this serum to provide weightless hydration for all skin typesHyaluronic Acid has 3 benefits:<\/p><p>- Locks moisture into the skin and increases hydration<br\/><br\/>- Penetrates skin deeper by using lower molecular weight<br\/><br\/>- Reduces signs of ageing by plumping up fine lines and wrinkles<\/p>","heading_light":"rgba(0,0,0,0)","text_light":"rgba(0,0,0,0)","heading_dark":"rgba(0,0,0,0)","text_dark":"rgba(0,0,0,0)"}}},"block_order":["heading_9GNPBQ"],"settings":{"video_url":"","video_alt_text":"","enable_video_autoplay":false,"desktop_height":"550px","mobile_height":"400px","desktop_image_width":"medium","image_layout":"normal","image_corner_radius":0,"content_layout":"no-overlap","spacing_image":false,"text_position":"center","text_alignment":"start","background_color_light":"rgba(0,0,0,0)","background_color_dark":"rgba(0,0,0,0)","image_alignment":"left","full_width":true,"top_padding":72,"bottom_padding":0,"image_alignment_mobile":"left","full_width_mobile":false,"top_padding_mobile":40,"bottom_padding_mobile":0}},"image_with_text_CzTepg":{"type":"image-with-text","blocks":{"heading_cbz38D":{"type":"heading","settings":{"subheading":"","heading":"PRODUCT RESULTS","heading_base_size":100,"text":"<p>- 86.3% of people agreed that their skin felt less dry, and thoroughly hydrated.<br\/><br\/>- 84% of people agreed that their skin felt firmer.<br\/><br\/>- 80.5% of people noticed that noticed that their complexion looked more radiant.<br\/><br\/>- 72% of people noticed that their skin looked younger.<br\/><br\/>*Internal research conducted on a panel of Evolve Organic Beauty customers in 2020.<\/p>","heading_light":"rgba(0,0,0,0)","text_light":"rgba(0,0,0,0)","heading_dark":"rgba(0,0,0,0)","text_dark":"rgba(0,0,0,0)"}}},"block_order":["heading_cbz38D"],"settings":{"video_url":"","video_alt_text":"","enable_video_autoplay":false,"desktop_height":"550px","mobile_height":"400px","desktop_image_width":"medium","image_layout":"normal","image_corner_radius":0,"content_layout":"no-overlap","spacing_image":false,"text_position":"center","text_alignment":"start","background_color_light":"rgba(0,0,0,0)","background_color_dark":"rgba(0,0,0,0)","image_alignment":"right","full_width":true,"top_padding":4,"bottom_padding":0,"image_alignment_mobile":"left","full_width_mobile":false,"top_padding_mobile":0,"bottom_padding_mobile":0}},"flow_dUp3AJ":{"type":"flow","blocks":{"product_VcrWHP":{"type":"product","settings":{"product":"","heading":"Step 1: Cleanse","description":"<p>Use this section to show a list of product or collection features, guide your customers through a process or share customers' reviews and case studies.<\/p>","button_text":"View more","button_link":"","open_new_window_button":false}},"collection_9MnbyC":{"type":"collection","settings":{"collection":"","heading":"Step 2: Tone","description":"<p>Use this section to show a list of product or collection features, guide your customers through a process or share customers' reviews and case studies.<\/p>","button_text":"View more","button_link":"","open_new_window_button":false}},"media_zjUmjA":{"type":"media","settings":{"video_url":"","video_alt_text":"","enable_video_autoplay":false,"heading":"Step 3: Serum","description":"<p>Use this section to show a list of product or collection features, guide your customers through a process or share customers' reviews and case studies.<\/p>","button_text":"View more","button_link":"","open_new_window_button":false}},"media_zGGj6b":{"type":"media","settings":{"video_url":"","video_alt_text":"","enable_video_autoplay":false,"heading":"Step 4: Moisturise","description":"<p>Use this section to show a list of product or collection features, guide your customers through a process or share customers' reviews and case studies.<\/p>","button_text":"View more","button_link":"","open_new_window_button":false}},"media_3fD4YJ":{"type":"media","settings":{"video_url":"","video_alt_text":"","enable_video_autoplay":false,"heading":"Step 5: Eye","description":"<p>Use this section to show a list of product or collection features, guide your customers through a process or share customers' reviews and case studies.<\/p>","button_text":"View more","button_link":"","open_new_window_button":false}}},"block_order":["product_VcrWHP","collection_9MnbyC","media_zjUmjA","media_zGGj6b","media_3fD4YJ"],"settings":{"heading":"COMPLETE THE ROUTINE","heading_size":100,"heading_alignment":"center","content_position":"middle","content_alignment":"left","open_first_tab":true,"image_corner_radius":0,"heading_color":"rgba(0,0,0,0)","text_color":"rgba(0,0,0,0)","background_color":"rgba(0,0,0,0)","heading_color_dark":"rgba(0,0,0,0)","text_color_dark":"rgba(0,0,0,0)","background_color_dark":"rgba(0,0,0,0)","image_position":"second","full_width":true,"padding_full_width":true,"show_section_divider":false,"desktop_height":"650px","padding_top":92,"padding_bottom":0,"image_position_mobile":"second","full_width_mobile":false,"show_section_divider_mobile":false,"mobile_height":"300px","padding_top_mobile":60,"padding_bottom_mobile":28}},"889982f1-ac32-483f-ab1c-597fce6e8ec1":{"type":"featured-collection","blocks":{"template--21381747048749__889982f1-ac32-483f-ab1c-597fce6e8ec1-collection-1":{"type":"collection","settings":{"collection":"","show_description":false,"description":"","show_vendor":false,"show_rating":true,"show_quickview":true,"show_promotion":false,"promotion_position":"right","card_link":"","open_new_window":false,"enable_text_overlay":false,"overlay_opacity":20,"image_ratio":"150","heading":"","heading_size":100,"content":"","text_size":100,"content_alignment":"left","content_position":"bottom","button_label":"Discover more","button_link":"","open_new_window_button":false,"background_color":"rgba(0,0,0,0)","color_text":"#ffffff","color_button":"#ffffff","color_text_button":"#000000","color_button_hover":"rgba(0,0,0,0)","color_text_button_hover":"rgba(0,0,0,0)","color_button_secondary":"rgba(0,0,0,0)","secondary_button_text":"rgba(0,0,0,0)"}}},"block_order":["template--21381747048749__889982f1-ac32-483f-ab1c-597fce6e8ec1-collection-1"],"settings":{"title":"SUBSCRIBE & SAVE 10%","heading_size":100,"heading_alignment":"center","subheading":"EXPLORE OUR BESTSELLERS","text":"","show_view_all":false,"view_all_position":"top","title_size":120,"title_style":"none","enable_desktop_slider":true,"swiper_on_mobile":true,"auto_play":false,"change_slides_speed":5,"columns_desktop":4,"rows_desktop":1,"spacing":30,"full_width":true,"show_section_divider":false,"padding_top":100,"padding_bottom":60,"columns_mobile":"1","spacing_mobile":16,"full_width_mobile":false,"show_section_divider_mobile":false,"padding_top_mobile":40,"padding_bottom_mobile":12}}},"order":["main","product-recommendations","scrolling_banner_6KKwkr","faq_6pAmjT","products_bundle_ABDNXW","image_with_text_KLrat9","image_with_text_CzTepg","flow_dUp3AJ","889982f1-ac32-483f-ab1c-597fce6e8ec1"]}