{"sections":{"main":{"type":"main-product","blocks":{"badges":{"type":"badges","settings":{}},"price":{"type":"price","settings":{"show_tax_and_shipping":false}},"ffacb41b-c15e-41ee-864a-cfbf155d407d":{"type":"estimate_delivery","settings":{"message":"<p>Estimated delivery between <strong>earliest_delivery_date and latest_delivery_date.<\/strong><\/p>","tooltip_text":"","tooltip_icon":"none","custom_icon":"","tooltip_icon_position":"left","tooltip_message":"","show_background":true,"box_type":"square","background_color_light":"#e4edfa","message_color_light":"#568ddd","background_color_dark":"#e4edfa","message_color_dark":"#568ddd","bg_tooltip_color_light":"rgba(0,0,0,0)","tooltip_color_light":"rgba(0,0,0,0)","bg_tooltip_color_dark":"rgba(0,0,0,0)","tooltip_color_dark":"rgba(0,0,0,0)"}},"variant_picker":{"type":"variant_picker","settings":{"picker_type":"button","show_variant_option":true,"enable_color_swatches":true}},"quantity_selector":{"type":"quantity_selector","settings":{}},"buy_buttons":{"type":"buy_buttons","settings":{"show_dynamic_checkout":true,"show_gift_card_recipient":true,"pickup_availability":true,"preorder_show":"no","preorder_button_label":"Pre-order","preorder_message":"<p>This product will be available for sale in 2 weeks, but you can pre-order now to receive 10% discount!<\/p>","preorder_show_dynamic_button":false,"show_background":false,"box_type":"square","background_color_light":"rgba(0,0,0,0)","message_color_light":"rgba(0,0,0,0)","background_color_dark":"rgba(0,0,0,0)","message_color_dark":"rgba(0,0,0,0)"}},"description":{"type":"description","settings":{"show_in_tab":true,"open_by_default":false}},"026b3484-2b6b-4f17-9682-27e1a56b9601":{"type":"complementary","settings":{"heading":"Complete the look","show_tab":false,"show_background":true,"max_product_show":4,"number_product_per_page":2,"enable_carousel_desktop":true,"enable_swiper_mobile":true,"image_ratio":"square","show_vendor":false,"show_product_rating":false}},"collapsible-row-0":{"type":"collapsible_tab","settings":{"heading":"Returns + Exchanges","tab_content":"<p>Share information about your brand with your customers. Describe a product, make announcements, or welcome customers to your store.<\/p>","open_by_default":false}},"collapsible-row-1":{"type":"collapsible_tab","settings":{"heading":"Giving Back","tab_content":"<p>Share information about your brand with your customers. Describe a product, make announcements, or welcome customers to your store.<\/p>","open_by_default":false}},"9f5fabdc-5189-44cc-a67e-a6b77ec15fdc":{"type":"back_in_stock_alert","settings":{"show_when_product_unavailable":false,"heading":"Back in stock","text_info":"<p>Sign up to be the first to know when it’s back in stock.<\/p>","button_label":"Send","text_success":"Thank you for signing up. We'll get back to you as soon as possible."}},"social-sharing":{"type":"social_sharing","settings":{}},"sticky-atc":{"type":"sticky_add_to_cart","settings":{"desktop_display_type":"full_width","show_quantity_selector":false}}},"block_order":["badges","price","ffacb41b-c15e-41ee-864a-cfbf155d407d","variant_picker","quantity_selector","buy_buttons","description","026b3484-2b6b-4f17-9682-27e1a56b9601","collapsible-row-0","collapsible-row-1","9f5fabdc-5189-44cc-a67e-a6b77ec15fdc","social-sharing","sticky-atc"],"settings":{"enable_sticky_image":true,"show_product_name":true,"title_size":100,"show_vendor":false,"desktop_layout":"left","desktop_media_layout":"stacked","show_arrow_button":true,"mobile_media_size":"full_width","show_thumnail_mobile":false,"image_ratio":"natural","thumbnail_position":"horizontal","enable_image_zoom":false,"enable_video_autoplay":false,"enable_video_loop":false,"show_first_image_avaiable":true,"show_breadcrumbs":true,"show_breadcrumbs_border":true,"full_width_breadcrumb":true,"desktop_content_alignment":"text-center","mobile_content_alignment":"text-center","background_color_light":"rgba(0,0,0,0)","text_color_light":"rgba(0,0,0,0)","textlink_color_light":"rgba(0,0,0,0)","background_color_dark":"rgba(0,0,0,0)","text_color_dark":"rgba(0,0,0,0)","textlink_color_dark":"rgba(0,0,0,0)","full_width":true,"spacing_col":"small","padding_top":60,"padding_bottom":80,"padding_top_mobile":40,"padding_bottom_mobile":28}},"a4415918-c557-4c04-9acc-78592197ebeb":{"type":"multicolumn","blocks":{"template--16227738386592__a4415918-c557-4c04-9acc-78592197ebeb-column-1":{"type":"column","settings":{"icon":"truck","custom_icon":"","title":"Free Shipping","title_link":"","open_new_window":false,"heading_size":120,"text":"<p>Free Shipping For Orders Over $130<\/p>"}},"template--16227738386592__a4415918-c557-4c04-9acc-78592197ebeb-column-3":{"type":"column","settings":{"icon":"box","custom_icon":"","title":"Big Saving","title_link":"","open_new_window":false,"heading_size":120,"text":"<p>Big Saving On First Order Over $99.99<\/p>"}},"template--16227738386592__a4415918-c557-4c04-9acc-78592197ebeb-column-2":{"type":"column","settings":{"icon":"chat-bubble","custom_icon":"","title":"Online Support","title_link":"","open_new_window":false,"heading_size":120,"text":"<p>24 Hours A Day, 7 Days A Week<\/p>"}},"04286afd-6c86-4011-b8eb-5c4d1fe9720a":{"type":"column","settings":{"icon":"check-mark","custom_icon":"","title":"Flexible Payment","title_link":"","open_new_window":false,"heading_size":120,"text":"<p>Pay With Multiple Credit Cards<\/p>"}}},"block_order":["template--16227738386592__a4415918-c557-4c04-9acc-78592197ebeb-column-1","template--16227738386592__a4415918-c557-4c04-9acc-78592197ebeb-column-3","template--16227738386592__a4415918-c557-4c04-9acc-78592197ebeb-column-2","04286afd-6c86-4011-b8eb-5c4d1fe9720a"],"settings":{"title":"","heading_size":100,"secondary_background":"section","border_column":"line_vertical","column_content_alignment":"start","icon_position":"above","icon_size":36,"enable_desktop_slider":false,"swiper_on_mobile":true,"change_bar_every":3,"background_color_light":"rgba(0,0,0,0)","heading_light":"rgba(0,0,0,0)","text_light":"rgba(0,0,0,0)","line_border_light":"rgba(0,0,0,0)","color_icon_light":"#c2a27a","background_color_dark":"rgba(0,0,0,0)","heading_dark":"rgba(0,0,0,0)","text_dark":"rgba(0,0,0,0)","line_border_dark":"rgba(0,0,0,0)","color_icon_dark":"#c2a27a","column_layout_desktop":"lg:w-1\/4","section_height_desktop":"md:py-0","spacing_desktop":40,"full_width":false,"padding_full_width":false,"show_section_divider":false,"padding_top":56,"padding_bottom":56,"column_layout_mobile":"w-full","section_height_mobile":"py-0","spacing_mobile":0,"full_width_mobile":true,"show_section_divider_mobile":false,"padding_top_mobile":20,"padding_bottom_mobile":20}},"product-recommendations":{"type":"product-recommendations","settings":{"heading":"You May Also Like...","heading_size":110,"heading_alignment":"center","products_to_show":8,"background_color_light":"","background_color_dark":"","show_vendor":false,"show_rating":true,"show_quickview":true,"enable_carousel_desktop":true,"enable_swiper_mobile":true,"columns_desktop":4,"full_width":true,"show_section_divider":false,"spacing":4,"padding_top":56,"padding_bottom":88,"columns_mobile":"2","show_section_divider_mobile":false,"spacing_mobile":20,"padding_top_mobile":52,"padding_bottom_mobile":20}}},"order":["main","a4415918-c557-4c04-9acc-78592197ebeb","product-recommendations"]}