{"sections":{"main":{"type":"main-product","blocks":{"rating_AeRdFJ":{"type":"rating","settings":{}},"product_name_xkPbAa":{"type":"product_name","settings":{"title_size":100}},"price":{"type":"price","settings":{"show_tax_and_shipping":false}},"ffacb41b-c15e-41ee-864a-cfbf155d407d":{"type":"estimate_delivery","settings":{"message":"<p>Estimated delivery between <strong>earliest_delivery_date and latest_delivery_date.<\/strong><\/p>","tooltip_text":"","tooltip_icon":"none","custom_icon":"","tooltip_icon_position":"left","tooltip_message":"","show_background":true,"box_type":"square","background_color_light":"#e4edfa","message_color_light":"#568ddd","background_color_dark":"rgba(0,0,0,0)","message_color_dark":"rgba(0,0,0,0)","bg_tooltip_color_light":"rgba(0,0,0,0)","tooltip_color_light":"rgba(0,0,0,0)","bg_tooltip_color_dark":"rgba(0,0,0,0)","tooltip_color_dark":"rgba(0,0,0,0)"}},"variant_picker":{"type":"variant_picker","settings":{"picker_type":"button","show_variant_option":true,"enable_color_swatches":true}},"quantity_selector":{"type":"quantity_selector","settings":{}},"gift_wrapping_EK3NQn":{"type":"gift_wrapping","settings":{"text_gift":"","color_icon_light":"rgba(0,0,0,0)","color_icon_dark":"rgba(0,0,0,0)"}},"buy_buttons":{"type":"buy_buttons","settings":{"show_dynamic_checkout":true,"show_gift_card_recipient":true,"pickup_availability":false,"preorder_show":"no","preorder_button_label":"Pre-order","preorder_message":"<p>This product will be available for sale in 2 weeks, but you can pre-order now to receive 10% discount!<\/p>","preorder_show_dynamic_button":false,"show_background":false,"box_type":"square","background_color_light":"rgba(0,0,0,0)","message_color_light":"rgba(0,0,0,0)","background_color_dark":"rgba(0,0,0,0)","message_color_dark":"rgba(0,0,0,0)"}},"feature_icon_99BxnX":{"type":"feature_icon","settings":{"heading_size":110,"icon_size":30,"border_column":"none","content_alignment":"start","background_color_light":"rgba(0,0,0,0)","heading_light":"rgba(0,0,0,0)","text_light":"rgba(0,0,0,0)","line_border_light":"rgba(0,0,0,0)","color_icon_light":"rgba(0,0,0,0)","background_color_dark":"rgba(0,0,0,0)","heading_dark":"rgba(0,0,0,0)","text_dark":"rgba(0,0,0,0)","line_border_dark":"rgba(0,0,0,0)","color_icon_dark":"rgba(0,0,0,0)","icon_1":"none","custom_icon_1":"","title_1":"BENEFITS","text_1":"<ul><li>Anti-Aging<\/li><li>Firms<\/li><li>Moisturizes<\/li><\/ul>","link_1":"","open_new_window_1":false,"icon_2":"none","custom_icon_2":"","title_2":"SKIN TYPES","text_2":"<ul><li>Mature<\/li><li>Dry<\/li><li>Sensitive<\/li><\/ul>","link_2":"","open_new_window_2":false,"icon_3":"none","custom_icon_3":"","title_3":"SCENT PROFILE","text_3":"<p>Fragrance-free<\/p>","link_3":"","open_new_window_3":false,"icon_4":"truck","custom_icon_4":"","title_4":"","text_4":"","link_4":"","open_new_window_4":false,"icon_5":"truck","custom_icon_5":"","title_5":"","text_5":"","link_5":"","open_new_window_5":false,"icon_6":"truck","custom_icon_6":"","title_6":"","text_6":"","link_6":"","open_new_window_6":false}},"description":{"type":"description","settings":{"show_in_tab":true,"open_by_default":true}},"complementary_XCwmDV":{"type":"complementary","settings":{"heading":"Buy It With","show_tab":false,"show_background":true,"max_product_show":4,"number_product_per_page":2,"enable_carousel_desktop":true,"enable_swiper_mobile":true,"image_ratio":"square","show_vendor":false,"show_product_rating":false}},"collapsible-row-1":{"type":"collapsible_tab","settings":{"heading":"Returns + Exchanges","tab_content":"<p>Share information about your brand with your customers. Describe a product, make announcements, or welcome customers to your store.<\/p>","open_by_default":false}},"collapsible-row-0":{"type":"collapsible_tab","settings":{"heading":"Giving Back","tab_content":"<p>Share information about your brand with your customers. Describe a product, make announcements, or welcome customers to your store.<\/p>","open_by_default":false}},"social-sharing":{"type":"social_sharing","settings":{}},"sticky-atc":{"type":"sticky_add_to_cart","settings":{"desktop_display_type":"full_width","show_quantity_selector":false}}},"block_order":["rating_AeRdFJ","product_name_xkPbAa","price","ffacb41b-c15e-41ee-864a-cfbf155d407d","variant_picker","quantity_selector","gift_wrapping_EK3NQn","buy_buttons","feature_icon_99BxnX","description","complementary_XCwmDV","collapsible-row-1","collapsible-row-0","social-sharing","sticky-atc"],"settings":{"enable_sticky_image":true,"show_product_name":false,"title_size":100,"show_vendor":false,"desktop_layout":"left","desktop_media_layout":"thumbnail_slider","show_arrow_button":true,"mobile_media_size":"full_width","show_thumnail_mobile":false,"image_ratio":"3\/4","thumbnail_position":"vertical","enable_image_zoom":false,"enable_video_autoplay":false,"enable_video_loop":false,"show_first_image_avaiable":true,"show_breadcrumbs":true,"show_breadcrumbs_border":true,"full_width_breadcrumb":true,"desktop_content_alignment":"text-center","mobile_content_alignment":"text-center","background_color_light":"rgba(0,0,0,0)","text_color_light":"rgba(0,0,0,0)","textlink_color_light":"rgba(0,0,0,0)","background_color_dark":"rgba(0,0,0,0)","text_color_dark":"rgba(0,0,0,0)","textlink_color_dark":"rgba(0,0,0,0)","full_width":true,"spacing_col":"small","padding_top":60,"padding_bottom":40,"padding_top_mobile":40,"padding_bottom_mobile":28}},"product-recommendations":{"type":"product-recommendations","disabled":true,"settings":{"heading":"You May Also Like...","heading_size":100,"heading_alignment":"center","products_to_show":5,"background_color_light":"","background_color_dark":"","show_vendor":false,"show_rating":true,"show_quickview":true,"enable_carousel_desktop":false,"enable_swiper_mobile":true,"columns_desktop":5,"full_width":true,"show_section_divider":false,"spacing":28,"padding_top":56,"padding_bottom":88,"columns_mobile":"1","show_section_divider_mobile":false,"spacing_mobile":16,"padding_top_mobile":0,"padding_bottom_mobile":20}},"text_column_with_image_MUhrhK":{"type":"text-column-with-image","blocks":{"column_TgNpUJ":{"type":"column","settings":{"sub_title":"","title":"Sambucus Nigra","heading_size":120,"text":"<p>It grows in a variety of conditions including both wet and dry fertile soils, primarily in sunny locations. The plant is widely grown as an ornamental shrub or small tree.<\/p>","button_label":"","button_link":"","open_new_window":false}},"column_LQUGMe":{"type":"column","settings":{"sub_title":"","title":"Vitis Vinifera","heading_size":120,"text":"<p>Vitis vinifera, the common grape vine, is a species of flowering plant, native to the Mediterranean region, Central Europe, and southwestern Asia, from Morocco.<\/p>","button_label":"","button_link":"","open_new_window":false}},"column_be7djG":{"type":"column","settings":{"sub_title":"","title":"Fragrance","heading_size":120,"text":"<p>For an individual chemical or class of chemical compounds to impart a smell or fragrance, it must be sufficiently volatile for transmission via the air to the olfactory system.<\/p>","button_label":"","button_link":"","open_new_window":false}},"column_bDmkCU":{"type":"column","settings":{"sub_title":"","title":"Jojoba Oil","heading_size":120,"text":"<p>The inner flesh of the mature seed, as well as the coconut milk extracted from it, form a regular part of the diets of many people in the tropics and subtropics.<\/p>","button_label":"","button_link":"","open_new_window":false}}},"block_order":["column_TgNpUJ","column_LQUGMe","column_be7djG","column_bDmkCU"],"settings":{"title":"KEY INGREDIENTS","heading_size":100,"secondary_background":"column","image_ratio":"75%","rounded_corner_image":false,"column_content_alignment":"start","background_color_light":"rgba(0,0,0,0)","heading_light":"rgba(0,0,0,0)","text_light":"rgba(0,0,0,0)","background_color_dark":"rgba(0,0,0,0)","heading_dark":"rgba(0,0,0,0)","text_dark":"rgba(0,0,0,0)","column_layout_desktop":"lg:w-1\/4","spacing_desktop":28,"full_width":true,"padding_full_width":true,"show_section_divider":false,"padding_top":100,"padding_bottom":0,"column_layout_mobile":"w-full","spacing_mobile":16,"full_width_mobile":false,"show_section_divider_mobile":false,"padding_top_mobile":20,"padding_bottom_mobile":20}},"featured_collection_z9r7qr":{"type":"featured-collection","blocks":{"collection_zaYYJA":{"type":"collection","settings":{"collection":"","show_description":true,"description":"","show_vendor":false,"show_rating":false,"show_quickview":true,"show_promotion":false,"promotion_position":"left","card_link":"","open_new_window":false,"enable_text_overlay":false,"overlay_opacity":0,"image_ratio":"100","heading":"Featured collection","heading_size":70,"content":"<p>10% OFF<\/p>","text_size":100,"content_alignment":"center","content_position":"bottom","button_label":"See more","button_link":"","open_new_window_button":false,"background_color":"rgba(0,0,0,0)","color_text":"rgba(0,0,0,0)","color_button":"rgba(0,0,0,0)","color_text_button":"rgba(0,0,0,0)","color_button_hover":"rgba(0,0,0,0)","color_text_button_hover":"rgba(0,0,0,0)","color_button_secondary":"rgba(0,0,0,0)","secondary_button_text":"rgba(0,0,0,0)"}}},"block_order":["collection_zaYYJA"],"settings":{"title":"SUBSCRIBE & SAVE 10%","heading_size":100,"heading_alignment":"center","subheading":"EXPLORE OUR BESTSELLERS","text":"","show_view_all":false,"view_all_position":"top","title_size":120,"title_style":"none","enable_desktop_slider":false,"swiper_on_mobile":false,"auto_play":false,"change_slides_speed":5,"columns_desktop":4,"rows_desktop":1,"spacing":30,"full_width":true,"show_section_divider":false,"padding_top":100,"padding_bottom":80,"columns_mobile":"2","spacing_mobile":16,"full_width_mobile":false,"show_section_divider_mobile":false,"padding_top_mobile":60,"padding_bottom_mobile":0}},"331e6fca-2947-4a19-89c5-9396be0d666a":{"type":"multicolumn","blocks":{"template--21918975852859__331e6fca-2947-4a19-89c5-9396be0d666a-column-1":{"type":"column","settings":{"icon":"flower","custom_icon":"","title":"SKINCARE BENEFITS","title_link":"","open_new_window":false,"heading_size":100,"text":"<p>EWG VERIFIED™, made with 99.9%+ natural origin ingredients* including phytoglycogen.<\/p>"}},"template--21918975852859__331e6fca-2947-4a19-89c5-9396be0d666a-column-2":{"type":"column","settings":{"icon":"planet","custom_icon":"","title":"PLASTIC-FREE MAKEUP","title_link":"","open_new_window":false,"heading_size":100,"text":"<p>Eco-innovative plastic-free packaging made from FSC-certified biodegradable cardboard.<\/p>"}},"template--21918975852859__331e6fca-2947-4a19-89c5-9396be0d666a-column-3":{"type":"column","settings":{"icon":"star","custom_icon":"","title":"NATURAL GLOWY LOOK","title_link":"","open_new_window":false,"heading_size":100,"text":"<p>EWG VERIFIED™, made with 99.9%+ natural origin ingredients* including phytoglycogen.<\/p>"}},"template--21918975852859__331e6fca-2947-4a19-89c5-9396be0d666a-column-4":{"type":"column","settings":{"icon":"cloud-rain","custom_icon":"","title":"SWIPE, BLEND, GO","title_link":"","open_new_window":false,"heading_size":100,"text":"<p>Buildable makeup sticks that blend naturally for all skin tones. Swipe, blend, go!<\/p>"}}},"block_order":["template--21918975852859__331e6fca-2947-4a19-89c5-9396be0d666a-column-1","template--21918975852859__331e6fca-2947-4a19-89c5-9396be0d666a-column-2","template--21918975852859__331e6fca-2947-4a19-89c5-9396be0d666a-column-3","template--21918975852859__331e6fca-2947-4a19-89c5-9396be0d666a-column-4"],"settings":{"title":"","heading_size":100,"secondary_background":"section","border_column":"none","column_content_alignment":"center","icon_position":"above","icon_size":45,"enable_desktop_slider":false,"swiper_on_mobile":true,"change_bar_every":5,"background_color_light":"#eae1d2","heading_light":"rgba(0,0,0,0)","text_light":"rgba(0,0,0,0)","line_border_light":"#eae1d2","color_icon_light":"rgba(0,0,0,0)","background_color_dark":"#2a2a2a","heading_dark":"rgba(0,0,0,0)","text_dark":"rgba(0,0,0,0)","line_border_dark":"rgba(0,0,0,0)","color_icon_dark":"rgba(0,0,0,0)","column_layout_desktop":"lg:w-1\/4","section_height_desktop":"md:py-7","spacing_desktop":28,"full_width":false,"padding_full_width":false,"show_section_divider":false,"padding_top":28,"padding_bottom":28,"column_layout_mobile":"w-full","section_height_mobile":"py-5","spacing_mobile":16,"full_width_mobile":true,"show_section_divider_mobile":false,"padding_top_mobile":20,"padding_bottom_mobile":20}},"31318fc4-4c4e-4f2e-aca5-a42a85b71d86":{"type":"collage","blocks":{"57ce0b54-e71f-4fe1-900c-12e795e7ce1a":{"type":"image","settings":{"overlay_opacity":0,"image_link":"","open_new_window":false,"image_padding":false,"number_of_columns":2,"number_of_row":2,"title":"","title_size":80,"text":"","text_size":100,"button_label":"","button_link":"","open_new_window_button":false,"text_align":"center","content_position":"center","title_color":"rgba(0,0,0,0)","text_color":"rgba(0,0,0,0)","color_button":"rgba(0,0,0,0)","color_text_button":"rgba(0,0,0,0)","color_button_hover":"rgba(0,0,0,0)","color_text_button_hover":"rgba(0,0,0,0)","color_button_secondary":"rgba(0,0,0,0)","secondary_button_text":"rgba(0,0,0,0)"}},"template--21828924539181__31318fc4-4c4e-4f2e-aca5-a42a85b71d86-product-1":{"type":"product","settings":{"product":"","show_quickview":true,"info_alignment":"center","desktop_size":"large","number_of_columns":1,"number_of_row":1}},"95e16f52-9d60-462b-b185-c91fb31cc11c":{"type":"product","settings":{"product":"","show_quickview":true,"info_alignment":"center","desktop_size":"large","number_of_columns":1,"number_of_row":1}},"896cd81c-7b24-4161-90c6-659a182e1734":{"type":"product","settings":{"product":"","show_quickview":true,"info_alignment":"center","desktop_size":"large","number_of_columns":1,"number_of_row":1}},"8faff488-e22e-482e-8e8a-191fa1386524":{"type":"product","settings":{"product":"","show_quickview":true,"info_alignment":"center","desktop_size":"large","number_of_columns":1,"number_of_row":1}}},"block_order":["57ce0b54-e71f-4fe1-900c-12e795e7ce1a","template--21828924539181__31318fc4-4c4e-4f2e-aca5-a42a85b71d86-product-1","95e16f52-9d60-462b-b185-c91fb31cc11c","896cd81c-7b24-4161-90c6-659a182e1734","8faff488-e22e-482e-8e8a-191fa1386524"],"settings":{"heading":"EXCLUSIVELY FOR YOU","heading_size":100,"heading_alignment":"center","subheading":"DISCOVER THIS WEEK’S","text":"","background_color_light":"rgba(0,0,0,0)","background_color_dark":"rgba(0,0,0,0)","show_vendor":false,"show_rating":false,"max_columns":4,"spacing":28,"full_width":true,"show_section_divider":false,"padding_top":92,"padding_bottom":100,"min_columns_mobile":"2","spacing_mobile":20,"full_width_mobile":false,"show_section_divider_mobile":false,"padding_top_mobile":60,"padding_bottom_mobile":32}},"ec753deb-9b85-432b-ad75-2c2fd240c350":{"type":"media-gallery","blocks":{"template--21828924539181__ec753deb-9b85-432b-ad75-2c2fd240c350-media-2":{"type":"media","settings":{"image_link":"","open_new_window":false,"video_url":"","enable_video_autoplay":true,"video_alt_text":"","enable_content_overlay":true,"content_position":"center","overlay_opacity":0,"number_of_columns":2,"number_of_row":1,"icon":"none","custom_icon":"","icon_size":45,"sub_title":"","title":"","title_size":80,"text":"<h2>Follow us on<\/h2><h2>Instagram<\/h2>","text_size":130,"text_align":"right","media_position":"top","button_label":"Follow @Eurus","button_link":"","open_new_window_button":false,"color_overlay":"rgba(0,0,0,0)","title_color":"#ffffff","text_color":"#ffffff","color_button":"#242424","background_button":"#ffffff","color_button_hover":"rgba(0,0,0,0)","background_button_hover":"rgba(0,0,0,0)","color_button_secondary":"rgba(0,0,0,0)","secondary_button_text":"rgba(0,0,0,0)"}},"template--21828924539181__ec753deb-9b85-432b-ad75-2c2fd240c350-media-3":{"type":"media","settings":{"image_link":"","open_new_window":false,"video_url":"","enable_video_autoplay":true,"video_alt_text":"","enable_content_overlay":true,"content_position":"center","overlay_opacity":0,"number_of_columns":1,"number_of_row":1,"icon":"none","custom_icon":"","icon_size":45,"sub_title":"","title":"","title_size":80,"text":"","text_size":130,"text_align":"center","media_position":"top","button_label":"","button_link":"","open_new_window_button":false,"color_overlay":"rgba(0,0,0,0)","title_color":"rgba(0,0,0,0)","text_color":"rgba(0,0,0,0)","color_button":"rgba(0,0,0,0)","background_button":"rgba(0,0,0,0)","color_button_hover":"rgba(0,0,0,0)","background_button_hover":"rgba(0,0,0,0)","color_button_secondary":"rgba(0,0,0,0)","secondary_button_text":"rgba(0,0,0,0)"}},"e201a23e-7152-431b-bd6e-681a502ff504":{"type":"media","settings":{"image_link":"","open_new_window":false,"video_url":"","enable_video_autoplay":true,"video_alt_text":"","enable_content_overlay":true,"content_position":"center","overlay_opacity":0,"number_of_columns":1,"number_of_row":1,"icon":"none","custom_icon":"","icon_size":45,"sub_title":"","title":"","title_size":80,"text":"","text_size":130,"text_align":"center","media_position":"top","button_label":"","button_link":"","open_new_window_button":false,"color_overlay":"rgba(0,0,0,0)","title_color":"rgba(0,0,0,0)","text_color":"rgba(0,0,0,0)","color_button":"rgba(0,0,0,0)","background_button":"rgba(0,0,0,0)","color_button_hover":"rgba(0,0,0,0)","background_button_hover":"rgba(0,0,0,0)","color_button_secondary":"rgba(0,0,0,0)","secondary_button_text":"rgba(0,0,0,0)"}},"5599b296-b06c-4496-8800-62a2bdab8c49":{"type":"media","settings":{"image_link":"","open_new_window":false,"video_url":"","enable_video_autoplay":true,"video_alt_text":"","enable_content_overlay":true,"content_position":"center","overlay_opacity":0,"number_of_columns":1,"number_of_row":1,"icon":"none","custom_icon":"","icon_size":45,"sub_title":"","title":"","title_size":80,"text":"","text_size":130,"text_align":"center","media_position":"top","button_label":"","button_link":"","open_new_window_button":false,"color_overlay":"rgba(0,0,0,0)","title_color":"rgba(0,0,0,0)","text_color":"rgba(0,0,0,0)","color_button":"rgba(0,0,0,0)","background_button":"rgba(0,0,0,0)","color_button_hover":"rgba(0,0,0,0)","background_button_hover":"rgba(0,0,0,0)","color_button_secondary":"rgba(0,0,0,0)","secondary_button_text":"rgba(0,0,0,0)"}},"18e177f8-e77d-48ba-b580-1d5bff64df63":{"type":"media","settings":{"image_link":"","open_new_window":false,"video_url":"","enable_video_autoplay":true,"video_alt_text":"","enable_content_overlay":true,"content_position":"center","overlay_opacity":0,"number_of_columns":1,"number_of_row":1,"icon":"none","custom_icon":"","icon_size":45,"sub_title":"","title":"","title_size":80,"text":"","text_size":130,"text_align":"center","media_position":"top","button_label":"","button_link":"","open_new_window_button":false,"color_overlay":"rgba(0,0,0,0)","title_color":"rgba(0,0,0,0)","text_color":"rgba(0,0,0,0)","color_button":"rgba(0,0,0,0)","background_button":"rgba(0,0,0,0)","color_button_hover":"rgba(0,0,0,0)","background_button_hover":"rgba(0,0,0,0)","color_button_secondary":"rgba(0,0,0,0)","secondary_button_text":"rgba(0,0,0,0)"}},"media_Xgx9Bb":{"type":"media","settings":{"image_link":"","open_new_window":false,"video_url":"","enable_video_autoplay":true,"video_alt_text":"","enable_content_overlay":true,"content_position":"center","overlay_opacity":0,"number_of_columns":1,"number_of_row":1,"icon":"none","custom_icon":"","icon_size":45,"sub_title":"","title":"","title_size":80,"text":"","text_size":130,"text_align":"center","media_position":"top","button_label":"","button_link":"","open_new_window_button":false,"color_overlay":"rgba(0,0,0,0)","title_color":"rgba(0,0,0,0)","text_color":"rgba(0,0,0,0)","color_button":"rgba(0,0,0,0)","background_button":"rgba(0,0,0,0)","color_button_hover":"rgba(0,0,0,0)","background_button_hover":"rgba(0,0,0,0)","color_button_secondary":"rgba(0,0,0,0)","secondary_button_text":"rgba(0,0,0,0)"}},"media_h6zbW4":{"type":"media","settings":{"image_link":"","open_new_window":false,"video_url":"","enable_video_autoplay":true,"video_alt_text":"","enable_content_overlay":true,"content_position":"center","overlay_opacity":0,"number_of_columns":1,"number_of_row":1,"icon":"none","custom_icon":"","icon_size":45,"sub_title":"","title":"","title_size":80,"text":"","text_size":130,"text_align":"center","media_position":"top","button_label":"","button_link":"","open_new_window_button":false,"color_overlay":"rgba(0,0,0,0)","title_color":"rgba(0,0,0,0)","text_color":"rgba(0,0,0,0)","color_button":"rgba(0,0,0,0)","background_button":"rgba(0,0,0,0)","color_button_hover":"rgba(0,0,0,0)","background_button_hover":"rgba(0,0,0,0)","color_button_secondary":"rgba(0,0,0,0)","secondary_button_text":"rgba(0,0,0,0)"}},"media_DUzBGP":{"type":"media","settings":{"image_link":"","open_new_window":false,"video_url":"","enable_video_autoplay":true,"video_alt_text":"","enable_content_overlay":true,"content_position":"center","overlay_opacity":0,"number_of_columns":1,"number_of_row":1,"icon":"none","custom_icon":"","icon_size":45,"sub_title":"","title":"","title_size":80,"text":"","text_size":130,"text_align":"center","media_position":"top","button_label":"","button_link":"","open_new_window_button":false,"color_overlay":"rgba(0,0,0,0)","title_color":"rgba(0,0,0,0)","text_color":"rgba(0,0,0,0)","color_button":"rgba(0,0,0,0)","background_button":"rgba(0,0,0,0)","color_button_hover":"rgba(0,0,0,0)","background_button_hover":"rgba(0,0,0,0)","color_button_secondary":"rgba(0,0,0,0)","secondary_button_text":"rgba(0,0,0,0)"}},"media_3YEQxp":{"type":"media","settings":{"image_link":"","open_new_window":false,"video_url":"","enable_video_autoplay":true,"video_alt_text":"","enable_content_overlay":true,"content_position":"center","overlay_opacity":0,"number_of_columns":1,"number_of_row":1,"icon":"none","custom_icon":"","icon_size":45,"sub_title":"","title":"","title_size":80,"text":"","text_size":130,"text_align":"center","media_position":"top","button_label":"","button_link":"","open_new_window_button":false,"color_overlay":"rgba(0,0,0,0)","title_color":"rgba(0,0,0,0)","text_color":"rgba(0,0,0,0)","color_button":"rgba(0,0,0,0)","background_button":"rgba(0,0,0,0)","color_button_hover":"rgba(0,0,0,0)","background_button_hover":"rgba(0,0,0,0)","color_button_secondary":"rgba(0,0,0,0)","secondary_button_text":"rgba(0,0,0,0)"}}},"block_order":["template--21828924539181__ec753deb-9b85-432b-ad75-2c2fd240c350-media-2","template--21828924539181__ec753deb-9b85-432b-ad75-2c2fd240c350-media-3","e201a23e-7152-431b-bd6e-681a502ff504","5599b296-b06c-4496-8800-62a2bdab8c49","18e177f8-e77d-48ba-b580-1d5bff64df63","media_Xgx9Bb","media_h6zbW4","media_DUzBGP","media_3YEQxp"],"settings":{"heading":"IMAGE GALLERY","heading_size":100,"heading_alignment":"center","subheading":"","text":"<p>This is an image gallery block but you can use this block as an Instagram Feed by installing an Instagram App.<\/p>","max_columns":5,"spacing":30,"height_desktop":300,"show_section_divider":true,"full_width":true,"padding_full_width":true,"padding_top":72,"padding_bottom":28,"min_columns_mobile":"1","spacing_mobile":16,"height_mobile":250,"show_section_divider_mobile":true,"full_width_mobile":false,"padding_top_mobile":48,"padding_bottom_mobile":28}}},"order":["main","product-recommendations","text_column_with_image_MUhrhK","featured_collection_z9r7qr","331e6fca-2947-4a19-89c5-9396be0d666a","31318fc4-4c4e-4f2e-aca5-a42a85b71d86","ec753deb-9b85-432b-ad75-2c2fd240c350"]}