{"sections":{"main":{"type":"main-product","blocks":{"badges":{"type":"badges","settings":{}},"price":{"type":"price","settings":{"show_tax_and_shipping":false}},"variant_picker":{"type":"variant_picker","settings":{"picker_type":"button","show_variant_option":true,"enable_color_swatches":true}},"quantity_selector":{"type":"quantity_selector","settings":{}},"buy_buttons":{"type":"buy_buttons","settings":{"show_dynamic_checkout":true,"show_gift_card_recipient":true,"pickup_availability":true,"preorder_show":"yes","preorder_button_label":"Pre-order","preorder_message":"<p>This product will be available for sale in 2 weeks, but you can pre-order now to receive 10% discount!<\/p>","preorder_show_dynamic_button":false,"show_background":true,"box_type":"square","background_color_light":"#e4edfa","message_color_light":"#568ddd","background_color_dark":"#e4edfa","message_color_dark":"#568ddd"}},"description":{"type":"description","settings":{"show_in_tab":false}},"collapsible-row-0":{"type":"collapsible_tab","settings":{"heading":"Additional Information","tab_content":"<p>Share information about your brand with your customers. Describe a product, make announcements, or welcome customers to your store.<\/p>"}},"collapsible-row-1":{"type":"collapsible_tab","settings":{"heading":"Shipping and Returns","tab_content":"<p>Share information about your brand with your customers. Describe a product, make announcements, or welcome customers to your store.<\/p>"}},"social-sharing":{"type":"social_sharing","settings":{}},"sticky-atc":{"type":"sticky_add_to_cart","settings":{"desktop_display_type":"full_width","show_quantity_selector":false}}},"block_order":["badges","price","variant_picker","quantity_selector","buy_buttons","description","collapsible-row-0","collapsible-row-1","social-sharing","sticky-atc"],"settings":{"enable_sticky_image":true,"show_product_name":true,"show_vendor":false,"desktop_layout":"left","desktop_media_layout":"thumbnail_slider","show_arrow_button":true,"mobile_media_size":"full_width","show_thumnail_mobile":true,"image_ratio":"natural","thumbnail_position":"horizontal","enable_image_zoom":false,"enable_video_autoplay":false,"enable_video_loop":false,"show_first_image_avaiable":true,"show_breadcrumbs":true,"show_breadcrumbs_border":false,"full_width_breadcrumb":true,"desktop_content_alignment":"text-left","mobile_content_alignment":"text-left","background_color_light":"rgba(0,0,0,0)","text_color_light":"rgba(0,0,0,0)","textlink_color_light":"rgba(0,0,0,0)","background_color_dark":"rgba(0,0,0,0)","text_color_dark":"rgba(0,0,0,0)","textlink_color_dark":"rgba(0,0,0,0)","full_width":false,"spacing_col":"small","padding_top":24,"padding_bottom":48,"padding_top_mobile":16,"padding_bottom_mobile":20}},"product-recommendations":{"type":"product-recommendations","settings":{"heading":"You May Also Like...","heading_size":100,"products_to_show":4,"background_color_light":"","background_color_dark":"","show_vendor":false,"show_rating":true,"show_quickview":true,"enable_carousel_desktop":false,"enable_swiper_mobile":true,"columns_desktop":4,"full_width":false,"show_section_divider":true,"spacing":28,"padding_top":44,"padding_bottom":52,"columns_mobile":"1","show_section_divider_mobile":true,"spacing_mobile":16,"padding_top_mobile":40,"padding_bottom_mobile":20}},"fe96fc6c-cbf4-4a1c-a83e-0b3b48c87af5":{"type":"faq","blocks":{"template--21381746819373__fe96fc6c-cbf4-4a1c-a83e-0b3b48c87af5-frequently_asked_question-1":{"type":"frequently_asked_question","settings":{"icon":"none","custom_icon":"","heading":"1. How much is shipping and how do you ship it?","row_content":"<p>Use this text to answer questions in as much detail as possible for your customers.<\/p>"}},"template--21381746819373__fe96fc6c-cbf4-4a1c-a83e-0b3b48c87af5-frequently_asked_question-2":{"type":"frequently_asked_question","settings":{"icon":"none","custom_icon":"","heading":"2. What is your return policy?","row_content":"<p>Use this text to answer questions in as much detail as possible for your customers.<\/p>"}},"template--21381746819373__fe96fc6c-cbf4-4a1c-a83e-0b3b48c87af5-frequently_asked_question-3":{"type":"frequently_asked_question","settings":{"icon":"none","custom_icon":"","heading":"3. Where is Fern located and can I pick up my purchase?","row_content":"<p>Use this text to answer questions in as much detail as possible for your customers.<\/p>"}},"template--21381746819373__fe96fc6c-cbf4-4a1c-a83e-0b3b48c87af5-frequently_asked_question-4":{"type":"frequently_asked_question","settings":{"icon":"none","custom_icon":"","heading":"4. Where are your products made?","row_content":"<p>Where are your products made?<\/p>"}},"d14dce66-59d1-4432-b7e1-a16cb7a34d4f":{"type":"frequently_asked_question","settings":{"icon":"none","custom_icon":"","heading":"5. When can I expect my return to be processed?","row_content":"<p>Use this text to answer questions in as much detail as possible for your customers.<\/p>"}}},"block_order":["template--21381746819373__fe96fc6c-cbf4-4a1c-a83e-0b3b48c87af5-frequently_asked_question-1","template--21381746819373__fe96fc6c-cbf4-4a1c-a83e-0b3b48c87af5-frequently_asked_question-2","template--21381746819373__fe96fc6c-cbf4-4a1c-a83e-0b3b48c87af5-frequently_asked_question-3","template--21381746819373__fe96fc6c-cbf4-4a1c-a83e-0b3b48c87af5-frequently_asked_question-4","d14dce66-59d1-4432-b7e1-a16cb7a34d4f"],"settings":{"heading":"Frequently Asked Questions","heading_size":100,"heading_alignment":"center","row_background":false,"collapsible":true,"show_view_all":false,"view_all_position":"top","button_link":"","open_new_window":false,"background_color_light":"rgba(0,0,0,0)","background_color_dark":"rgba(0,0,0,0)","desktop_layout":"1","show_section_divider":false,"padding_top":0,"padding_bottom":100,"show_section_divider_mobile":false,"padding_top_mobile":28,"padding_bottom_mobile":52}}},"order":["main","product-recommendations","fe96fc6c-cbf4-4a1c-a83e-0b3b48c87af5"]}