{"current":{"theme_mode_enabled":true,"theme_mode_mode":"switch","colors_background":"#ffffff","colors_heading":"#0a1e33","colors_text":"#334354","colors_text_link":"#0a1e33","colors_price":"#334354","colors_price_sale":"#e12b28","colors_error":"#e12b28","colors_success":"#058942","colors_line_and_borders":"#d7e5e5","colors_cart_dot":"#10d7e2","colors_cart_dot_text":"#ffffff","colors_icon_rating":"#ffd200","secondary_background":"#f8f8f8","secondary_heading":"#0a1e33","secondary_text":"#334354","colors_button":"#1c4170","colors_button_text":"#ffffff","colors_button_hover":"#1c4170","colors_button_text_hover":"#ffffff","background_button_secondary":"#1c4170","colors_button_secondary":"#ffffff","colors_header_background":"#ffffff","colors_header_text":"#0a1e33","colors_header_line":"#d7e5e5","colors_footer_background":"#f7f7f7","colors_footer_heading":"#0a1e33","colors_footer_text":"#334354","colors_footer_textlink":"#0a1e33","colors_footer_line":"#e1e7f5","colors_image_treatment_overlay":"#000000","colors_image_treatment_text":"#ffffff","collection_sidebar_filters":"groups","colors_dark_background":"#292929","colors_dark_heading":"#ffffff","colors_dark_text":"#b6cdcc","colors_dark_text_link":"#2cb29b","colors_dark_price":"#b6cdcc","colors_dark_price_sale":"#e12b28","colors_dark_error":"#e12b28","colors_dark_success":"#42a246","colors_dark_line_and_borders":"#334354","colors_cart_dot_dark":"#10d7e2","colors_cart_dot_text_dark":"#ffffff","colors_icon_rating_dark":"#2cb29b","secondary_background_dark":"#171f1e","secondary_heading_dark":"#ffffff","secondary_text_dark":"#b6cdcc","colors_dark_button":"#2cb29b","colors_dark_button_text":"#ffffff","colors_dark_button_hover":"#12908b","colors_dark_button_text_hover":"#ffffff","background_dark_button_secondary":"#ededdd","colors_dark_button_secondary":"#2cb29b","colors_dark_header_background":"#000000","colors_dark_header_text":"#b2c7c6","colors_dark_header_line":"#b2c7c6","colors_dark_footer_background":"#f7f7f7","colors_dark_footer_heading":"#0a1e33","colors_dark_footer_text":"#334354","colors_dark_footer_textlink":"#2cb29b","colors_dark_footer_line":"#e1e7f5","colors_dark_image_treatment_overlay":"#000000","colors_dark_image_treatment_text":"#ffffff","type_body_font":"serif","text_base_size":100,"type_header_font":"serif","heading_base_size":100,"heading_text_tranform":"none","type_menu_font":"serif","type_button_font":"sans-serif","edges_type":"square","buttons_type":"rounded_corners","buttons_color_mobile":"default","buttons_animation":"sliced","disable_parallax_effect":true,"advanced_sections_spacing":0,"page_width":1500,"card_product_padding":20,"product_image_ratio":"square","product_image_type":"hover_to_reveal_second_image","show_arrow":false,"info_alignment_card_product":"center","low_stock_threshold":4,"products_color_swatches_enable_on_collection_page":true,"products_color_swatches_style":"round","social_twitter_link":"https:\/\/twitter.com\/AmericanTileDep","social_facebook_link":"https:\/\/www.facebook.com\/AmericanTileDepot\/","social_pinterest_link":"https:\/\/twitter.com\/AmericanTileDep","social_instagram_link":"https:\/\/www.instagram.com\/americantiledepot\/","social_tiktok_link":"","social_tumblr_link":"","social_snapchat_link":"","social_youtube_link":"","social_vimeo_link":"","social_linkedin_link":"","share_facebook":true,"share_twitter":true,"share_pinterest":true,"search_enabled":true,"search_refined":false,"search_type":"product,collection","predictive_search_enabled":true,"predictive_search_show_vendor":true,"predictive_search_show_price":true,"search_desktop_maximun_results":6,"search_mobile_maximun_results":3,"search_show_view_more":true,"advanced_show_breadcrumbs":false,"breadcrumbs_separator":">","favicon":"shopify:\/\/shop_images\/logo-zoomed-snipped-edited_d03d4e1c-33ae-4258-b2ab-992572f1fadc.jpg","cart_type":"drawer","cart_icon":"icon-cart","cart_show_vendor":false,"show_cart_note":true,"cart_enable_terms_and_conditions":false,"cart_terms_and_conditions_page":"","cart_upsell_product_list":[],"number_of_product_shown":6,"cart_upsell_section_label":"You'll love this too","enable_free_shipping":true,"show_in_cart_items":"none","enable_scroll_top_desktop":true,"show_background_scroll_top":false,"currency_code_enable":false,"selected_preset":"swirl","checkout_sidebar_background_color":"#F6F6F0","checkout_accent_color":"#17532d","checkout_button_color":"#17532d","checkout_error_color":"#e12b28","content_for_index":[],"blocks":{"15683396631634586217":{"type":"shopify:\/\/apps\/inbox\/blocks\/chat\/841fc607-4181-4ad1-842d-e24d7f8bad6b","disabled":true,"settings":{"button_color":"#0263ac","secondary_color":"#ffffff","ternary_color":"#6a6a6a","button_icon":"chat_bubble","button_text":"chat_with_us","button_horizontal_position":"bottom_right","button_vertical_position":"highest","greeting_message":""}},"7570552984445421165":{"type":"shopify:\/\/apps\/yotpo-product-reviews-ugc\/blocks\/settings\/eb7dfd7d-db44-4334-bc49-c893b51b36cf","disabled":false,"settings":{}},"14339172867238703359":{"type":"shopify:\/\/apps\/yotpo-product-reviews-ugc\/blocks\/reviews_tab\/eb7dfd7d-db44-4334-bc49-c893b51b36cf","disabled":false,"settings":{"product":""}},"1513253815146976218":{"type":"shopify:\/\/apps\/omnisend-email-marketing-sms\/blocks\/app-embed\/44704aa2-794f-4c5d-8c8e-039c841158e9","disabled":false,"settings":{}},"14327677521557774844":{"type":"shopify:\/\/apps\/simprosys-google-shopping-feed\/blocks\/core_settings_block\/1f0b859e-9fa6-4007-97e8-4513aff5ff3b","disabled":false,"settings":{}},"5140161176031010482":{"type":"shopify:\/\/apps\/dr-cart-shipping-rates\/blocks\/instant-load\/6fdcf202-26c0-4288-be36-8b389f5d262c","disabled":false,"settings":{}},"6279071938380501511":{"type":"shopify:\/\/apps\/powerful-form-builder\/blocks\/app-embed\/e4bcb1eb-35b2-42e6-bc37-bfe0e1542c9d","disabled":false,"settings":{}},"1232542678405107163":{"type":"shopify:\/\/apps\/instafeed\/blocks\/head-block\/c447db20-095d-4a10-9725-b5977662c9d5","disabled":false,"settings":{}},"5057006142565981955":{"type":"shopify:\/\/apps\/affirm-pay-over-time-messaging\/blocks\/cart-drawer-embed-block\/6dce54be-130d-4d13-9636-1e8f611b3071","disabled":false,"settings":{"logo_align_drawer":"left","font_size_drawer":16,"logo_color_drawer":"blue","logo_type_drawer":"logo","public_api_key_drawer":"","cart_drawer_selector":"","cart_drawer_total_selector":"","add_to_cart_selector":"","adjacent_element_selector":""}},"13768625480086291342":{"type":"shopify:\/\/apps\/forms\/blocks\/forms\/8744a304-fcb1-4347-b211-bb6b4759a76a","disabled":false,"settings":{}},"4015264832934714879":{"type":"shopify:\/\/apps\/ecomsend-popups\/blocks\/app\/a5670cf8-5705-4b01-ad9e-447033feae26","disabled":false,"settings":{}},"1793219247286972479":{"type":"shopify:\/\/apps\/searchpie-seo-speed\/blocks\/sb-snippets\/29f6c508-9bb9-4e93-9f98-b637b62f3552","disabled":false,"settings":{"review_app":"yotpo"}},"16972959258765445478":{"type":"shopify:\/\/apps\/smart-announcement-bar\/blocks\/app-embed\/2e4d8eae-ba5a-4dc9-8d5a-85d9fc648446","disabled":false,"settings":{}},"yoast-seo-metatags":{"type":"shopify:\/\/apps\/yoast-seo-seo-for-everyone\/blocks\/metatags\/7c777011-bc88-4743-a24e-64336e1e5b46","disabled":false,"settings":{}},"9094328589753815681":{"type":"shopify:\/\/apps\/hextom-shipping-bar\/blocks\/fsb-embeded-block\/7ef5d9af-75a2-45c7-9b1b-f9240ee488e9","disabled":false,"settings":{}},"1065632751763535799":{"type":"shopify:\/\/apps\/groupby-ai-search-discovery\/blocks\/gbi_search_results\/3aca4f71-198f-4c4a-a4fb-a6c7ac0e8a45","disabled":true,"settings":{"show_gbisearch_nav":true,"default_pagesize":"12","user_selected_pagesize":true,"user_sort":false,"page_handling_type":"paginate","perma_search":false,"override_search_page":"","product_tile_aspect_ratio":"auto","columns_desktop":4,"columns_mobile":"2","gbi_search_form_selector":"form[action='\/search']"}},"12052674249136272801":{"type":"shopify:\/\/apps\/groupby-ai-search-discovery\/blocks\/gbi_search_autocomplete\/3aca4f71-198f-4c4a-a4fb-a6c7ac0e8a45","disabled":true,"settings":{"groupby_autocomplete":"text_and_products"}},"12476284290585462717":{"type":"shopify:\/\/apps\/doofinder-search-discovery\/blocks\/doofinder-script\/1abc6bc6-ff36-4a37-9034-effae4a47cf6","disabled":false,"settings":{}},"3953314366958760213":{"type":"shopify:\/\/apps\/conversagent\/blocks\/gqa-embed\/9dcb9616-f02a-40f7-b434-36f4866f2140","disabled":true,"settings":{"gqa_agentName":"Grace","gqa_agentTagLine":"AI Assistant","gqa_launchBottom":10,"gqa_launchRight":20,"gqa_launchDelay":0,"gqa_isGreetingsEnabled":true,"gqa_greetingsDelay":5,"gqa_isSearchSuggestion":false,"gqa_theme_bodyBg":"#ffffff","gqa_theme_bodyBorderColor":"#bfbfbf","gqa_theme_msgBubbleUserBg":"#7123c0","gqa_theme_msgBubbleUserTextColor":"#ffffff","gqa_theme_msgBubbleAgentBg":"#f0f0f0","gqa_theme_msgBubbleAgentTextColor":"#000000","gqa_theme_headerBg":"#c5c5c5","gqa_theme_headerTextColor":"#000000","gqa_theme_badgeBg":"#2696c1","gqa_theme_badgeIconColor":"#555555","gqa_customCSS":"","gqa_customJS":""}},"12176167099607046601":{"type":"shopify:\/\/apps\/tableflow-spec-table\/blocks\/app-embed\/6efadb7d-f066-40b3-8b21-e99b18759b1d","disabled":false,"settings":{"empty_row_text":"-","table_title_text_size":18,"table_label_text_size":14,"table_title_text_weight":6,"table_label_text_weight":4,"table_title_alignment":"left","table_label_alignment":"left","table_value_alignment":"left","table_border_sides":"row","table_border_width":1,"table_title_bottom_spacing":5,"first_table_top_spacing":0,"table_spacing":30,"table_label_width":40,"table_cell_padding_y":5,"table_cell_padding_x":5,"table_title_text_color":"#000000","table_label_text_color":"#000000","table_value_text_color":"#000000","table_border_color":"#000000","table_label_background":"linear-gradient(180deg, rgba(18, 18, 18, 0.09), rgba(18, 18, 18, 0.09) 100%)","table_value_background":"linear-gradient(180deg, rgba(18, 18, 18, 0), rgba(18, 18, 18, 0) 100%)","table_odd_row_background":"linear-gradient(180deg, rgba(18, 18, 18, 0), rgba(18, 18, 18, 0) 100%)","table_even_row_background":"linear-gradient(180deg, rgba(18, 18, 18, 0), rgba(18, 18, 18, 0) 100%)"}},"9275575254135367948":{"type":"shopify:\/\/apps\/tableflow-spec-table\/blocks\/app-multi-column\/6efadb7d-f066-40b3-8b21-e99b18759b1d","disabled":false,"settings":{"empty_row_text":"-","table_title_text_size":18,"table_label_text_size":14,"table_title_text_weight":6,"table_label_text_weight":4,"table_title_alignment":"left","table_label_alignment":"left","table_value_alignment":"left","table_border_sides":"row","table_border_width":1,"table_title_bottom_spacing":5,"first_table_top_spacing":0,"table_spacing":30,"table_cell_padding_y":5,"table_cell_padding_x":5,"table_title_text_color":"#000000","table_label_text_color":"#000000","table_value_text_color":"#000000","table_border_color":"#000000","table_label_background":"linear-gradient(180deg, rgba(18, 18, 18, 0.09), rgba(18, 18, 18, 0.09) 100%)","table_value_background":"linear-gradient(180deg, rgba(18, 18, 18, 0), rgba(18, 18, 18, 0) 100%)","table_odd_row_background":"linear-gradient(180deg, rgba(18, 18, 18, 0), rgba(18, 18, 18, 0) 100%)","table_even_row_background":"linear-gradient(180deg, rgba(18, 18, 18, 0), rgba(18, 18, 18, 0) 100%)"}},"5163884144194077907":{"type":"shopify:\/\/apps\/sami-b2b-lock\/blocks\/app-embed\/8d86a3b4-97b3-44ab-adc1-ec01c5a89da9","disabled":false,"settings":{}},"12016176150940211849":{"type":"shopify:\/\/apps\/ot-theme-sections\/blocks\/otsb-script\/45c0d634-d78b-458c-8bca-17086e7d65aa","disabled":false,"settings":{}},"11119278427475967885":{"type":"shopify:\/\/apps\/ot-theme-sections\/blocks\/otsb-style\/45c0d634-d78b-458c-8bca-17086e7d65aa","disabled":false,"settings":{}},"4864803954074332400":{"type":"shopify:\/\/apps\/genius-announcement-bar\/blocks\/app-block\/bf0002f5-b3b4-40d7-acca-b00d7ee46a8f","disabled":false,"settings":{}},"8746983209849429782":{"type":"shopify:\/\/apps\/dealeasy\/blocks\/app-embed\/e47a8634-0496-480d-9e46-6f7fafd34b30","disabled":false,"settings":{"dealeasy_public_access_token":"7cd10743ccbceab73aaec3cbd60c4bb5","using_translated_handles":false,"custom_script_and_style":"<script><\/script>\n<style><\/style>"}},"10142937387702430166":{"type":"shopify:\/\/apps\/pre-order-t-notify-me\/blocks\/app-embed\/bf6c109b-79b5-457c-8752-0e5e9e9676e7","disabled":false,"settings":{}},"8171265131012698934":{"type":"shopify:\/\/apps\/oc-quantity-breaks-limit\/blocks\/orichi-discount\/3f38eaa3-2a3f-4e55-bcc9-df5d3f75e351","disabled":false,"settings":{}},"10384935893930344104":{"type":"shopify:\/\/apps\/seoant-redirects\/blocks\/brokenlink-404\/cc7b1996-e567-42d0-8862-356092041863","disabled":false,"settings":{}},"17626490156485952974":{"type":"shopify:\/\/apps\/3d-seasonal-effects\/blocks\/app-embed\/5881d1f8-9311-46cf-bb7d-8ebd2e22859c","disabled":false,"settings":{}},"15789145905799289410":{"type":"shopify:\/\/apps\/redirect-pro-404-seo\/blocks\/tracker\/68d49184-0465-4c21-8d3d-e051f7921c3f","disabled":false,"settings":{}}}},"presets":{"Puff":{"theme_mode_enabled":true,"theme_mode_mode":"switch","colors_background":"#ffffff","colors_heading":"#242424","colors_text":"#242424","colors_text_link":"#6b7050","colors_price":"#000000","colors_price_sale":"#a90000","colors_error":"#a90000","colors_success":"#686648","colors_line_and_borders":"#e3e3e3","colors_cart_dot":"#6b7050","colors_cart_dot_text":"#ffffff","colors_icon_rating":"#c8b89f","secondary_background":"#F6F6F6","secondary_heading":"#000000","secondary_text":"#898989","colors_button":"#686648","colors_button_text":"#ffffff","colors_button_hover":"#242424","colors_button_text_hover":"#ffffff","colors_button_secondary":"#000000","colors_header_background":"#ffffff","colors_header_text":"#242424","colors_header_line":"#e3e3e3","colors_footer_background":"#292929","colors_footer_heading":"#ffffff","colors_footer_text":"#898989","colors_footer_textlink":"#6b7050","colors_footer_line":"#525051","colors_image_treatment_overlay":"#202020","colors_image_treatment_text":"#ffffff","colors_dark_background":"#202020","colors_dark_heading":"#ffffff","colors_dark_text":"#898989","colors_dark_text_link":"#c8b89f","colors_dark_price":"#c3c3c3","colors_dark_price_sale":"#FF5858","colors_dark_error":"#FF5858","colors_dark_success":"#42a246","colors_dark_line_and_borders":"#5e5e5e","colors_cart_dot_dark":"#6b7050","colors_cart_dot_text_dark":"#ffffff","colors_icon_rating_dark":"#c8b89f","secondary_background_dark":"#3a3a3a","secondary_heading_dark":"#ffffff","secondary_text_dark":"#ffffff","colors_dark_button":"#6b7050","colors_dark_button_text":"#ffffff","colors_dark_button_hover":"#ffffff","colors_dark_button_text_hover":"#242424","colors_dark_button_secondary":"#ffffff","colors_dark_header_background":"#202020","colors_dark_header_text":"#898989","colors_dark_header_line":"#5e5e5e","colors_dark_footer_background":"#292929","colors_dark_footer_heading":"#ffffff","colors_dark_footer_text":"#898989","colors_dark_footer_textlink":"#6b7050","colors_dark_footer_line":"#525051","colors_dark_image_treatment_overlay":"#202020","colors_dark_image_treatment_text":"#ffffff","type_body_font":"tenor_sans_n4","text_base_size":100,"type_header_font":"tenor_sans_n4","heading_base_size":100,"heading_text_tranform":"none","type_menu_font":"tenor_sans_n4","type_button_font":"tenor_sans_n4","buttons_type":"square","buttons_animation":"fill_up","advanced_sections_spacing":0,"page_width":1400,"card_product_background_color_light":"rgba(0,0,0,0)","card_product_background_color_dark":"rgba(0,0,0,0)","card_product_padding":0,"card_product_padding_mobile":0,"product_image_ratio":"portrait","product_image_type":"hover_to_reveal_second_image","transition_arrows":"#242424","transition_arrows_dark":"#242424","info_alignment_card_product":"center","low_stock_threshold":4,"products_color_swatches_enable_on_collection_page":true,"products_color_swatches_style":"round","social_twitter_link":"https:\/\/twitter.com\/shopify","social_facebook_link":"https:\/\/facebook.com\/shopify","social_pinterest_link":"https:\/\/pinterest.com\/shopify","social_instagram_link":"http:\/\/instagram.com\/shopify","social_tiktok_link":"","social_tumblr_link":"","social_snapchat_link":"","social_youtube_link":"","social_vimeo_link":"","social_linkedin_link":"","share_facebook":true,"share_twitter":true,"share_pinterest":true,"search_enabled":true,"search_type":"product,page,collection,article","predictive_search_enabled":true,"predictive_search_show_vendor":true,"predictive_search_show_price":true,"search_desktop_maximun_results":6,"search_mobile_maximun_results":3,"search_show_view_more":true,"advanced_show_breadcrumbs":true,"cart_type":"drawer","cart_icon":"icon-hand-bag","cart_show_vendor":false,"show_cart_note":true,"cart_enable_terms_and_conditions":false,"cart_terms_and_conditions_page":"","cart_upsell_product_list":[],"number_of_product_shown":6,"cart_upsell_section_label":"You'll love this too","enable_free_shipping":true,"enable_scroll_top_desktop":true,"currency_code_enable":false,"selected_preset":"puff","checkout_sidebar_background_color":"#f6f6f6","checkout_accent_color":"#6B7050","checkout_button_color":"#6B7050","checkout_error_color":"#A90000","content_for_index":[]},"Breeze":{"theme_mode_enabled":true,"theme_mode_mode":"switch","colors_background":"#f4f4f2","colors_heading":"#0a0400","colors_text":"#2b2b2b","colors_text_link":"#e1a832","colors_price":"#000000","colors_price_sale":"#A2402D","colors_error":"#A2402D","colors_success":"#058942","colors_line_and_borders":"#ededea","colors_cart_dot":"#e1a832","colors_cart_dot_text":"#0a0400","colors_icon_rating":"#e1a832","secondary_background":"#ededea","secondary_heading":"#0a0400","secondary_text":"#2b2b2b","colors_button":"#0a0400","colors_button_text":"#ffffff","colors_button_hover":"#e1a832","colors_button_text_hover":"#2b2b2b","colors_button_secondary":"#2b2b2b","colors_header_background":"#ffffff","colors_header_text":"#525151","colors_header_line":"#f2f2f2","colors_footer_background":"#ededea","colors_footer_heading":"#0a0400","colors_footer_text":"#2b2b2b","colors_footer_textlink":"#e1a832","colors_footer_line":"#dfdfdc","colors_image_treatment_overlay":"#202020","colors_image_treatment_text":"#ffffff","colors_dark_background":"#2b2b2b","colors_dark_heading":"#ffffff","colors_dark_text":"#ededea","colors_dark_text_link":"#e1a832","colors_dark_price":"#ffffff","colors_dark_price_sale":"#FF5858","colors_dark_error":"#FF5858","colors_dark_success":"#42a246","colors_dark_line_and_borders":"#3c3b3b","colors_cart_dot_dark":"#e1a832","colors_cart_dot_text_dark":"#ffffff","colors_icon_rating_dark":"#e1a832","secondary_background_dark":"#2a2a2a","secondary_heading_dark":"#ffffff","secondary_text_dark":"#999999","colors_dark_button":"#ffffff","colors_dark_button_text":"#0a0400","colors_dark_button_hover":"#e1a832","colors_dark_button_text_hover":"#2b2b2b","colors_dark_button_secondary":"#ffffff","colors_dark_header_background":"#202020","colors_dark_header_text":"#999999","colors_dark_header_line":"#313131","colors_dark_footer_background":"#313030","colors_dark_footer_heading":"#ffffff","colors_dark_footer_text":"#ededea","colors_dark_footer_textlink":"#e1a832","colors_dark_footer_line":"#3c3b3b","colors_dark_image_treatment_overlay":"#202020","colors_dark_image_treatment_text":"#ffffff","type_body_font":"century_gothic_n4","text_base_size":100,"type_header_font":"century_gothic_n7","heading_base_size":100,"heading_text_tranform":"none","type_menu_font":"century_gothic_n4","type_button_font":"century_gothic_n4","buttons_type":"square","advanced_sections_spacing":0,"page_width":1400,"card_product_background_color_light":"#ffffff","card_product_background_color_dark":"rgba(0,0,0,0)","card_product_padding":0,"card_product_padding_mobile":0,"product_image_ratio":"portrait","product_image_type":"slide_img","transition_arrows":"#000000","transition_arrows_dark":"#000000","low_stock_threshold":4,"products_color_swatches_enable_on_collection_page":true,"products_color_swatches_style":"round","social_twitter_link":"","social_facebook_link":"","social_pinterest_link":"","social_instagram_link":"","social_tiktok_link":"","social_tumblr_link":"","social_snapchat_link":"","social_youtube_link":"","social_vimeo_link":"","social_linkedin_link":"","share_facebook":true,"share_twitter":true,"share_pinterest":true,"search_enabled":true,"search_type":"product,page,collection,article","predictive_search_enabled":true,"predictive_search_show_vendor":true,"predictive_search_show_price":true,"search_desktop_maximun_results":6,"search_mobile_maximun_results":3,"search_show_view_more":true,"advanced_show_breadcrumbs":true,"cart_type":"drawer","cart_icon":"icon-hand-bag","cart_show_vendor":false,"show_cart_note":true,"cart_enable_terms_and_conditions":false,"cart_terms_and_conditions_page":"","cart_upsell_product_list":[],"number_of_product_shown":6,"cart_upsell_section_label":"You'll love this too","enable_free_shipping":true,"enable_scroll_top_desktop":true,"currency_code_enable":false,"checkout_sidebar_background_color":"#f6f6f6","checkout_accent_color":"#ff6600","checkout_button_color":"#ff6600","checkout_error_color":"#E12B28","content_for_index":[],"selected_preset":"breeze"},"Breath":{"theme_mode_enabled":true,"theme_mode_mode":"switch","colors_background":"#ffffff","colors_heading":"#212020","colors_text":"#4b4949","colors_text_link":"#17532d","colors_price":"#212020","colors_price_sale":"#ce021e","colors_error":"#e12b28","colors_success":"#038704","colors_line_and_borders":"#f6f6f0","colors_cart_dot":"#154326","colors_cart_dot_text":"#ffffff","colors_icon_rating":"#17532d","secondary_background":"#F6F6F0","secondary_heading":"#212020","secondary_text":"#4b4949","colors_button":"#154326","colors_button_text":"#FFFFFF","colors_button_hover":"#17532d","colors_button_text_hover":"#ffffff","colors_button_secondary":"#4b4b4b","background_button_secondary":"#ededdd","colors_header_background":"#FFFFFF","colors_header_text":"#212020","colors_header_line":"#f6f6f0","colors_footer_background":"#224229","colors_footer_heading":"#ffffff","colors_footer_text":"#c8c8b1","colors_footer_textlink":"#e99d0b","colors_footer_line":"#2f4d36","colors_image_treatment_overlay":"#212020","colors_image_treatment_text":"#FFFFFF","colors_dark_background":"#212020","colors_dark_heading":"#ffffff","colors_dark_text":"#999999","colors_dark_text_link":"#e99d0b","colors_dark_price":"#ffffff","colors_dark_price_sale":"#FF5858","colors_dark_error":"#FF5858","colors_dark_success":"#038704","colors_dark_line_and_borders":"#ededdd","colors_cart_dot_dark":"#154326","colors_cart_dot_text_dark":"#ffffff","colors_icon_rating_dark":"#17532d","secondary_background_dark":"#272727","secondary_heading_dark":"#FFFFFF","secondary_text_dark":"#999999","colors_dark_button":"#154326","colors_dark_button_text":"#ffffff","colors_dark_button_hover":"#17532d","colors_dark_button_text_hover":"#ffffff","colors_dark_button_secondary":"#4b4b4b","background_dark_button_secondary":"#ededdd","colors_dark_header_background":"#212020","colors_dark_header_text":"#999999","colors_dark_header_line":"#ededdd","colors_dark_footer_background":"#224229","colors_dark_footer_heading":"#ffffff","colors_dark_footer_text":"#c8c8b1","colors_dark_footer_textlink":"#e99d0b","colors_dark_footer_line":"#2f4d36","colors_dark_image_treatment_overlay":"#212020","colors_dark_image_treatment_text":"#FFFFFF","type_body_font":"itc_avant_garde_gothic_n4","text_base_size":100,"type_header_font":"itc_avant_garde_gothic_n5","heading_base_size":100,"heading_text_tranform":"none","type_menu_font":"itc_avant_garde_gothic_n5","type_button_font":"prompt_n5","edges_type":"rounded_corners","buttons_type":"rounded_corners","buttons_animation":"fill_up","advanced_sections_spacing":0,"page_width":1400,"card_product_background_color_light":"rgba(0,0,0,0)","card_product_background_color_dark":"rgba(0,0,0,0)","card_product_padding":0,"card_product_padding_mobile":0,"product_image_ratio":"portrait","product_image_type":"slide_img","transition_arrows":"#154326","transition_arrows_dark":"#154326","info_alignment_card_product":"center","low_stock_threshold":5,"products_color_swatches_enable_on_collection_page":true,"products_color_swatches_style":"round","social_twitter_link":"","social_facebook_link":"","social_pinterest_link":"","social_instagram_link":"","social_tiktok_link":"","social_tumblr_link":"","social_snapchat_link":"","social_youtube_link":"","social_vimeo_link":"","social_linkedin_link":"","share_facebook":true,"share_twitter":true,"share_pinterest":true,"search_enabled":true,"search_type":"product,page,collection,article","predictive_search_enabled":true,"predictive_search_show_vendor":true,"predictive_search_show_price":true,"search_desktop_maximun_results":6,"search_mobile_maximun_results":3,"search_show_view_more":true,"advanced_show_breadcrumbs":true,"cart_type":"drawer","cart_icon":"icon-hand-bag","cart_show_vendor":false,"show_cart_note":true,"cart_enable_terms_and_conditions":false,"cart_terms_and_conditions_page":"","cart_upsell_product_list":[],"number_of_product_shown":6,"cart_upsell_section_label":"You'll love this too","enable_free_shipping":true,"enable_scroll_top_desktop":true,"show_background_scroll_top":false,"currency_code_enable":false,"checkout_sidebar_background_color":"#F6F6F0","checkout_accent_color":"#17532d","checkout_button_color":"#17532d","checkout_error_color":"#e12b28","enable_rounded_corners":true,"content_for_index":[],"selected_preset":"breath"},"Swirl":{"theme_mode_enabled":true,"theme_mode_mode":"switch","colors_background":"#ffffff","colors_heading":"#0a1e33","colors_text":"#334354","colors_text_link":"#2cb29b","colors_price":"#334354","colors_price_sale":"#e12b28","colors_error":"#e12b28","colors_success":"#058942","colors_line_and_borders":"#d7e5e5","colors_cart_dot":"#12908b","colors_cart_dot_text":"#ffffff","colors_icon_rating":"#2cb29b","secondary_background":"#f8f8f8","secondary_heading":"#0a1e33","secondary_text":"#334354","colors_button":"#2cb29b","colors_button_text":"#ffffff","colors_button_hover":"#12908b","colors_button_text_hover":"#ffffff","colors_button_secondary":"#2cb29b","colors_header_background":"#ffffff","colors_header_text":"#0a1e33","colors_header_line":"#d7e5e5","colors_footer_background":"#f7f7f7","colors_footer_heading":"#0a1e33","colors_footer_text":"#334354","colors_footer_textlink":"#2cb29b","colors_footer_line":"#e1e7f5","colors_image_treatment_overlay":"#000000","colors_image_treatment_text":"#ffffff","colors_dark_background":"#292929","colors_dark_heading":"#ffffff","colors_dark_text":"#b6cdcc","colors_dark_text_link":"#2cb29b","colors_dark_price":"#b6cdcc","colors_dark_price_sale":"#FF5858","colors_dark_error":"#FF5858","colors_dark_success":"#42a246","colors_dark_line_and_borders":"#334354","colors_cart_dot_dark":"#12908b","colors_cart_dot_text_dark":"#ffffff","colors_icon_rating_dark":"#2cb29b","secondary_background_dark":"#171f1e","secondary_heading_dark":"#ffffff","secondary_text_dark":"#b6cdcc","colors_dark_button":"#2cb29b","colors_dark_button_text":"#ffffff","colors_dark_button_hover":"#12908b","colors_dark_button_text_hover":"#ffffff","colors_dark_button_secondary":"#2cb29b","colors_dark_header_background":"#000000","colors_dark_header_text":"#b2c7c6","colors_dark_header_line":"#b2c7c6","colors_dark_footer_background":"#f7f7f7","colors_dark_footer_heading":"#0a1e33","colors_dark_footer_text":"#334354","colors_dark_footer_textlink":"#2cb29b","colors_dark_footer_line":"#e1e7f5","colors_dark_image_treatment_overlay":"#000000","colors_dark_image_treatment_text":"#ffffff","type_body_font":"harmonia_sans_n4","text_base_size":100,"type_header_font":"harmonia_sans_n6","heading_base_size":100,"heading_text_tranform":"none","type_menu_font":"harmonia_sans_n6","type_button_font":"prompt_n5","edges_type":"rounded_corners","buttons_type":"rounded","buttons_color_mobile":"default","show_icon_button":true,"buttons_animation":"sliced","advanced_sections_spacing":0,"page_width":1400,"card_product_background_color_light":"rgba(0,0,0,0)","card_product_background_color_dark":"rgba(0,0,0,0)","card_product_padding":0,"card_product_padding_mobile":0,"product_image_ratio":"square","product_image_type":"slide_img","transition_arrows":"#12908B","transition_arrows_dark":"#12908B","info_alignment_card_product":"center","low_stock_threshold":4,"products_color_swatches_enable_on_collection_page":true,"products_color_swatches_style":"round","social_twitter_link":"","social_facebook_link":"","social_pinterest_link":"","social_instagram_link":"","social_tiktok_link":"","social_tumblr_link":"","social_snapchat_link":"","social_youtube_link":"","social_vimeo_link":"","social_linkedin_link":"","share_facebook":true,"share_twitter":true,"share_pinterest":true,"search_enabled":true,"search_refined":true,"search_type":"product,page,collection,article","predictive_search_enabled":true,"predictive_search_show_vendor":true,"predictive_search_show_price":true,"search_desktop_maximun_results":6,"search_mobile_maximun_results":3,"search_show_view_more":true,"advanced_show_breadcrumbs":true,"cart_type":"drawer","cart_icon":"icon-cart","cart_show_vendor":false,"show_cart_note":true,"cart_enable_terms_and_conditions":false,"cart_terms_and_conditions_page":"","cart_upsell_product_list":[],"number_of_product_shown":6,"cart_upsell_section_label":"You'll love this too","enable_free_shipping":true,"enable_scroll_top_desktop":true,"currency_code_enable":false,"selected_preset":"swirl","checkout_sidebar_background_color":"#f8f8f8","checkout_accent_color":"#2CB29B","checkout_button_color":"#2CB29B","checkout_error_color":"#E12B28","content_for_index":[]},"Whiff":{"theme_mode_enabled":true,"theme_mode_mode":"switch","colors_background":"#fbf6ee","colors_heading":"#3e2b21","colors_text":"#574136","colors_text_link":"#c2a27a","colors_price":"#c2a27a","colors_price_sale":"#970000","colors_error":"#970000","colors_success":"#3e2b21","colors_line_and_borders":"#dcd6cb","colors_cart_dot":"#574136","colors_cart_dot_text":"#ffffff","colors_icon_rating":"#c2a27a","secondary_background":"#f5f0e7","secondary_heading":"#3e2b21","secondary_text":"#574136","colors_button":"#3e2b21","colors_button_text":"#ffffff","colors_button_hover":"#574136","colors_button_text_hover":"#ffffff","background_button_secondary":"#e3e0db","colors_button_secondary":"#3e2b21","colors_header_background":"#f5f0e7","colors_header_text":"#574136","colors_header_line":"#dcd6cb","colors_footer_background":"#3e2b21","colors_footer_heading":"#dcd6cb","colors_footer_text":"#999999","colors_footer_textlink":"#c2a27a","colors_footer_line":"#574136","colors_image_treatment_overlay":"#3e2b21","colors_image_treatment_text":"#ffffff","colors_dark_background":"#2e1c13","colors_dark_heading":"#ffffff","colors_dark_text":"#f5f0e7","colors_dark_text_link":"#c2a27a","colors_dark_price":"#c2a27a","colors_dark_price_sale":"#970000","colors_dark_error":"#970000","colors_dark_success":"#ffffff","colors_dark_line_and_borders":"#3e2b21","colors_cart_dot_dark":"#dcd6cb","colors_cart_dot_text_dark":"#3e2b21","colors_icon_rating_dark":"#c2a27a","secondary_background_dark":"#34231a","secondary_heading_dark":"#ffffff","secondary_text_dark":"#f5f0e7","colors_dark_button":"#f5f0e7","colors_dark_button_text":"#3e2b21","colors_dark_button_hover":"#dcd6cb","colors_dark_button_text_hover":"#3e2b21","background_dark_button_secondary":"#e3e0db","colors_dark_button_secondary":"#3e2b21","colors_dark_header_background":"#34231a","colors_dark_header_text":"#f5f0e7","colors_dark_header_line":"#3e2b21","colors_dark_footer_background":"#34231a","colors_dark_footer_heading":"#ffffff","colors_dark_footer_text":"#f5f0e7","colors_dark_footer_textlink":"#c2a27a","colors_dark_footer_line":"#3e2b21","colors_dark_image_treatment_overlay":"#2e1c13","colors_dark_image_treatment_text":"#ffffff","type_body_font":"avenir_next_n4","text_base_size":100,"type_header_font":"libre_baskerville_n4","heading_base_size":100,"heading_text_tranform":"none","type_menu_font":"avenir_next_n4","type_button_font":"avenir_next_n4","buttons_type":"square","buttons_animation":"underline","advanced_sections_spacing":0,"page_width":1400,"card_product_background_color_light":"rgba(0,0,0,0)","card_product_background_color_dark":"rgba(0,0,0,0)","card_product_padding":0,"card_product_padding_mobile":0,"product_image_ratio":"3\/4","product_image_type":"hover_to_reveal_second_image","transition_arrows":"#574136","transition_arrows_dark":"#574136","low_stock_threshold":4,"gift_wrapping_product":"14k-yellow-gold-heart-bangle-bracelet","products_color_swatches_enable_on_collection_page":true,"products_color_swatches_style":"round","social_twitter_link":"","social_facebook_link":"","social_pinterest_link":"","social_instagram_link":"","social_tiktok_link":"","social_tumblr_link":"","social_snapchat_link":"","social_youtube_link":"","social_vimeo_link":"","social_linkedin_link":"","share_facebook":true,"share_twitter":true,"share_pinterest":true,"search_enabled":true,"search_type":"product,page,collection,article","predictive_search_enabled":true,"predictive_search_show_vendor":true,"predictive_search_show_price":true,"search_desktop_maximun_results":6,"search_mobile_maximun_results":3,"search_show_view_more":true,"advanced_show_breadcrumbs":true,"cart_type":"drawer","cart_icon":"icon-hand-bag","cart_show_vendor":false,"show_cart_note":true,"cart_enable_terms_and_conditions":false,"cart_terms_and_conditions_page":"","cart_upsell_product_list":[],"number_of_product_shown":6,"cart_upsell_section_label":"You'll love this too","enable_free_shipping":true,"enable_scroll_top_desktop":true,"currency_code_enable":false,"selected_preset":"whiff","checkout_sidebar_background_color":"#f5f0e7","checkout_accent_color":"#3e2b21","checkout_button_color":"#3e2b21","checkout_error_color":"#970000","content_for_index":[]}},"platform_customizations":{"custom_css":[".contact-form-container {background-color: #1c4070; padding: 20px; border-radius: 12px; max-width: 600px; margin: 0 auto; color: white;}",".contact-form-container h2 {color: white; font-size: 24px; margin-bottom: 10px;}",".contact-form-container p {color: white; font-size: 16px; margin-bottom: 20px;}",".contact-form-container input[type=\"text\"],.contact-form-container input[type=\"email\"],.contact-form-container textarea {width: 100%; padding: 10px; margin: 10px 0; border: 1px solid #ccc; border-radius: 6px; box-sizing: border-box; color: black;}",".contact-form-container button,.contact-form-container input[type=\"submit\"] {background-color: #4a90e2 !important; color: white !important; padding: 10px !important; border: none !important; border-radius: 6px !important; cursor: pointer !important; width: 100% !important; text-align: center !important; margin: 10px 0 !important;}",".contact-form-container button:hover,.contact-form-container input[type=\"submit\"]:hover {background-color: #357abd !important;}",".contact-info h4 {color: white;}",".contact-info h2 {color: white;}","button.chat-toggle {height: 40px !important; width: 40px !important;}","button.chat-toggle.chat-toggle--icon-button.icon-only svg,button.chat-toggle.chat-toggle--icon-button.mobile-only svg {height: 35px !important;}",".betterPriceLink:hover {color: black !important;}","#product_samples_app_block_LyfNcF .product-samples-button:hover {color: black !important;}",".message-bar {z-index: 9 !important;}",".button-action {background-color: #10d7e2 \/*12908B*\/ !important;}"]}}